fact_id,source_id,publisher,doc_type,species,substance,scientific_name,toxic_part,threshold_type,dose,unit,max_value,basis,life_stage,feeding_level,triage_level,effect,signs,onset,escalation_conditions,quote,locator,accessed_at,citation,extracted_by,note
F-003-001,S-003,AAV 미국조류수의사회,toxicity_food,bird,아보카도,,과육,,,,,,,NEVER,,,,,,,"""Foods to Avoid"" 절",2026-07-31,,ohb,"원문은 독성 성분을 'glycosides' 로만 기술 — 같은 그룹의 S-005·S-091·S-007 은 persin 으로 기술. 성분명 불일치, 원문 표현대로 두고 팀장 확인. 구체적 병태 서술 없어 effect 공란. ※ 배정표 accessed_at(2026-07-31)과 스냅샷 frontmatter(2026-07-30)가 불일치 — 지침대로 배정표 값 사용(8건 전부 동일)."
F-003-002,S-003,AAV 미국조류수의사회,toxicity_food,bird,초콜릿(테오브로민),,,,,,,,,NEVER,,과다행동|경련,과다행동|경련,,,,"""Foods to Avoid"" 절",2026-07-31,,ohb,원문 'If overdosed' 라고만 하고 수치 없음 — dose·threshold_type 공란.
F-003-003,S-003,AAV 미국조류수의사회,toxicity_food,bird,고지방·고염분·고당분 식품,,,,,,,,,NEVER,,비만|만성 간질환,,,,,"""Foods to Avoid"" 절",2026-07-31,,ohb,원문: 새는 섭취량을 과소평가하기 쉽다고 경고.
F-003-004,S-003,AAV 미국조류수의사회,toxicity_food,bird,알코올 음료,,,,,,,,,NEVER,,중독(intoxication),,,,,"""Foods to Avoid"" 절",2026-07-31,,ohb,원문: 새는 체구가 작아 매우 쉽게 중독된다고만 서술 — 수치 없음.
F-003-005,S-003,AAV 미국조류수의사회,nutrition,bird,그릿(grit),,,,,,,,,CAUTION,,,,,,,"""Grit"" 절",2026-07-31,,ohb,원문: 대부분의 앵무류에는 일반적으로 권장하지 않음. 단 카나리아·핀치·비둘기·집비둘기에는 굴껍질 분말 형태 그릿을 권장 — 종에 따라 판정이 갈리므로 CAUTION 으로 통일. 팀장 확인.
F-003-006,S-003,AAV 미국조류수의사회,nutrition,bird,소금 블록(salt block),,,,,,,,,NEVER,,,,,,,"""Other Supplements"" 절",2026-07-31,,ohb,원문 'Salt blocks should not be offered to birds.' — 사유는 서술되지 않음.
F-003-007,S-003,AAV 미국조류수의사회,nutrition,bird,비타민 보충제,,,,,,,,,CAUTION,,,,,,,"""Feeding Tips"" 절 · ""Other Supplements"" 절",2026-07-31,,ohb,원문: 건강한 식이를 하는 새에게는 불필요하며 조류 수의사 권고 시에만 급여. '금지'가 아니라 '수의사 지시 하에'이므로 CAUTION.
F-003-008,S-003,AAV 미국조류수의사회,nutrition,bird,포뮬러 사료(펠릿),,,,,,,,,,,필수 영양소 균형 공급,,,,,"""Formulated Diets"" 절",2026-07-31,,ohb,원문은 권장 급여 항목이나 조류 특칙(D-39)상 feeding_level=SAFE 를 쓸 수 없어 공란. 원문 단서: 펠릿은 씨앗·견과 혼합보다 영양 균형이 우수하나 기호성이 낮고 새가 먹이로 인식하지 못할 수 있음.
F-003-009,S-003,AAV 미국조류수의사회,nutrition,bird,정제 곡물(흰쌀·흰빵·파스타),,,,,,,,,CAUTION,,,,,,,"""Vegetables, Fruits and Whole Grains"" 절",2026-07-31,,ohb,원문 'Avoid bleached and processed grains' — 대신 현미·야생미·통곡빵 권장. 독성이 아니라 영양 권고.
F-003-010,S-003,AAV 미국조류수의사회,nutrition,bird,저철분 식이(로리·로리키트·투칸·구관조),,,,,,,,,,,,,,,,"""Specialized Diets"" 절",2026-07-31,,ohb,원문: 로리·로리키트는 야생에서 화밀식이며 저철분 액상 사료·매쉬를 급여. 투칸·투카넷·구관조도 저철분 식이 필요. 특정 종에 한정된 권고이나 species 컬럼에 해당 값이 없어 bird 유지 — 팀장 확인.
F-005-001,S-005,Lafeber Vet,toxicity_food,bird,초콜릿(테오브로민·카페인),,,,,,,,,NEVER,,사망 가능,과다행동|심박수 증가|떨림|발작,,,,"""List #1: Do NOT Feed Your Bird…"" 절",2026-07-31,"Cole G, Murray M. Suspected chocolate toxicosis in an African grey parrot. Proc Assoc Avian Vet 2005; Gartrell BD, Reid C. N Z Vet J 55(3):149-151, 2007",ohb,원문 'ingested at a toxic dose' 라는 표현만 있고 수치 없음 — dose·threshold_type 공란. 원문: 다크·쓴맛일수록 독성이 강함. citation 은 원문 말미 References 목록에서 대응 추정 — 본문 내 인라인 인용은 아님. 팀장 확인.
F-005-002,S-005,Lafeber Vet,toxicity_food,bird,아보카도(퍼신),,전체(식물 전 부위),,,,,,,NEVER,,심장 독성,호흡곤란,12시간,,,"""List #1: Do NOT Feed Your Bird…"" 절",2026-07-31,"Hargis AM, Stauber E, Casteel S, Eitner D. J Am Vet Med Assoc 194(1):64-66, 1989; Burger WP, et al. J S Afr Vet Assoc 65(3):113-118, 1994",ohb,원문: 섭취 후 1~2일 이내 사망 가능. 카나리아·버지(잉꼬) 등 소형조류가 더 민감하나 타조 등 타 종에서도 임상징후 보고. 학명 Persea americana 는 본문이 아닌 참고문헌에만 등장하여 scientific_name 공란. citation 은 원문 말미 References 목록에서 대응 추정 — 본문 내 인라인 인용은 아님. 팀장 확인.
F-005-003,S-005,Lafeber Vet,toxicity_food,bird,양파·마늘(Allium),,,,,,,,,NEVER,,치명적 중독,,,,,"""List #1: Do NOT Feed Your Bird…"" 절",2026-07-31,"Crespo R, Chin RP. J Vet Diagn Invest 16(4):321-325, 2004; Wade LL, Newman SJ. J Avian Med Surg 18(3):155-161, 2004",ohb,"원문: 마늘가루·양파수프믹스 등 농축 형태가 생채소보다 강함. 대파를 다량 급여한 거위, 마늘을 다량 급여한 코뉴어에서 치사 독성 보고 — '다량'이라고만 하고 수치 없음. 개·고양이 독성 지식에서 차용된 정보라고 원문이 명시. citation 은 원문 말미 References 목록에서 대응 추정 — 본문 내 인라인 인용은 아님. 팀장 확인."
F-005-004,S-005,Lafeber Vet,toxicity_food,bird,컴프리(comfrey),,,,,,,,,NEVER,,간 손상,,,,,"""List #1: Do NOT Feed Your Bird…"" 절",2026-07-31,"Stickel F, Setiz HK. Public Health Nutr 3(4A):501-508, 2000",ohb,원문 근거는 사람 의학 연구 — 조류 직접 근거 아님. 일부 카나리아 브리더가 사용한다고 원문이 언급. citation 은 원문 말미 References 목록에서 대응 추정 — 본문 내 인라인 인용은 아님. 팀장 확인.
F-005-005,S-005,Lafeber Vet,toxicity_food,bird,핵과 씨앗·사과씨(시안화물),,씨,,,,,,,NEVER,,시안화물 중독,,,,,"""List #1: Do NOT Feed Your Bird…"" 절",2026-07-31,,ohb,원문: 사과씨와 체리·자두·살구·복숭아 씨에 시안화물 함유. 함량 수치 없어 threshold_type 공란.
F-005-006,S-005,Lafeber Vet,toxicity_food,bird,고지방·고염분·고당분 식품,,,,,,,,,NEVER,,중대한 건강 문제,,,,,"""List #1: Do NOT Feed Your Bird…"" 절",2026-07-31,,ohb,원문 'Although not technically toxic' — 엄밀히는 독성이 아니라고 명시했으나 List #1(절대 급여 금지)에 배치되어 NEVER.
F-005-007,S-005,Lafeber Vet,toxicity_food,bird,자일리톨(무설탕 캔디),,,,,,,,,NEVER,,저혈당|간 손상,,,,,"""List #1: Do NOT Feed Your Bird…"" 절",2026-07-31,,ohb,원문이 제시한 근거는 개(dogs)에서의 보고뿐 — 조류 직접 근거 아님. 그럼에도 List #1 에 배치.
F-005-008,S-005,Lafeber Vet,toxicity_food,bird,유제품(유당),,,,,,,,,CAUTION,,설사,설사,,,,"""List #2: PROBABLY Should Not Be Fed to Your Bird…"" 절",2026-07-31,,ohb,List #2(권장하지 않으나 사고 없이 급여되기도 함) 항목. 원문: 검사된 조류 종은 유당을 소화하지 못하며 식이 내 유제품 비율이 늘수록 설사 발생.
F-005-009,S-005,Lafeber Vet,toxicity_food,bird,곰팡이 핀 땅콩·곡물(진균 독소),,,,,,,,,CAUTION,,,,,,,"""List #3: Can Be Fed to Your Bird with CAUTION"" 절",2026-07-31,,ohb,"원문: 곰팡이 핀 땅콩·땅콩 제품, 옥수수 등 곡물이 독소 생성 진균에 오염될 수 있음. 독소명(아플라톡신) 은 원문에 없어 미기재."
F-005-010,S-005,Lafeber Vet,toxicity_plant,bird,가지과 식물체(녹색 토마토·감자·고추·가지),,잎|줄기(식물체),,,,,,,CAUTION,,,,,,,"""List #3: Can Be Fed to Your Bird with CAUTION"" 절",2026-07-31,,ohb,원문: 열매는 먹을 수 있으나 식물체 자체는 독성. 열매 급여 가부와 식물체 독성이 갈리므로 CAUTION 으로 기재.
F-005-011,S-005,Lafeber Vet,toxicity_plant,bird,대황 잎(옥살산 결정),,잎,,,,,,,CAUTION,,신장 문제,,,,,"""List #3: Can Be Fed to Your Bird with CAUTION"" 절",2026-07-31,,ohb,
F-005-012,S-005,Lafeber Vet,nutrition,bird,그릿(grit),,,,,,,,,CAUTION,,장 폐색 가능,,,,,"""List #3: Can Be Fed to Your Bird with CAUTION"" 절",2026-07-31,,ohb,"원문: 비둘기·집비둘기처럼 씨앗을 통째 삼키는 종에는 소화에 도움이 되나, 껍질을 까는 앵무류에는 필수가 아님. 아픈 새가 그릿을 과식해 장 폐색으로 이어질 수 있음."
F-005-013,S-005,Lafeber Vet,toxicity_food,bird,거짓 곰보버섯(Gyromitra),Gyromitra,,,,,,,,NEVER,,사망 가능,,,,,"""A special note on mushrooms"" 절",2026-07-31,"Brozen R. Gyromitra toxin toxicity. Medscape. Nov 17, 2011",ohb,원문: 사람이 먹을 수 있는 버섯은 반려동물에게도 안전하다고 보나 거짓 곰보버섯은 절대 급여 금지. 가열해도 독성이 완전히 없어지지 않음. citation 은 원문 말미 References 목록에서 대응 추정 — 본문 내 인라인 인용은 아님. 팀장 확인.
F-007-001,S-007,ASPCA,toxicity_food,bird,아보카도(퍼신),,껍질|과육,,,,,,,NEVER,CALL_NOW,심장 손상|사망,,,,,"""Avocados and Fireflies"" 절",2026-07-31,,ohb,원문 'Avocados are deadly for birds'. 원문 말미 문서 전체 지시: '중독물 섭취가 의심되면 즉시 수의사 또는 ASPCA APCC(888-426-4435)에 연락' — 항목별 지시가 아닌 문서 단위 지시라 triage_level 부여. 팀장 확인.
F-007-002,S-007,ASPCA,emergency,bird,PTFE(테플론) 과열 흄,,,,,,,,,,CALL_NOW,폐 울혈|간 부전|사망,,,,,"""Airborne Toxins"" 절",2026-07-31,,ohb,원문: 과열 시 소형조류를 수 분 내에 폐사시키며 일부 PTFE 제품은 상온에서도 가스를 방출. 조류는 기낭 호흡 구조상 흡입 독소에 더 오래 노출됨. doc_type 6종에 '생활용품/흡입 독성'이 없어 emergency 로 분류 — 팀장 확인 필요. 원문 말미 문서 전체 지시: '중독물 섭취가 의심되면 즉시 수의사 또는 ASPCA APCC(888-426-4435)에 연락' — 항목별 지시가 아닌 문서 단위 지시라 triage_level 부여. 팀장 확인.
F-007-003,S-007,ASPCA,toxicity_plant,bird,아잘레아(그레이아노톡신),,,,,,,,,,,위장관 증상|심장 손상,,,,,"""Plants"" 절",2026-07-31,,ohb,원문: 그레이아노톡신이 체내 나트륨 채널을 방해. 해독제가 없고 대증치료뿐이므로 접근 자체를 차단하라고 지시. 원문은 조류·파충류·양서류를 함께 다루나 본 행은 조류 기준으로 기재. 원문 말미 문서 전체 지시: '중독물 섭취가 의심되면 즉시 수의사 또는 ASPCA APCC(888-426-4435)에 연락' — 항목별 지시가 아닌 문서 단위 지시라 triage_level 부여. 팀장 확인.
F-007-004,S-007,ASPCA,toxicity_plant,bird,"월계수(laurel, 그레이아노톡신)",,,,,,,,,,,위장관 증상|심장 손상,,,,,"""Plants"" 절",2026-07-31,,ohb,아잘레아·로도덴드론과 동일 독소로 원문에 나란히 기술. 해독제 없음.
F-007-005,S-007,ASPCA,toxicity_plant,bird,로도덴드론(그레이아노톡신),,,,,,,,,,,위장관 증상|심장 손상,,,,,"""Plants"" 절",2026-07-31,,ohb,아잘레아·월계수와 동일 독소로 원문에 나란히 기술. 해독제 없음.
F-007-006,S-007,ASPCA,toxicity_plant,bird,"주목(yew, 탁신)",,,,,,,,,,,심장 손상,,,,,"""Plants"" 절",2026-07-31,,ohb,원문: taxine 으로 인한 심장 손상. 해독제 없이 대증치료.
F-007-007,S-007,ASPCA,toxicity_plant,bird,피마자씨(castor bean),,씨,,,,,,,,,,,,,,"""Plants"" 절",2026-07-31,,ohb,원문은 '주의할 식물'로 이름만 나열하고 병태·증상은 서술하지 않음 — effect·signs 공란.
F-007-008,S-007,ASPCA,toxicity_plant,bird,소철(sago palm),,,,,,,,,,,,,,,,"""Plants"" 절",2026-07-31,,ohb,원문은 '주의할 식물'로 이름만 나열하고 병태·증상은 서술하지 않음 — effect·signs 공란.
F-007-009,S-007,ASPCA,toxicity_plant,bird,아이비(ivy) 일부 종,,,,,,,,,,,,,,,,"""Plants"" 절",2026-07-31,,ohb,원문 'some forms of ivy' — 어떤 종인지 특정하지 않음. 범위가 모호하므로 팀장 확인.
F-071-001,S-071,AAV 미국조류수의사회,emergency,bird,납(lead) 중독,,,,,,,,,,CALL_NOW,중금속 중독|사망,구토(토출)|무기력|쇠약|적색뇨|발작|근육경련|마비,,,,"""Don't Let Your Bird Chew on Household Items"" 절 — ""Lead"" 항목",2026-07-31,,ohb,"원문 가정 내 납 노출원: 스테인드글라스, 납 땜, 오래된 집의 페인트, 커튼 추, 모조 장신구, 낚시 봉돌, 오래된 베네치안 블라인드·리놀륨, 조악한 새 장난감. 납은 단맛이 나 새가 잘 삼킨다고 원문이 설명. doc_type 6종에 '생활용품 독성'이 없어 emergency 로 분류. 원문 'seek help immediately from an avian veterinarian' — 지침 대응표상 '수의사에게 연락'과 '즉시 응급실'의 중간 표현이라 CALL_NOW 로 판정. 팀장 확인."
F-071-002,S-071,AAV 미국조류수의사회,emergency,bird,아연(zinc) 중독,,,,,,,,,,CALL_NOW,중금속 중독,무기력|쇠약|설사|구토(토출)|음수량 증가,,,,"""Don't Let Your Bird Chew on Household Items"" 절 — ""Zinc"" 항목",2026-07-31,,ohb,"원문 노출원: 아연도금 철망 케이지, 금속 부속, 1982년 이후 주조된 미국 페니 동전. 원문 'seek help immediately from an avian veterinarian' — 지침 대응표상 '수의사에게 연락'과 '즉시 응급실'의 중간 표현이라 CALL_NOW 로 판정. 팀장 확인."
F-071-003,S-071,AAV 미국조류수의사회,emergency,bird,니코틴(담배·전자담배·니코틴 껌/패치),,,,,,,,,,CALL_NOW,니코틴 중독,떨림|구토|설사|발작|혼수,,,,"""Don't Let Your Bird Chew on Household Items"" 절 — ""Tobacco and Marijuana"" 항목",2026-07-31,,ohb,원문: 니코틴 껌 같은 식용 제품은 새에게도 기호성이 있어 특히 위험. 원문 'seek help immediately from an avian veterinarian' — 지침 대응표상 '수의사에게 연락'과 '즉시 응급실'의 중간 표현이라 CALL_NOW 로 판정. 팀장 확인.
F-071-004,S-071,AAV 미국조류수의사회,emergency,bird,대마초(마리화나),,,,,,,,,,CALL_NOW,마리화나 중독,침울|쇠약|균형 상실|발작,,,,"""Don't Let Your Bird Chew on Household Items"" 절 — ""Tobacco and Marijuana"" 항목",2026-07-31,,ohb,원문: 마리화나 성분이 든 식품(edible)은 기호성 때문에 특히 주의. 원문 'seek help immediately from an avian veterinarian' — 지침 대응표상 '수의사에게 연락'과 '즉시 응급실'의 중간 표현이라 CALL_NOW 로 판정. 팀장 확인.
F-071-005,S-071,AAV 미국조류수의사회,emergency,bird,PTFE(폴리테트라플루오로에틸렌) 과열 흄,,,,,,,,,,EMERGENCY,흡입 독성|사망,호흡곤란|운동실조|쇠약|혼수,,,,"""Avoid Toxic Fumes"" 절 — ""Polytetrafluoroethylene (PTFE)"" 항목",2026-07-31,,ohb,"⚠️ 원문에 분해 임계 온도 536°F (280°C) 가 명시되어 있음 — 체중당 임계치가 아닌 온도값이므로 조류 특칙(D-09)에 따라 dose 를 비우고 여기에 보존한다. 팀장 확인. 같은 그룹 S-074 는 530°F(280°C), S-078 은 260°C(500°F)로 기재 — 세 자료 간 불일치. 원문 노출원: 논스틱 조리기구, 에어프라이어, 다리미, 다리미판 커버, 자가세척 오븐, 히트램프. 원문 'Once birds are showing symptoms, seek emergency medical treatment immediately' 및 '신속히 치료해도 흡입한 새는 흔히 사망' → EMERGENCY 로 판정. 팀장 확인."
F-071-006,S-071,AAV 미국조류수의사회,emergency,bird,연기(담배·마리화나·매연·자가세척 오븐·조리 연기),,,,,,,,,,,흡입 독성,충혈된 눈|부비동 염증|호흡곤란|피부 갈라짐·자극,수 시간,,,"""Avoid Toxic Fumes"" 절 — ""Smoke"" 항목",2026-07-31,,ohb,원문: 만성 노출 개체가 가장 큰 영향을 받으며 장기 노출 시 호흡기 영구 손상·심혈관 질환. 일산화탄소·시안화수소·산성 흄·미세입자가 PTFE 와 유사한 증상을 유발하고 증상 발현까지 수 시간 걸릴 수 있음. 니코틴 제품 섭취는 급속히 치명적일 수 있다고 원문이 별도로 경고. 행동 지시 문구가 없어 triage_level 공란.
F-071-007,S-071,AAV 미국조류수의사회,toxicity_plant,bird,크라운 베치,Coronilla varia,,,,,,,,,CALL_NOW,,,,,,"""Don't Let Your Bird Chew on Household Items"" 절 — ""Common Plants"" 항목",2026-07-31,,ohb,원문: 이 식물을 먹고 중독된 새의 보고가 있음(reports of birds being poisoned). 구체 증상은 미기재. 원문 'seek help immediately from an avian veterinarian' — 지침 대응표상 '수의사에게 연락'과 '즉시 응급실'의 중간 표현이라 CALL_NOW 로 판정. 팀장 확인.
F-071-008,S-071,AAV 미국조류수의사회,toxicity_plant,bird,로도덴드론(진달래속),Rhododendron species,,,,,,,,,CALL_NOW,,,,,,"""Don't Let Your Bird Chew on Household Items"" 절 — ""Common Plants"" 항목",2026-07-31,,ohb,원문: 조류 중독 보고 존재. 구체 증상은 미기재. 원문 'seek help immediately from an avian veterinarian' — 지침 대응표상 '수의사에게 연락'과 '즉시 응급실'의 중간 표현이라 CALL_NOW 로 판정. 팀장 확인.
F-071-009,S-071,AAV 미국조류수의사회,toxicity_plant,bird,칼랑코에,Kalanchoe species,,,,,,,,,CALL_NOW,,,,,,"""Don't Let Your Bird Chew on Household Items"" 절 — ""Common Plants"" 항목",2026-07-31,,ohb,원문: 조류 중독 보고 존재. 구체 증상은 미기재. 원문 'seek help immediately from an avian veterinarian' — 지침 대응표상 '수의사에게 연락'과 '즉시 응급실'의 중간 표현이라 CALL_NOW 로 판정. 팀장 확인.
F-071-010,S-071,AAV 미국조류수의사회,toxicity_plant,bird,협죽도(oleander),,,,,,,,,,,심장 손상,,,,,"""Don't Let Your Bird Chew on Household Items"" 절 — ""Common Plants"" 항목",2026-07-31,,ohb,원문은 협죽도·주목·은방울꽃·디기탈리스를 '심장에 손상을 주는 식물'로 묶어 나열. 개별 증상 서술은 없음.
F-071-011,S-071,AAV 미국조류수의사회,toxicity_plant,bird,도토리·참나무 잎(타닌),,열매(도토리)|잎,,,,,,,,,간 손상,,,,,"""Don't Let Your Bird Chew on Household Items"" 절 — ""Common Plants"" 항목",2026-07-31,,ohb,
F-071-012,S-071,AAV 미국조류수의사회,toxicity_food,bird,초콜릿·카페인,,,,,,,,,NEVER,,심장 부정맥,심장 부정맥|불안|발작,,,,"""Be Careful with Human Food"" 절",2026-07-31,,ohb,
F-071-013,S-071,AAV 미국조류수의사회,toxicity_food,bird,아보카도,,,,,,,,,NEVER,,폐수종|심부전,,,,,"""Be Careful with Human Food"" 절",2026-07-31,,ohb,원문 'toxic to many birds' — 모든 조류라고 단정하지 않음.
F-071-014,S-071,AAV 미국조류수의사회,toxicity_food,bird,양파·마늘(Allium),,,,,,,,,NEVER,,빈혈|간 손상,,,,,"""Be Careful with Human Food"" 절",2026-07-31,,ohb,원문 'toxic to many species' — 종 범위를 단정하지 않음.
F-071-015,S-071,AAV 미국조류수의사회,toxicity_food,bird,자일리톨,,,,,,,,,NEVER,,치명적 저혈당,,,,,"""Be Careful with Human Food"" 절",2026-07-31,,ohb,"원문: 새·개 등에서 치명적인 저혈당을 유발할 수 있음. 같은 절에서 염분 중독(salt toxicity)과 Prunus·Malus 씨앗의 시안화물도 함께 경고하나, 사과씨는 '가끔 한 알은 해롭지 않다'고 기술 — S-005·S-091 의 '절대 금지' 서술과 강도가 다름. 팀장 확인."
F-074-001,S-074,Companion Pet Magazine (상업),emergency,bird,PTFE(테플론) 과열 흄,,,,,,,,,,CALL_NOW,중증 호흡곤란|사망,개구호흡|꼬리 흔들림(tail bobbing)|거친 호흡|혼수|횃대에서 떨어짐,,,,"""Why are nonstick pans dangerous to birds?"" 절 · ""Symptoms of Teflon toxicity in birds"" 절",2026-07-31,,ohb,"⚠️ 원문에 임계 온도 530°F (280° Celsius) 가 명시 — 체중당 임계치가 아니므로 조류 특칙(D-09)에 따라 dose 공란, 값은 여기에 보존. 팀장 확인. S-071 은 같은 임계를 536°F(280°C), S-078 은 260°C(500°F)로 기재하여 화씨/섭씨 환산이 서로 맞지 않음(530°F≒277°C, 536°F=280°C, 500°F≒260°C) — 자료 간 불일치. 원문: 냄비가 빈 채로 가열되는 상황이 대표적. 치명적인 경우가 많아 진료 기회조차 없는 경우가 흔함. 소형조류일수록 더 적은 가스량으로 더 빨리 발현. triage 는 원문 'Call your veterinary clinic immediately to let them know you're on your way' → CALL_NOW. 출처가 상업 매거진(tier 3)임에 유의."
F-074-002,S-074,Companion Pet Magazine (상업),emergency,bird,논스틱(PTFE) 코팅 조리기구·가전,,,,,,,,,,,,,,,,"""Do you have toxic cookware in your home?"" 절",2026-07-31,,ohb,"원문 열거: 쿠키시트·머핀팬·케이크팬·빵틀·번트팬 등 베이크웨어, 소스팬, 프라이팬, 로스팅팬, 수란기, 논스틱 코팅 오븐·그릴판·전기팬·공간히터, 가스레인지 드립팬. 테플론 브랜드가 아니어도 PTFE 함유면 독성. 물질이 아니라 노출원 목록이라 effect·signs 공란."
F-074-003,S-074,Companion Pet Magazine (상업),emergency,bird,테플론 중독 의심 시 응급 조치,,,,,,,,,,CALL_NOW,,,,호흡곤란 징후가 보임|테플론 노출이 의심됨,,"""What to do if you suspect your bird has been poisoned"" 절",2026-07-31,,ohb,원문 조치 순서: ① 문제 조리기구를 즉시 집 밖으로 치우고 열원을 끈다 ② 집안 모든 창문을 연다 ③ 실링팬·바닥팬·환풍기·다락팬을 가동한다 ④ 동물병원에 즉시 전화해 테플론 중독 의심 조류를 데려간다고 알린다. 생존 시 병원에서 산소방·항생제·이뇨제 처치. 물질이 아닌 '상황' 행(지침 §분량과 우선순위).
F-074-004,S-074,Companion Pet Magazine (상업),emergency,bird,마모·손상된 논스틱 조리기구,,,,,,,,,,,,,,,,"""Prevent Teflon toxicity in your home"" 절",2026-07-31,,ohb,"원문 예방 지침: 조리기구를 가스레인지에 방치하지 말 것(과열이 주원인), 마모·손상 징후가 보이면 폐기, 새장을 주방에서 떨어진 곳으로 옮길 것. 완전 제거가 최선이라고 원문이 명시."
F-078-001,S-078,Zubair Khalid DVM (개인 사이트),emergency,bird,PTFE·PFOA 논스틱 조리기구 흄,,,,,,,,,,,급성 폐출혈|폐수종|수 분 내 사망,,,,,"""Cookware: The Hidden Danger of Non-Stick Surfaces"" 절",2026-07-31,Merck Veterinary Manual,ohb,"⚠️ 원문에 임계 온도 260°C (500°F) 가 명시 — 체중당 임계치가 아니므로 조류 특칙(D-09)에 따라 dose 공란, 값은 여기에 보존. 팀장 확인. S-071(536°F/280°C)·S-074(530°F/280°C)와 불일치. 원문: 코넬 수의대는 자가세척 사이클 중과 이후 24시간 동안 새를 완전히 격리하라고 권고. 행동 지시 문구가 없어 triage_level 공란. ⚠️ 본 자료는 AI 생성이 의심되는 개인 사이트(01b 판정 유지) — 단독 근거로 사용 금지, 교차검증 필요."
F-078-002,S-078,Zubair Khalid DVM (개인 사이트),emergency,bird,에어로졸 제품(헤어스프레이·데오도런트·방향제·스프레이 세정제·살충제·스프레이 페인트),,,,,,,,,,,육아종성 폐렴(만성 노출),호흡곤란|개구호흡|꼬리 흔들림|무기력|급성 허탈,,,,"""Aerosols: Invisible Threats in a Can"" 절",2026-07-31,VCA Animal Hospitals,ohb,"원문 대체 지침: 에어로졸 전면 배제, 펌프 스프레이·롤온·크림·고형 스틱으로 전환. 불가피하면 새를 문·창을 닫은 별도 방에 격리하고 사용 후 30분 대기 후 충분히 환기한 뒤 복귀시킬 것(수치는 절차 시간이지 용량이 아님). ⚠️ 본 자료는 AI 생성이 의심되는 개인 사이트(01b 판정 유지) — 단독 근거로 사용 금지, 교차검증 필요."
F-078-003,S-078,Zubair Khalid DVM (개인 사이트),emergency,bird,표백제(차아염소산나트륨),,,,,,,,,,,중증 호흡기 자극|사망 가능,,,,,"""Cleaners: Choosing Bird-Safe Disinfectants and Detergents"" 절",2026-07-31,CVMA,ohb,"원문: CVMA 는 케이지 소독에 한해 1:32 희석 표백제만 사용하고 별도 공간에서 충분히 헹구라고 권고 (희석 배수는 용량 임계치가 아니므로 dose 공란, 값은 여기에 보존). ⚠️ 본 자료는 AI 생성이 의심되는 개인 사이트(01b 판정 유지) — 단독 근거로 사용 금지, 교차검증 필요."
F-078-004,S-078,Zubair Khalid DVM (개인 사이트),emergency,bird,암모니아,,,,,,,,,,,호흡상피 손상|각막 화상,,,,,"""Toxic Ingredients to Avoid"" 항목",2026-07-31,,ohb,"⚠️ 본 자료는 AI 생성이 의심되는 개인 사이트(01b 판정 유지) — 단독 근거로 사용 금지, 교차검증 필요."
F-078-005,S-078,Zubair Khalid DVM (개인 사이트),emergency,bird,페놀계 세정제(라이솔·파인솔),,,,,,,,,,,간 부전|신부전,,,,,"""Toxic Ingredients to Avoid"" 항목",2026-07-31,,ohb,"원문: 조류는 페놀을 피부와 호흡기로 흡수. ⚠️ 본 자료는 AI 생성이 의심되는 개인 사이트(01b 판정 유지) — 단독 근거로 사용 금지, 교차검증 필요."
F-078-006,S-078,Zubair Khalid DVM (개인 사이트),emergency,bird,향초·왁스멜트·인센스·플러그인 방향제(VOC),,,,,,,,,,,호흡기 영향,,,,,"""Candles and Air Fresheners: Scented Hazards"" 절",2026-07-31,AVMA,ohb,"원문: '천연'·'소이' 표방 제품이라도 합성 향료나 납심지가 있으면 유해 물질 방출. ⚠️ 본 자료는 AI 생성이 의심되는 개인 사이트(01b 판정 유지) — 단독 근거로 사용 금지, 교차검증 필요."
F-078-007,S-078,Zubair Khalid DVM (개인 사이트),emergency,bird,에센셜 오일(티트리·유칼립투스·페퍼민트·시트러스),,,,,,,,,,,,,,,,"""Candles and Air Fresheners: Scented Hazards"" 절 — Note",2026-07-31,FVE,ohb,"원문: 다수의 에센셜 오일이 조류에 독성이므로 전면 회피. 다만 같은 절에서 라벤더·캐모마일은 '조류 안전 오일'로 예시하면서 새와 떨어뜨려 두라고 하여 서술이 상충 — 팀장 확인. FVE 는 향 제품이 없는 방에서 사육할 것을 권고. ⚠️ 본 자료는 AI 생성이 의심되는 개인 사이트(01b 판정 유지) — 단독 근거로 사용 금지, 교차검증 필요."
F-078-008,S-078,Zubair Khalid DVM (개인 사이트),emergency,bird,담배 연기(실내 흡연),,,,,,,,,,,만성 호흡기 질환|종양,깃털 뽑기|호흡기 질환,,,,"""Air Quality: The Foundation of Avian Health"" 절",2026-07-31,,ohb,"원문: 실내 흡연 금지, 옷에 남은 잔류 연기도 위험. ⚠️ 본 자료는 AI 생성이 의심되는 개인 사이트(01b 판정 유지) — 단독 근거로 사용 금지, 교차검증 필요."
F-078-009,S-078,Zubair Khalid DVM (개인 사이트),emergency,bird,오존 발생·이온식 공기청정기,,,,,,,,,,,,,,,,"""Creating a Bird-Safe Indoor Environment"" 항목",2026-07-31,,ohb,"원문: HEPA 필터는 권장하되 오존을 발생시키는 이온식 청정기는 피할 것(오존은 조류에 독성). 같은 항목에 권장 상대습도 40~60% 가 제시되어 있으나 용량 임계치가 아니므로 dose 공란. ⚠️ 본 자료는 AI 생성이 의심되는 개인 사이트(01b 판정 유지) — 단독 근거로 사용 금지, 교차검증 필요."
F-091-001,S-091,Lafeber,toxicity_food,bird,초콜릿(테오브로민·카페인),,,,,,,,,NEVER,,사망 가능,과다행동|심박수 증가|떨림|발작,,,,"""Foods On Your Avian Vet's Do Not Feed List"" 절 — ""Chocolate"" 항목",2026-07-31,,ohb,원문 'ingested at a toxic dose' 표현만 있고 수치 없음 — dose·threshold_type 공란. 다크·쓴맛일수록 독성 강함.
F-091-002,S-091,Lafeber,toxicity_food,bird,아보카도(퍼신),,전체(식물 전 부위),,,,,,,NEVER,,심장 독성,호흡곤란,12시간,,,"""Foods On Your Avian Vet's Do Not Feed List"" 절 — ""Avocado"" 항목",2026-07-31,,ohb,원문: 섭취 후 1~2일 이내 사망 가능. 카나리아·버지 등 소형조류가 더 민감하나 다른 종에서도 임상징후 관찰. 퍼신을 'fungicidal toxin' 으로 기술(S-005 는 'toxic principle' 로만 기술).
F-091-003,S-091,Lafeber,toxicity_food,bird,양파·마늘(Allium),,,,,,,,,NEVER,,치명적 중독,,,,,"""Foods On Your Avian Vet's Do Not Feed List"" 절 — ""Onion & Garlic"" 항목",2026-07-31,,ohb,"원문: 마늘가루·양파수프믹스 등 농축 형태가 더 강함. 대파를 다량 급여한 거위, 마늘을 다량 급여한 코뉴어에서 치사 독성 보고 — 수치 없음."
F-091-004,S-091,Lafeber,toxicity_food,bird,컴프리(comfrey),,,,,,,,,NEVER,,간 손상,,,,,"""Foods On Your Avian Vet's Do Not Feed List"" 절 — ""Comfrey"" 항목",2026-07-31,,ohb,원문 근거는 사람 의학 연구 — 조류 직접 근거 아님.
F-091-005,S-091,Lafeber,toxicity_food,bird,핵과 씨앗·사과씨(시안화물),,씨,,,,,,,NEVER,,시안화물 중독,,,,,"""Foods On Your Avian Vet's Do Not Feed List"" 절 — ""Fruit Pits & Apple Seeds"" 항목",2026-07-31,,ohb,원문: 깍둑썬 사과 과육은 괜찮으나 씨는 반드시 제거. 체리·자두·살구·복숭아 씨는 절대 씹게 하지 말 것. S-071 은 '가끔 한 알은 해롭지 않다'고 하여 강도가 다름 — 팀장 확인.
F-091-006,S-091,Lafeber,toxicity_food,bird,고지방·고염분·고당분 식품,,,,,,,,,NEVER,,중대한 건강 문제,,,,,"""Foods On Your Avian Vet's Do Not Feed List"" 절 — ""High-Fat, High-Sodium, High-Sugar Foods"" 항목",2026-07-31,,ohb,원문 'Although not technically toxic' — 엄밀히는 독성이 아니라고 명시. 소스·소금·버터를 넣기 전 면만 주라고 예시.
F-091-007,S-091,Lafeber,toxicity_food,bird,자일리톨(무설탕 캔디),,,,,,,,,NEVER,,중증 저혈당|간 손상,,,,,"""Foods On Your Avian Vet's Do Not Feed List"" 절 — ""Sugar-Free Candy"" 항목",2026-07-31,,ohb,원문이 제시한 근거는 개에서의 보고뿐 — 조류 직접 근거 아님.
F-091-008,S-091,Lafeber,toxicity_food,bird,곰팡이 핀 땅콩·곡물(진균 독소),,,,,,,,,CAUTION,,,,,,,"""Not Recommended But Are Sometimes Fed Without Incident"" 절 — ""Peanuts"" 항목",2026-07-31,,ohb,"원문: 곰팡이 핀 땅콩·땅콩 제품, 옥수수 등 곡물이 독소 생성 진균에 오염될 수 있음."
F-091-009,S-091,Lafeber,toxicity_plant,bird,가지과 식물체(녹색 토마토·감자·고추·가지),,잎|줄기(식물체),,,,,,,CAUTION,,,,,,,"""Not Recommended But Are Sometimes Fed Without Incident"" 절 — ""Certain Plants"" 항목",2026-07-31,,ohb,원문: 열매는 먹을 수 있으나 식물체 자체는 독성.
F-091-010,S-091,Lafeber,toxicity_plant,bird,대황 잎(옥살산 결정),,잎,,,,,,,CAUTION,,신장 문제,,,,,"""Not Recommended But Are Sometimes Fed Without Incident"" 절 — ""Certain Plants"" 항목",2026-07-31,,ohb,
F-091-011,S-091,Lafeber,nutrition,bird,그릿(grit),,,,,,,,,CAUTION,,장 폐색 가능,,,,,"""Not Recommended But Are Sometimes Fed Without Incident"" 절 — ""Grit"" 항목",2026-07-31,,ohb,원문: 앵무류는 그릿이 필요 없으며 버지(사랑앵무)·코카티엘·러브버드는 컨디션이 나쁠 때 과식해 장 폐색으로 이어질 수 있음. 비둘기·집비둘기 등 씨앗을 통째 삼키는 종에는 소화에 도움.
F-091-012,S-091,Lafeber,toxicity_food,bird,유제품(유당),,,,,,,,,CAUTION,,설사,설사,,,,"""Not Recommended But Are Sometimes Fed Without Incident"" 절 — ""Dairy"" 항목",2026-07-31,,ohb,원문: 조류는 유당을 소화하지 못하며 식이 내 비율이 늘수록 설사. 일부 치즈·요거트는 유당이 적으나 그래도 소량·간식으로만 급여.
F-091-013,S-091,Lafeber,toxicity_food,bird,거짓 곰보버섯(Gyromitra),Gyromitra,,,,,,,,NEVER,,사망 가능,,,,,"""Not Recommended But Are Sometimes Fed Without Incident"" 절 — ""Mushrooms"" 항목",2026-07-31,,ohb,원문: 사람이 먹을 수 있는 버섯은 반려동물에게도 안전하다고 보나 거짓 곰보버섯은 급여 금지. 가열해도 사망 위험이 완전히 사라지지 않음.
F-092-001,S-092,Niles Animal Hospital,emergency,bird,저체온(보온 부족),,,,,,,,,,,저체온증,깃털 부풀림|날개 뒤로 머리 파묻기|졸린 듯 눈 감기,,,,"""Basic First Aid Principles"" 절",2026-07-31,,ohb,"⚠️ 원문에 병조 유지 온도 85-90 degrees F 가 명시되어 있음 — 체중당 임계치가 아닌 환경 온도이므로 조류 특칙(D-09)에 따라 dose 를 비우고 값을 여기에 보존. 팀장 확인. 원문 조치: 인큐베이터/브루더가 이상적이며, 소형조는 케이지 옆면에 히팅패드를 대고 랩으로 감싸고, 대형조는 적외선 히트램프를 케이지 근처에 두되 새가 열원을 피할 수 있게 배치. 새는 에너지 대부분을 체온 유지에 쓰므로 아프거나 다치면 급속히 저체온에 빠진다고 원문이 강조. triage 판정 기준(본 자료 전체 일관 적용): 'seek (immediate) veterinary care immediately' → EMERGENCY, 'contact your veterinarian' → CALL_NOW, 'seek veterinary care (평가 목적)' → VISIT_SOON, 'Monitor condition. If not resolving …' → MONITOR. 팀장 확인."
F-092-002,S-092,Niles Animal Hospital,symptom,bird,질병 징후(조기 인지),,,,,,,,,,,,배설물의 수·색·농도 변화|식음수 감소|태도·성격·행동 변화|호흡 변화|비정상 호흡음|체중 감소|자세 변화|깃털 발육·외관 이상|깃 고르기 중단|자기 훼손|입·콧구멍·눈 분비물|총배설강 주변 오염|구토·토출|비정상 종창|출혈 또는 마른 혈흔,,,,"""Recognizing Signs of Illness"" 절",2026-07-31,,ohb,원문: 새는 야생의 방어기제로 질병을 숨기므로 보호자가 평소 정상 상태를 알고 이탈을 관찰해야 한다. 응급 내원의 가장 흔한 이유가 인지되지 않은 질병의 악화라고 명시. 행동 지시 문구가 없어 triage_level 공란.
F-092-003,S-092,Niles Animal Hospital,emergency,bird,부러진 혈우(blood feather) 출혈,,,,,,,,,,MONITOR,출혈,,,깃대(feather stump)를 제거하지 못함|압박·지혈분말로도 출혈이 멎지 않음|출혈량이 많음,,"""Common Avian Emergencies"" 절 — Broken Blood Feather",2026-07-31,,ohb,"원문 조치: 보정 후 지혈겸자·니들노즈 플라이어로 부러진 깃대를 단단히 잡아 뽑고, 열린 모낭에 압박 지혈. 지혈 후 따뜻하고 어두운 케이지에서 안정시키며 출혈이 멎었는지 주기적으로 확인. 지혈분말(퀵스탑·스티프틱 파우더 등, 급할 때 밀가루·옥수수전분·베이킹소다) 사용. 깃대를 못 뽑으면 응급 진료를 받으라고 지시하므로 MONITOR + escalation. triage 판정 기준(본 자료 전체 일관 적용): 'seek (immediate) veterinary care immediately' → EMERGENCY, 'contact your veterinarian' → CALL_NOW, 'seek veterinary care (평가 목적)' → VISIT_SOON, 'Monitor condition. If not resolving …' → MONITOR. 팀장 확인."
F-092-004,S-092,Niles Animal Hospital,emergency,bird,구강·비강 출혈,,,,,,,,,,EMERGENCY,출혈,,,,,"""Common Avian Emergencies"" 절 — Bleeding from Mouth or Nostrils",2026-07-31,,ohb,"원문 'Serious emergency situation and should receive immediate veterinary care.' 부리 손상이 확인된 경우가 아니면 무조건 내원. triage 판정 기준(본 자료 전체 일관 적용): 'seek (immediate) veterinary care immediately' → EMERGENCY, 'contact your veterinarian' → CALL_NOW, 'seek veterinary care (평가 목적)' → VISIT_SOON, 'Monitor condition. If not resolving …' → MONITOR. 팀장 확인."
F-092-005,S-092,Niles Animal Hospital,emergency,bird,화상,,,,,,,,,,VISIT_SOON,화상,,,,,"""Common Avian Emergencies"" 절 — Burns",2026-07-31,,ohb,"원문 조치: 찬물을 충분히 적용하고 알로에베라 젤 등 기름기 없는 진정 제제를 국소 도포한 뒤 추가 평가를 위해 진료. 'Seek veterinary care for further evaluation' → VISIT_SOON. triage 판정 기준(본 자료 전체 일관 적용): 'seek (immediate) veterinary care immediately' → EMERGENCY, 'contact your veterinarian' → CALL_NOW, 'seek veterinary care (평가 목적)' → VISIT_SOON, 'Monitor condition. If not resolving …' → MONITOR. 팀장 확인."
F-092-006,S-092,Niles Animal Hospital,emergency,bird,골절,,,,,,,,,,EMERGENCY,골절,,,,,"""Common Avian Emergencies"" 절 — Fractures",2026-07-31,,ohb,"원문 조치: 골절부 고정, 노출된 골단에 항생제 연고, 개방 창상에 생리식염수 적신 멸균 드레싱, 보온·안정 후 'Seek immediate veterinary care'. 부목·붕대 경험이 없으면 시도하지 말라고 원문이 경고. triage 판정 기준(본 자료 전체 일관 적용): 'seek (immediate) veterinary care immediately' → EMERGENCY, 'contact your veterinarian' → CALL_NOW, 'seek veterinary care (평가 목적)' → VISIT_SOON, 'Monitor condition. If not resolving …' → MONITOR. 팀장 확인."
F-092-007,S-092,Niles Animal Hospital,emergency,bird,뇌진탕(벽·창문 충돌),,,,,,,,,,MONITOR,뇌진탕,,,빠르게 정상으로 회복하지 않음|신경학적 이상이 지속됨,,"""Common Avian Emergencies"" 절 — Concussions",2026-07-31,,ohb,"원문 조치: 보온하고 어두운 케이지·상자에 둔다. triage 판정 기준(본 자료 전체 일관 적용): 'seek (immediate) veterinary care immediately' → EMERGENCY, 'contact your veterinarian' → CALL_NOW, 'seek veterinary care (평가 목적)' → VISIT_SOON, 'Monitor condition. If not resolving …' → MONITOR. 팀장 확인."
F-092-008,S-092,Niles Animal Hospital,emergency,bird,독성 관엽식물 섭취,,,,,,,,,,CALL_NOW,식물 중독,,,,,"""Common Avian Emergencies"" 절 — Ingestion of Toxic Houseplants",2026-07-31,,ohb,"원문 조치: 예방이 최선. 섭취 시 입안을 최대한 헹구고 남은 조각을 제거하며, 펩토비스몰·카오펙테이트 몇 방울이 위장관을 코팅해 일부 독소 흡수를 늦출 수 있음. 이후 'contact your veterinarian for advice' → CALL_NOW. 원문은 새가 대개 식물을 삼키기보다 찢고 장 통과시간이 짧아 식물 중독이 흔하지 않다고도 서술 — 다른 자료(S-007·S-071)의 식물 위험 강조와 톤이 다름. 팀장 확인. triage 판정 기준(본 자료 전체 일관 적용): 'seek (immediate) veterinary care immediately' → EMERGENCY, 'contact your veterinarian' → CALL_NOW, 'seek veterinary care (평가 목적)' → VISIT_SOON, 'Monitor condition. If not resolving …' → MONITOR. 팀장 확인."
F-092-009,S-092,Niles Animal Hospital,emergency,bird,유독 가스·연기 노출,,,,,,,,,,EMERGENCY,,,,호흡곤란 징후가 보임,,"""Common Avian Emergencies"" 절 — Toxic Fumes",2026-07-31,,ohb,"원문 조치: 이상한 냄새·연기를 감지하면 즉시 새를 환기가 잘 되는 곳(필요하면 집 밖)으로 옮기고 선풍기·창문으로 환기. 호흡 곤란 징후가 있으면 'seek veterinary care immediately' → EMERGENCY. triage 판정 기준(본 자료 전체 일관 적용): 'seek (immediate) veterinary care immediately' → EMERGENCY, 'contact your veterinarian' → CALL_NOW, 'seek veterinary care (평가 목적)' → VISIT_SOON, 'Monitor condition. If not resolving …' → MONITOR. 팀장 확인."
F-092-010,S-092,Niles Animal Hospital,symptom,bird,구토,,,,,,,,,,MONITOR,탈수|급격한 컨디션 저하,구토,,구토가 지속됨,,"""Common Avian Emergencies"" 절 — Vomiting",2026-07-31,,ohb,"원문 조치: 질병·이물·중독·대사질환 등 원인을 파악하고 보온, 소량의 펩토비스몰이 도움이 될 수 있음. triage 판정 기준(본 자료 전체 일관 적용): 'seek (immediate) veterinary care immediately' → EMERGENCY, 'contact your veterinarian' → CALL_NOW, 'seek veterinary care (평가 목적)' → VISIT_SOON, 'Monitor condition. If not resolving …' → MONITOR. 팀장 확인."
F-092-011,S-092,Niles Animal Hospital,symptom,bird,배설물 내 혈액,,,,,,,,,,EMERGENCY,중금속(납·아연) 중독 의심,혈뇨|혈색소뇨|배설물 표면의 혈액|검고 끈적한 배설물,,,,"""Common Avian Emergencies"" 절 — Blood in Droppings",2026-07-31,,ohb,"원문: 반려조 배설물 혈액의 가장 흔한 원인 중 하나가 중금속(특히 납·아연) 중독이며 혈뇨·혈색소뇨를 유발. 장·총배설강 감염, 총배설강 종물, 난산에서도 관찰. 검고 끈적한 변은 소장 상부 출혈 시사. triage 판정 기준(본 자료 전체 일관 적용): 'seek (immediate) veterinary care immediately' → EMERGENCY, 'contact your veterinarian' → CALL_NOW, 'seek veterinary care (평가 목적)' → VISIT_SOON, 'Monitor condition. If not resolving …' → MONITOR. 팀장 확인."
F-092-012,S-092,Niles Animal Hospital,emergency,bird,고양이 교상,Pasteurella multocida,,,,,,,,,EMERGENCY,패혈증|급사,,,,,"""Common Avian Emergencies"" 절 — Cat Bites",2026-07-31,,ohb,"원문: 상처가 사소해 보여도 고양이 입·발톱의 Pasteurella multocida 가 패혈증을 일으켜 급사로 이어질 수 있어 별도 항목으로 기술. scientific_name 에 병원체 학명을 넣었으나 이 컬럼은 본래 동식물 학명용 — 팀장 확인. triage 판정 기준(본 자료 전체 일관 적용): 'seek (immediate) veterinary care immediately' → EMERGENCY, 'contact your veterinarian' → CALL_NOW, 'seek veterinary care (평가 목적)' → VISIT_SOON, 'Monitor condition. If not resolving …' → MONITOR. 팀장 확인."
F-092-013,S-092,Niles Animal Hospital,emergency,bird,난관 폐색(egg binding),,,,,,,,산란기,,EMERGENCY,난관 폐색|총배설강·난관 탈출,,,,,"""Common Avian Emergencies"" 절 — Egg Binding",2026-07-31,,ohb,"원문 조치: 보온하고 칼슘 제제를 공급. 알이 보이면 하복부를 따뜻한 물에 담그면 배출에 도움이 되며 식물성유·미네랄오일을 알과 총배설강에 소량 사용. 압력을 가하면 알이 파열될 수 있으니 금지. 탈출(prolapse)이 생기면 즉시 진료. 원인은 흔히 칼슘 보충 부족. life_stage 는 원문 서술(산란 관련)에 근거해 '산란기'로 기재 — 팀장 확인. triage 판정 기준(본 자료 전체 일관 적용): 'seek (immediate) veterinary care immediately' → EMERGENCY, 'contact your veterinarian' → CALL_NOW, 'seek veterinary care (평가 목적)' → VISIT_SOON, 'Monitor condition. If not resolving …' → MONITOR. 팀장 확인."
F-092-014,S-092,Niles Animal Hospital,emergency,bird,"고열(hyperthermia, 과열)",,,,,,,,,,MONITOR,과열,,,상태가 호전되지 않음,,"""Common Avian Emergencies"" 절 — Hyperthermia (overheating)",2026-07-31,,ohb,"원문 조치: 발과 몸에 찬물을 분무하고 발에 소독용 알코올을 발라 냉각을 촉진. 'Monitor condition. If condition is not resolving seek veterinary care.' — 지침의 MONITOR 예시와 동일 문형. triage 판정 기준(본 자료 전체 일관 적용): 'seek (immediate) veterinary care immediately' → EMERGENCY, 'contact your veterinarian' → CALL_NOW, 'seek veterinary care (평가 목적)' → VISIT_SOON, 'Monitor condition. If not resolving …' → MONITOR. 팀장 확인."
F-092-015,S-092,Niles Animal Hospital,emergency,bird,발작(seizure),,,,,,,,,,EMERGENCY,발작,발작,,,,"""Common Avian Emergencies"" 절 — Seizures",2026-07-31,,ohb,"원문 'Definitely a veterinary emergency, seek care immediately.' 조치: 어두운 상자에 두고 보온. 원인이 다양해 진단 검사가 필요하다고 명시. triage 판정 기준(본 자료 전체 일관 적용): 'seek (immediate) veterinary care immediately' → EMERGENCY, 'contact your veterinarian' → CALL_NOW, 'seek veterinary care (평가 목적)' → VISIT_SOON, 'Monitor condition. If not resolving …' → MONITOR. 팀장 확인."
F-010-001,S-010,Cornell 수의과대학,emergency,cat,중독 의심 시 대응(독성물질 섭취),,,,,,,,,,CALL_NOW,독성물질에 따라 중증 건강 문제로 진행 가능,구토|설사|발작|혈변·혈뇨|무기력|식욕 부진|멍(피하출혈)|코피|불규칙한 심박|배뇨 곤란|호흡곤란,,,,"""Signs of Poisoning"" 절 · ""What should I do if I think my cat has ingested something toxic?"" 절",2026-07-31,,ohb,"원문 'Call your veterinarian immediately. If your vet is not available, try a local emergency veterinary clinic or animal poison control help hotline' — 행동 지시가 명확해 CALL_NOW. 이 지시는 이 자료의 모든 독성물질 노출에 공통으로 적용되지만, 물질별 행마다 등급을 복사하면 '위험해 보여서 매긴 등급'이 되므로(01e 4장) 이 행에만 넣었다 — 팀장 확인. 발현 시각은 원문이 '독성물질에 따라 다르며 보호자가 이상을 알아챌 무렵엔 이미 위험할 수 있다'고만 해 onset 을 비웠다. 원문은 독극물 샘플이나 라벨을 병원에 가져가라고도 안내한다."
F-010-002,S-010,Cornell 수의과대학,emergency,cat,가정 내 구토 유도(중독 의심 시),,,,,,,,,,,일부 독극물은 구토 과정에서 위 안에 남아 있을 때보다 더 큰 손상을 일으킴,,,,,"""What should I do if I think my cat has ingested something toxic?"" 절 — IMPORTANT 문단",2026-07-31,,ohb,원문 'IMPORTANT: DO NOT induce vomiting unless you are specifically directed to do so.' 금지 지시이지 트리아지 4등급 중 어디에도 해당하지 않아 triage_level 을 비웠다. 물질이 아니라 처치 행위가 항목이라 substance 에 행위명을 넣었다(01e 지침 '분량과 우선순위'). 팀장 확인.
F-010-003,S-010,Cornell 수의과대학,toxicity_plant,cat,백합,,,역치 없음,,,,,,,,생명을 위협하는 신부전,,,,,"""Plants"" 절",2026-07-31,,ohb,★ 원문 'Lilies are especially toxic to cats; they can cause life-threatening kidney failure if ingested even in tiny amounts.' — '아주 소량으로도'라는 표현을 근거로 threshold_type 을 '역치 없음'으로 잡았다. 원문에 'no safe dose' 라는 직접 표현은 없으므로 팀장이 원문과 대조할 것. 수치가 없어 dose·unit 은 비웠다. 원문은 학명을 적지 않아 scientific_name 도 공란 (학명은 S-008 쪽 F-008-001~003 참조).
F-010-004,S-010,Cornell 수의과대학,toxicity_plant,cat,포인세티아,,,,,,,,,,,"소량 섭취로도 이상 증상, 상당량 섭취 시 치명적일 수 있음",,,,,"""Plants"" 절",2026-07-31,,ohb,"원문 'Ingesting just a small piece of some common ornamental plants such as poinsettias could be enough to make a cat ill, and swallowing a sizable amount could prove fatal.' — 원문이 포인세티아를 '예시'로 든 문장이라 이 서술이 포인세티아 고유의 것인지 관상식물 일반에 대한 것인지 모호하다. 팀장 확인. 수치가 없어 dose 는 비웠고, '소량/상당량'은 정성 표현이라 threshold_type 도 비웠다."
F-010-005,S-010,Cornell 수의과대학,toxicity_plant,cat,미슬토(겨우살이),,,,,,,,,,,,,,,,"""Plants"" 절 — PLANTS THAT ARE TOXIC FOR CATS 목록 (Mistletoe)",2026-07-31,,ohb,원문은 목록에 이름만 나열하고 증상·용량은 적지 않는다. 같은 목록의 나머지 항목: Holly(호랑가시나무) · Foxgloves(디기탈리스) · Baby's Breath(안개꽃) · Sweet William(수염패랭이꽃) · Hydrangeas(수국). D-34 때문에 별도 행으로 만들지 않았다 — 필요하면 팀장 판단으로 추가할 것. 원문 자체가 '(BUT ARE NOT LIMITED TO)' 라고 밝힌 부분 목록이다.
F-010-006,S-010,Cornell 수의과대학,toxicity_plant,cat,튤립,,,,,,,,,,,,,,,,"""Plants"" 절 — PLANTS THAT ARE TOXIC FOR CATS 목록 (Tulips)",2026-07-31,,ohb,원문은 이름만 나열. S-008(ASPCA) 스냅샷은 'Seven Bark' 에서 잘려 Tulip 항목이 누락돼 있어 학명 대조가 불가능하다.
F-010-007,S-010,Cornell 수의과대학,toxicity_plant,cat,필로덴드론,,,,,,,,,,,,,,,,"""Plants"" 절 — PLANTS THAT ARE TOXIC FOR CATS 목록 (Philodendrons)",2026-07-31,,ohb,원문은 이름만 나열.
F-010-008,S-010,Cornell 수의과대학,toxicity_plant,cat,아마릴리스,,,,,,,,,,,,,,,,"""Plants"" 절 — PLANTS THAT ARE TOXIC FOR CATS 목록 (Amaryllises)",2026-07-31,,ohb,원문은 이름만 나열.
F-010-009,S-010,Cornell 수의과대학,toxicity_food,cat,포도·건포도,,,,,,,,,NEVER,,,,,,,"""Toxic Foods"" 절 — THESE FOODS INCLUDE 목록",2026-07-31,,ohb,원문은 Grapes 와 Raisins 를 각각 다른 줄에 나열하지만 같은 항목이라 한 행으로 묶었다. 원문은 증상·용량을 적지 않는다. 원문 도입이 'many of the things we enjoy are off-limits for our feline friends' 라고 급여 금지를 명시해 NEVER.
F-010-010,S-010,Cornell 수의과대학,toxicity_food,cat,양파,,,,,,,,,NEVER,,,,,,,"""Toxic Foods"" 절 — THESE FOODS INCLUDE 목록",2026-07-31,,ohb,원문은 이름만 나열하고 증상·용량은 적지 않는다. 원문 도입이 'many of the things we enjoy are off-limits for our feline friends' 라고 급여 금지를 명시해 NEVER.
F-010-011,S-010,Cornell 수의과대학,toxicity_food,cat,아보카도,,,,,,,,,NEVER,,,,,,,"""Toxic Foods"" 절 — THESE FOODS INCLUDE 목록",2026-07-31,,ohb,원문은 이름만 나열하고 증상·용량은 적지 않는다. 원문 도입이 'many of the things we enjoy are off-limits for our feline friends' 라고 급여 금지를 명시해 NEVER.
F-010-012,S-010,Cornell 수의과대학,toxicity_food,cat,자일리톨,,,,,,,,,NEVER,,,,,,,"""Toxic Foods"" 절 — THESE FOODS INCLUDE 목록",2026-07-31,,ohb,"원문 'Anything containing xylitol, an artificial sweetener' — 자일리톨이 든 모든 식품이 대상. 원문 도입이 'many of the things we enjoy are off-limits for our feline friends' 라고 급여 금지를 명시해 NEVER."
F-010-013,S-010,Cornell 수의과대학,toxicity_food,cat,초콜릿,,,,,,,,,NEVER,,,,,,,"""Toxic Foods"" 절 — THESE FOODS INCLUDE 목록",2026-07-31,,ohb,원문은 이름만 나열하고 증상·용량은 적지 않는다. 원문 도입이 'many of the things we enjoy are off-limits for our feline friends' 라고 급여 금지를 명시해 NEVER.
F-010-014,S-010,Cornell 수의과대학,emergency,cat,사람용 의약품·보충제(아스피린·아세트아미노펜·이부프로펜·비타민 보충제),,,,,,,,,,,급성 중독,,,,,"""Medications"" 절 — SOME COMMON CAUSES OF POISONING INCLUDE 목록",2026-07-31,,ohb,원문 'Human medications ... can be acutely toxic for cats. Remember: never give your cat medications without first consulting your veterinarian.' 원문에 아세트아미노펜 상표명 Tylenol® 이 병기돼 있다. 약물은 식품·식물이 아니라 doc_type 을 emergency 로 두었다 (조류 그룹 F-071-003 등과 동일한 처리). 용량·증상 기술은 없다.
F-010-015,S-010,Cornell 수의과대학,emergency,cat,개용 벼룩 구제제(고양이 금기),,,,,,,,,,,고양이에 급성 중독,,,,,"""Medications"" 절 — 목록 및 그 아래 24시간 접촉 금지 문장",2026-07-31,,ohb,★ 고양이 고유의 위해다. 원문 'flea treatments for dogs can be acutely toxic for cats' 및 'Cats must not be allowed to come in contact with a treated dog for 24 hours' — 약을 바른 개와 24시간 접촉 금지라는 구체 지시가 있으나 성분명(퍼메트린 등)은 적지 않는다. 24시간은 노출 회피 기간이지 발현 시각이 아니어서 onset 이 아니라 이 note 에 남겼다 — 팀장 확인. 직접 급여 대상이 아니라 feeding_level 은 비웠다.
F-010-016,S-010,Cornell 수의과대학,emergency,cat,가정용 화학물질(살충제·살서제·비료·제초제·달팽이 유인제·에틸렌글리콜 부동액·페인트 시너·수영장 약품·표백제·세제·소독제),,,,,,,,,,,,,,,,"""Household chemicals"" 절 — PESTICIDES · GARDEN PRODUCTS · MISCELLANEOUS PRODUCTS 목록",2026-07-31,,ohb,"원문은 세 묶음(살충·살서제 / 정원용품 / 기타)으로 나열만 하고 성분별 증상·용량은 적지 않는다. 물질 단위 청킹(D-14)상 쪼개는 편이 좋으나 원문 정보가 이름뿐이라 한 행으로 묶었다 — 특히 에틸렌글리콜 부동액은 별도 자료가 확보되면 독립 행으로 만들 것(팀장 확인). 원문은 손이 닿지 않는 곳에 보관하고 흘린 것은 즉시 닦으며, 실외 고양이가 있으면 마당에서 이 제품들을 쓸 때 주의하라고 안내한다."
F-012-001,S-012,Cornell Feline Health Center,symptom,cat,췌장염(고양이),,,,,,,,,,,소화효소가 췌장 안에서 조기 활성화되어 췌장에 염증과 손상 발생,무기력|식욕 저하|구토|체중 감소|설사|복통,,,,"""Overview"" 절 · ""Key Facts"" 절 · ""Clinical Signs"" 절",2026-07-31,,ohb,"원문 'In over 95% of cases there is no obvious underlying cause' — 원인 불명 비율이지 용량이 아니어서 dose 에 넣지 않았다. 증상별 빈도도 원문에 있다: 무기력·식욕 저하가 가장 흔하고, 구토는 약 50%('approximately 50% of cases'), 복통은 약 10-30%('about 10-30% of cats'). 급성형과 만성형이 있으며 양상이 비슷하되 개체차가 크다고 원문이 밝힌다. 과거에는 드문 병으로 여겨졌으나 진단 기술 향상으로 더 자주 확인된다. 발현 시각 기술이 없어 onset 은 비웠다. ※ S-012 는 check_facts.py 의 ROUTE1_SOURCES(경로①)에 들어 있어 원문 인용 적재가 허용되는 자료지만, 이번 작업 지시가 quote 를 항상 비우라고 해 비웠다 — 팀장이 경로① 인용을 살릴지 판단할 것."
F-012-002,S-012,Cornell Feline Health Center,symptom,cat,췌장염과 연관된 질환(만성 장질환·간 및 담낭 질환·당뇨병),,,,,,,,,,,,,,,,"""Key Facts"" 절",2026-07-31,,ohb,"원문 'Associated with chronic intestinal disease, liver or gallbladder disease, and diabetes' — 연관(association)이라고만 하고 인과나 선후 관계는 적지 않는다."
F-012-003,S-012,Cornell Feline Health Center,symptom,cat,췌장염 진단(fPLI 검사·초음파),,,,,,,,,,,,,,,,"""Diagnosis"" 절",2026-07-31,,ohb,원문 'No single definitive test exists' — 단일 확진 검사가 없어 조합 진단한다. fPLI 는 'Most specific blood test for pancreatitis' 로 신속형(SNAP)과 검사실형(Spec)이 있다. 초음파는 췌장염 고양이의 'up to 2/3' 에서 췌장 변화를 확인한다(원문 표기 ⅔). 일반 혈액검사에서는 간효소 상승과 전해질 변화가 흔하다. 비율 수치는 진단 민감도이지 용량이 아니어서 dose 에 넣지 않았다.
F-012-004,S-012,Cornell Feline Health Center,symptom,cat,췌장염 치료(수액·항구토·진통·영양 지원),,,,,,,,,,,,,,,,"""Treatment"" 절",2026-07-31,,ohb,"원문이 치료 목표 4가지를 든다: ① 정맥 또는 피하 수액으로 탈수 교정, ② 마로피탄트(세레니아) 등으로 구역 조절, ③ 부프레노르핀 등 오피오이드로 통증 조절, ④ 식욕촉진제나 급식 튜브로 영양 지원. 약물 용량은 원문에 없다. 일반인 대상 답변에서 약품명을 그대로 노출할지는 팀장 판단."
F-012-005,S-012,Cornell Feline Health Center,symptom,cat,췌장염의 조기 영양 지원,,,,,,,,,,,회복 촉진 및 간지질증(hepatic lipidosis) 등 합병증 예방,,,,,"""Treatment"" 절 마지막 문단",2026-07-31,,ohb,원문 'Early nutritional support is key' to recovery and preventing complications like hepatic lipidosis. 고양이에서 식욕 부진이 길어질 때의 위험이라 별도 행으로 뺐다.
F-012-006,S-012,Cornell Feline Health Center,symptom,cat,췌장염 예후,,,,,,,,,,,"경증~중등도는 회복 예후가 대체로 매우 좋음, 재발 가능 · 중증 급성 췌장염은 치명적일 수 있음",,,,,"""Prognosis"" 절",2026-07-31,,ohb,"원문 'For cats with mild to moderate forms of disease, the prognosis for recovery is generally very good' · 'Severe acute pancreatitis can be fatal.' 이 자료 전체에 '수의사에게 연락하라' 같은 행동 지시가 없어 triage_level 을 어느 행에도 넣지 않았다 — 질환 설명 문서라 그렇다. 팀장 확인."
F-014-001,S-014,FOUR PAWS International,toxicity_food,cat,알리움류(양파·마늘·리크·차이브),"Allium cepa, Allium sativum, Allium porrum, Allium schoenoprasum",,임상징후 발현,0.5,%,,체중 대비,,NEVER,,위장 점막 자극 및 적혈구 손상에 따른 빈혈,구토|설사|무기력|호흡곤란|빈맥|복부 통증,수일 후,,,"""Allium plants (garlic, onions, chives and leeks)"" 절",2026-07-31,,ohb,"원문 'The amount that is toxic to a cat is 0.5% of body weight.' — '독성이 나타나는 양'이라 threshold_type 을 '임상징후 발현'으로 잡았다. 단위는 원문 그대로 %(체중 대비)이며 g 으로 환산하지 않았다 — 팀장이 원문과 대조할 것. onset 은 원문 'The signs of poisoning – which may not appear until several days later' 를 옮긴 것이라 '수일 후'로만 적었다(구체 시간 없음). 원문은 '생·조리·가공·건조 등 조리 방식과 무관하게 독성'이라고 명시해 NEVER. 본문에 각주 1,2,3,4 가 달려 있으나 이 스냅샷에 참고문헌 목록이 없어 citation 을 비웠다 — 0.5% 수치의 근거가 각주 4 이므로 원문 참고문헌 재수집이 필요하다(팀장 확인). ※ 배정표 품질 '부분' — 이 스냅샷은 도입부와 Allium 한 항목에서 끊겼고 초콜릿·카페인·포도 등 나머지 항목이 통째로 누락돼 이 자료에서 뽑을 수 있는 행이 1건뿐이다. 재수집 필요."
F-016-001,S-016,Agriculture Victoria (주정부),toxicity_food,cat,알코올(주류·알코올 함유 식품),,,,,,,,,NEVER,,중추신경 억제 및 사망 가능,구토|설사|협조운동 저하|호흡곤란|떨림|혼수|사망,,,,"""Alcohol"" 절",2026-07-31,,ohb,원문 도입이 '먹이지 말아야 할 사람 음식'이라고 밝혀 NEVER. 원문 말미에 정보 출처가 ASPCA · RSPCA · Purina · Cornell University Department of Animal Science 라고만 적혀 있고 항목별 출처 표기는 없다.
F-016-002,S-016,Agriculture Victoria (주정부),toxicity_food,cat,초콜릿(테오브로민·카페인),,,,,,,,,NEVER,,,불안·안절부절|흥분|과다행동|신경과민|떨림|구토|설사|음수량 및 배뇨 증가|심박수 증가|발작,,,,"""Chocolate"" 절",2026-07-31,,ohb,"원문 'Toxicity is dose related meaning that the overall effect ... depends on the size of the cat, the amount eaten and the type of chocolate' — 용량 의존이라고만 하고 수치가 없어 dose·threshold_type 을 비웠다. 종류별 위험도도 원문에 있다: 다크초콜릿 > 밀크초콜릿, 화이트초콜릿이 메틸잔틴 함량이 가장 낮고 베이킹초콜릿이 가장 높다. 원문에 'methlyzanthine' 오식이 있다(정상 표기 methylxanthine) — 고치지 않고 그대로 둔다. 원문 도입이 '먹이지 말아야 할 사람 음식'이라고 밝혀 NEVER. 원문 말미에 정보 출처가 ASPCA · RSPCA · Purina · Cornell University Department of Animal Science 라고만 적혀 있고 항목별 출처 표기는 없다."
F-016-003,S-016,Agriculture Victoria (주정부),toxicity_food,cat,커피·카페인 제품(차 포함),,,,,,,,,NEVER,,다량 섭취 시 치명적일 수 있으며 해독제가 없음,불안·안절부절|빠른 호흡|심박 이상|체온 상승|근육 떨림|발작|허탈,,,,"""Coffee or caffeine products (including tea)"" 절",2026-07-31,,ohb,"원문 'In large enough doses, caffeine can be fatal for a cat and there is no antidote.' — 'large enough doses' 라고만 하고 수치가 없어 dose·threshold_type 을 비웠다. 원문 도입이 '먹이지 말아야 할 사람 음식'이라고 밝혀 NEVER. 원문 말미에 정보 출처가 ASPCA · RSPCA · Purina · Cornell University Department of Animal Science 라고만 적혀 있고 항목별 출처 표기는 없다."
F-016-004,S-016,Agriculture Victoria (주정부),toxicity_food,cat,익힌 뼈,,,,,,,,,NEVER,,뼈가 쪼개져 위장관 폐색 또는 열상 유발,,,,,"""Cooked bones"" 절",2026-07-31,,ohb,원문 도입이 '먹이지 말아야 할 사람 음식'이라고 밝혀 NEVER. 원문 말미에 정보 출처가 ASPCA · RSPCA · Purina · Cornell University Department of Animal Science 라고만 적혀 있고 항목별 출처 표기는 없다.
F-016-005,S-016,Agriculture Victoria (주정부),toxicity_food,cat,포도·건포도·설타나·커런트,,,역치 없음,,,,,,NEVER,,신부전,,,,,"""Grapes, raisins, sultanas and currants"" 절",2026-07-31,,ohb,"원문 'The toxic substance within grapes and raisins is unknown, but even a small amount of ingestion can lead to kidney failure.' — '아주 소량으로도'라는 표현을 근거로 threshold_type 을 '역치 없음'으로 잡았다. 원문에 'no safe dose' 라는 직접 표현은 없으므로 팀장이 원문과 대조할 것 (같은 판단을 F-010-003 백합에도 적용했다). 독성 성분은 원문이 '불명'이라고 밝힌다. 원문 도입이 '먹이지 말아야 할 사람 음식'이라고 밝혀 NEVER. 원문 말미에 정보 출처가 ASPCA · RSPCA · Purina · Cornell University Department of Animal Science 라고만 적혀 있고 항목별 출처 표기는 없다."
F-016-006,S-016,Agriculture Victoria (주정부),toxicity_food,cat,우유·유제품,,,,,,,,,NEVER,,유당분해효소(락타아제) 부족으로 인한 소화 장애,설사|소화기 불편,,,,"""Milk and dairy"" 절",2026-07-31,,ohb,원문 'Adult cats do not possess significant amounts of lactase ... so milk and other dairy based products can cause diarrhoea or other digestive upset.' 중독이 아니라 소화 장애인데도 '먹이지 말아야 할 음식' 목록에 있어 NEVER 로 잡았다 — 다른 자료에서 CAUTION 으로 잡힐 수 있는 항목이라 팀장 확인 필요. 원문은 '성묘'를 명시하지만 life_stage 는 급여 대상 전체를 좁히는 칸이 아니어서 비웠다. 원문 도입이 '먹이지 말아야 할 사람 음식'이라고 밝혀 NEVER. 원문 말미에 정보 출처가 ASPCA · RSPCA · Purina · Cornell University Department of Animal Science 라고만 적혀 있고 항목별 출처 표기는 없다.
F-016-007,S-016,Agriculture Victoria (주정부),toxicity_food,cat,양파·감자·마늘·리크·차이브,,,,,,,,,NEVER,,적혈구 손상에 따른 빈혈 및 위장관 자극,창백한 잇몸|심박수 증가|호흡수 증가|허탈,,,,"""Onions, potato, garlic, leeks and chives"" 절",2026-07-31,,ohb,"원문이 감자(potato)를 알리움류와 같은 묶음에 넣는데, 다른 자료(S-014 FOUR PAWS)의 알리움 설명에는 감자가 없다 — 원문 그대로 두되 팀장 확인 필요. 원문에 'Toxic doses of colic can cause' 라는 문장이 있는데 'colic' 은 문맥상 onion 의 오식으로 보인다 — 고치지 않고 그대로 둔다(01e 6장). 원문 'Garlic is considered to be about 5 times as potent as onion and leeks' — 상대 독성비라 체중당 용량이 아니어서 dose 에 넣지 않았다. 원문 도입이 '먹이지 말아야 할 사람 음식'이라고 밝혀 NEVER. 원문 말미에 정보 출처가 ASPCA · RSPCA · Purina · Cornell University Department of Animal Science 라고만 적혀 있고 항목별 출처 표기는 없다."
F-016-008,S-016,Agriculture Victoria (주정부),toxicity_food,cat,소금(짠 음식),,,,,,,,,NEVER,,"과도한 갈증과 배뇨, 나트륨 이온 중독",침울|떨림|체온 상승|발작,,,,"""Salt"" 절",2026-07-31,,ohb,원문 'Large amounts of salt' 라고만 하고 수치가 없어 dose 를 비웠다. 원문 도입이 '먹이지 말아야 할 사람 음식'이라고 밝혀 NEVER. 원문 말미에 정보 출처가 ASPCA · RSPCA · Purina · Cornell University Department of Animal Science 라고만 적혀 있고 항목별 출처 표기는 없다.
F-016-009,S-016,Agriculture Victoria (주정부),toxicity_food,cat,토마토,,,,,,,,,CAUTION,,격렬한 위장관 증상,과도한 침 흘림|식욕 부진|침울|쇠약|동공 확대|서맥,,,,"""Tomatoes"" 절",2026-07-31,,ohb,원문 마지막에 'Ripe fruit is non-toxic.' 이라고 명시해 전면 금지가 아니므로 CAUTION 으로 잡았다 — 이 자료에서 유일하게 NEVER 가 아닌 항목이라 팀장 확인. 원문은 잘 익은 열매만 무독성이라고 할 뿐 덜 익은 열매·줄기·잎 중 어디가 독성인지 밝히지 않아 toxic_part 를 비웠다. 독성 성분도 'a substance' 라고만 한다. 원문 도입이 '먹이지 말아야 할 사람 음식'이라고 밝혀 NEVER. 원문 말미에 정보 출처가 ASPCA · RSPCA · Purina · Cornell University Department of Animal Science 라고만 적혀 있고 항목별 출처 표기는 없다.
F-016-010,S-016,Agriculture Victoria (주정부),toxicity_food,cat,생 이스트 반죽,,,,,,,,,NEVER,,소화관 내에서 반죽이 부풀며 가스가 차 위 또는 장 파열 유발,복통,,,,"""Yeast dough"" 절",2026-07-31,,ohb,원문 'The risk diminishes after the dough is cooked and the yeast has fully risen' — 다 구워진 뒤에는 위험이 줄어든다고 밝힌다. 원문 도입이 '먹이지 말아야 할 사람 음식'이라고 밝혀 NEVER. 원문 말미에 정보 출처가 ASPCA · RSPCA · Purina · Cornell University Department of Animal Science 라고만 적혀 있고 항목별 출처 표기는 없다.
F-054-001,S-054,WSAVA 세계소동물수의사협회,nutrition,cat,간식 총량(1일 섭취 열량 대비),,,,,%,10,1일 총 섭취 열량,,,,,,,,,"""Developing healthy treating habits"" 절 · ""How many treats can I feed?"" 절",2026-07-31,,ohb,"원문 'Treats should always make up less than 10% of a cat's daily calorie intake.' 상한이라 dose 가 아니라 max_value 에 넣었다(그래서 unit 만 있고 dose 가 없다는 WARN 이 뜬다) — 개 쪽 F-053-001 과 같은 처리다. 원문은 간식을 '완전 균형식에 더해 주는 모든 음식(간식·츄·보조제·투약용 음식 포함, 시판품과 집에서 만든 것 모두)'으로 정의한다."
F-054-002,S-054,WSAVA 세계소동물수의사협회,nutrition,cat,체중별 1일 간식 허용 열량(성묘),,,,,,,1일 총 섭취 열량의 10%,성묘,,,,,,,,"""Feeding treats to your cat"" 절 — 체중별 간식 열량 표",2026-07-31,,ohb,"원문 표(체중 kg = 간식 열량 kcal/일): 2.5=18 · 3=20 · 3.5=21 · 4=22 · 4.5=24 · 5=25 · 5.5=26 · 6=26 · 7=28. 표 각주 '이상적인 체형의 건강한 평균 성묘의 1일 요구 열량 기준이며 개별 고양이의 요구량은 담당 수의팀과 상의하라'. kcal 은 검사기 허용 단위가 아니고 체중마다 값이 달라 dose·unit 에 넣지 않고 note 에만 남겼다 — 개 쪽 F-053-013 과 같은 처리. ⚠ 5.5 kg 과 6 kg 이 둘 다 26 으로 같은데, 개 쪽 S-053 표에서 PDF 텍스트 추출 오류(값 반복)가 실제로 나왔던 만큼 원본 PDF 대조가 필요하다 — 팀장 확인."
F-054-003,S-054,WSAVA 세계소동물수의사협회,nutrition,cat,간식 급여 원칙(식사 대체 금지·질식 예방·감독),,,,,,,,,,,,,,,,"""Developing healthy treating habits"" 절",2026-07-31,,ohb,"원문 요지: 간식은 절대 식사를 대체할 수 없고 모든 고양이에게 완전 균형식이 필요하다 · 간식은 질식 위험을 줄이도록 적절한 크기와 모양이어야 한다 · 츄·간식·장난감을 줄 때는 지켜본다 · 시판 간식의 열량이 라벨에 없으면 제조사에 문의한다 · 적정 체중 유지가 건강과 삶의 질에 필수다 · 간식 종류와 양은 담당 수의팀과 상의한다 · 간식 대신 함께 즐겁게 보내는 다른 방법도 고려한다. 원문은 간식이 훈련 보상·환경 풍부화·유대 강화에 쓰인다고 하면서도, 지나치면 주식의 영양 균형을 무너뜨리고 원치 않는 체중 증가를 부른다고 경고한다."
F-054-004,S-054,WSAVA 세계소동물수의사협회,toxicity_food,cat,뼈(익힌 것·생것),,,,,,,,,NEVER,,씹거나 삼켰을 때 심각한 손상,,,,,"""Unsafe treats"" 절",2026-07-31,"Abd Elkader et al. 2020, PLoS One 15(6):e0233983",ohb,원문 'Bones (cooked and raw) can be very dangerous and cause significant damage if chewed and/or ingested by cats.' 각주 3 은 고양이 식도 이물 논문이다. 손상 부위는 원문이 구체적으로 밝히지 않는다.
F-054-005,S-054,WSAVA 세계소동물수의사협회,toxicity_food,cat,비가공 생 동물성 간식,,,,,,,,,NEVER,,병원체(살모넬라 등) 전파 위험,,,,,"""Unsafe treats"" 절",2026-07-31,"Kukanich 2011, JAVMA 238(11):1430-1434 · Finley et al. 2006, Clin Infect Dis 42(5):686-691",ohb,"원문 'Unprocessed, raw animal-based treats are a risk of pathogen transmission.' 원문 본문은 병원체를 특정하지 않으나 각주 4·5 가 모두 살모넬라 논문이라 effect 에 예시로 적었다 — 팀장 확인. 개 쪽 원문(S-053)에는 '오염된 돼지 귀' 예시가 있는데 고양이판에는 없다."
F-054-006,S-054,WSAVA 세계소동물수의사협회,toxicity_food,cat,사람 음식·식탁 남은 음식,,,,,,,,,CAUTION,,,,,,,"""Unsafe treats"" 절",2026-07-31,"Rowe et al. 2017, Prev Vet Med 143:39-48 · Anon. 2013, Vet Rec 172(3):59 · Cortinovis & Caloni 2016, Front Vet Sci 3:26",ohb,"원문 'Human food and table scraps can be unhealthy and potentially dangerous to cats.' 금지가 아니라 주의라 CAUTION — 개 쪽 F-053-005 와 같은 처리. S-016(Agriculture Victoria)은 개별 사람 음식을 NEVER 로 잡고 있어 등급이 엇갈려 보일 수 있으나, 이 행은 '사람 음식 일반'이고 S-016 은 개별 품목이라 대상이 다르다 — 팀장 확인."
F-054-007,S-054,WSAVA 세계소동물수의사협회,toxicity_food,cat,양파·리크·샬롯·마늘·차이브(알리움류),,,,,,,,,NEVER,,,,,,,"""Unsafe treats"" 절 — Toxic food ingredients 목록 (Onions, leeks, shallots, garlic, chives)",2026-07-31,,ohb,원문은 성분 이름만 나열하고 증상·용량은 적지 않는다.
F-054-008,S-054,WSAVA 세계소동물수의사협회,toxicity_food,cat,포도·건포도·커런트·설타나,,,,,,,,,NEVER,,,,,,,"""Unsafe treats"" 절 — Toxic food ingredients 목록 (Grapes, raisins, currants and sultanas)",2026-07-31,,ohb,원문은 성분 이름만 나열하고 증상·용량은 적지 않는다.
F-054-009,S-054,WSAVA 세계소동물수의사협회,toxicity_food,cat,초콜릿,,,,,,,,,NEVER,,,,,,,"""Unsafe treats"" 절 — Toxic food ingredients 목록 (Chocolate)",2026-07-31,,ohb,원문은 성분 이름만 나열하고 증상·용량은 적지 않는다.
F-054-010,S-054,WSAVA 세계소동물수의사협회,toxicity_food,cat,자일리톨,,,,,,,,,NEVER,,,,,,,"""Unsafe treats"" 절 — Toxic food ingredients 목록 (Xylitol (sweetener))",2026-07-31,,ohb,원문은 성분 이름만 나열하고 증상·용량은 적지 않는다.
F-054-011,S-054,WSAVA 세계소동물수의사협회,toxicity_food,cat,알코올·생 이스트 반죽,,,,,,,,,NEVER,,,,,,,"""Unsafe treats"" 절 — Toxic food ingredients 목록 (Alcohol and raw yeast dough)",2026-07-31,,ohb,원문은 성분 이름만 나열하고 증상·용량은 적지 않는다.
F-054-012,S-054,WSAVA 세계소동물수의사협회,toxicity_food,cat,카페인 음료(커피·차·에너지드링크),,,,,,,,,NEVER,,,,,,,"""Unsafe treats"" 절 — Toxic food ingredients 목록 (Caffeinated drinks, including coffee, tea and energy drinks)",2026-07-31,,ohb,원문은 성분 이름만 나열하고 증상·용량은 적지 않는다.
F-054-013,S-054,WSAVA 세계소동물수의사협회,toxicity_food,cat,우유·유제품(유당 불내성),,,,,,,,,NEVER,,,,,,,"""Unsafe treats"" 절 — Toxic food ingredients 목록 (Milk and dairy products*)",2026-07-31,,ohb,"원문은 우유·유제품을 'Toxic food ingredients' 목록에 넣고, 각주로 'Many cats are lactose intolerant, therefore consumption of these products should be avoided' 라고 이유를 밝힌다. 중독이라기보다 유당 불내성인데 목록 표제가 'toxic' 이라 표현이 강하다 — 팀장 확인(S-016 F-016-006 과 같은 쟁점)."
F-054-014,S-054,WSAVA 세계소동물수의사협회,nutrition,cat,기저질환·식이 민감증·처방식 급여 중인 고양이의 간식,,,,,,,,,CAUTION,,,,,,,"""Unsafe treats"" 절 첫 문단",2026-07-31,"Nielson et al. 2024, PLoS One 19(1):e0296011 · Rowe et al. 2017, Prev Vet Med 143:39-48 · Abd Elkader et al. 2020, PLoS One 15(6):e0233983",ohb,"원문 'If your cat has a medical condition, dietary sensitivities, or is being fed a veterinary-prescribed diet, conventional treats may not be appropriate. Ask your veterinary healthcare team for advice if you are unsure what is suitable for your cat.' 수의팀에 문의하라는 안내이지 응급 행동 지시가 아니어서 triage_level 은 비웠다 — 팀장 확인."
F-054-015,S-054,WSAVA 세계소동물수의사협회,nutrition,cat,고양이에게 흔히 주는 사람 음식의 에너지 밀도,,,,,,,,,,,,,,,,에너지 밀도 표 (Food / Measure / Calories),2026-07-31,,ohb,"원문 표: 코티지치즈(지방 2%) 1oz/28g 25 kcal · 저지방 우유 2 fl oz/59ml 27 kcal · 익힌 새우 1oz/28g 29 kcal · 캔 참치(물에 담근 것) 1oz/28g 36 kcal · 익힌 연어살 1oz/28g 39 kcal · 햄 1oz/28g 46 kcal · 껍질 없는 닭가슴살(익힌 것) 1oz/28g 47 kcal · 껍질 없는 칠면조 가슴살 1oz/28g 50 kcal · 살코기 소고기(익힌 것) 1oz/28g 64 kcal · 체다치즈 1oz/28g 120 kcal. 원문 'For many cats, consuming just one of these food types in the specified quantity could exceed their maximum recommended daily calorie intake from treats' — 실제로 F-054-002 표의 간식 허용량(18-28 kcal/일)과 대조하면 체다치즈 1oz(120 kcal)는 4배를 넘는다. 원문이 급여 상한을 정하지는 않으므로 수치를 dose·max_value 에 넣지 않고 note 에만 남겼다 — nutrition 템플릿이 권장량으로 출력하면 뜻이 뒤집힌다(개 쪽 F-053-013 과 같은 처리). 팀장 확인."
F-020-001,S-020,Cornell Riney Canine Health Center,nutrition,dog,구리,,,기타,1.8,mg,,"1,000 kcal 당",성견,,,,,,,,"""Why is this incidence increasing?"" 절",2026-07-31,,ohb,"원문 ""About 1.8 mg per 1000 kcals is recommended for adult dogs"" — 권장 섭취량이라 지침 3장의 어느 역치 유형에도 맞지 않아 기타로 두었다(중독 역치 아님, 팀장 확인). 같은 자료 ""What diet should I use?"" 절에 AAFCO 가 최소 1.8 mg/1000 kcal 를 요구한다는 규제 기준이 따로 나오는데 수치가 같아 행을 나누지 않았다. 또 원문은 ""many dog foods contain about 6-10 mg per 1000 kcals, sometimes even more"" 라고 시판 사료 실제 함량을 밝히지만, nutrition 템플릿이 dose 를 ""최소 …가 권장된다""로 출력하므로 권장량으로 오독될 위험이 있어 별도 행으로 만들지 않았다."
F-020-002,S-020,Cornell Riney Canine Health Center,nutrition,dog,구리,,,기타,3.1,mg,,"1,000 kcal 당",자견,,,,,,,,"""Why is this incidence increasing?"" 절",2026-07-31,,ohb,"원문 ""puppies need around 3.1 mg per 1000 kcals"". 권장 섭취량이라 기타."
F-020-003,S-020,Cornell Riney Canine Health Center,nutrition,dog,저구리 처방식(Hill's l/d · Royal Canin Hepatic Support),,,성분 함량,,mg,1.2-1.3,"1,000 kcal 당",,,,,,,,,"""What diet should I use?"" 절",2026-07-31,,ohb,"원문 ""These diets have about 1.2-1.3 mg of copper per 1000 kcals"". 식단의 구리 함량이라 성분 함량으로 잡고 dose 가 아니라 max_value 에 넣었다 — nutrition 템플릿에서 dose 는 ""최소 …가 권장된다""로 나가는데 저구리 식이에서는 정반대 의미가 되기 때문이다(팀장 확인). 같은 절에 zinc gluconate 10 mg/kg 병용 연구가 나오지만 ""저구리 식이 단독 대비 추가 이점 없음""이 결론이라 권장량이 아니어서 행으로 만들지 않았다."
F-020-004,S-020,Cornell Riney Canine Health Center,nutrition,dog,구리 제한 자가조리 식단(약 300 kcal · Balance It® Canine-Cu 병용),,,성분 함량,,mg,0.3-0.4,"1,000 kcal 당",,,,,,,,,Diet Plan 표 (BEEF · CHICKEN · SALMON),2026-07-31,,ohb,원문 표의 Copper per 1000 kcals 행: 소고기 ~0.4 mg · 닭가슴살 ~0.3 mg · 연어 ~0.4 mg. 세 식단을 한 행으로 묶고 범위로 적었다. 급여량은 개체 열량 요구량에 맞춰 수의사와 정하라고 원문이 못박고 있다.
F-020-005,S-020,Cornell Riney Canine Health Center,nutrition,dog,구리 간병증 식단에서 제한하는 식품(내장육·복합곡물·조개류·버섯·녹색잎채소),,,,,,,,,,,,,,,,"""What if my dog will not eat commercial dog food?"" 절 — 5개 항목 목록",2026-07-31,,ohb,원문 목록: No organ meats / No complex grains / No shellfish / No mushrooms / Fewer green leafy vegetables. 구리 간병증 진단견의 식단 설계 지침이지 개 일반의 급여 금지가 아니므로 feeding_level 을 비웠다(질환 조건부 — 팀장 확인).
F-021-001,S-021,Wild Earth (사료회사 블로그),toxicity_food,dog,초콜릿(테오브로민),,,,,,,,,NEVER,,심장·뇌 과자극,,,,,"""How Toxic Foods Affect Dogs"" 절",2026-07-31,,ohb,"원문 ""Theobromine ... Accumulates in dogs' systems, overstimulating the heart and brain"". 카페인도 같은 항목에 묶여 있다. 수치는 없다."
F-021-002,S-021,Wild Earth (사료회사 블로그),toxicity_food,dog,자일리톨,,,,,,,,,NEVER,,급격한 인슐린 분비에 의한 저혈당 및 간 손상,,30분 이내,,,"""How Toxic Foods Affect Dogs"" 절",2026-07-31,,ohb,"원문 ""dangerously lowering blood sugar within 30 minutes and damaging the liver"" — 30분은 발현 시각이지 용량이 아니다."
F-021-003,S-021,Wild Earth (사료회사 블로그),toxicity_food,dog,포도·건포도,,,역치 없음,,,,,,NEVER,,급성 신부전,,24-72시간,,,"""How Toxic Foods Affect Dogs"" 절 · FAQ ""Why are grapes and raisins dangerous?""",2026-07-31,,ohb,"FAQ 원문 ""The toxin and safe dose remain unknown, making even small amounts emergencies"" 및 ""there is no truly safe minimum dose"" → 역치 없음. 수치가 없으므로 dose 는 비운다."
F-021-004,S-021,Wild Earth (사료회사 블로그),toxicity_food,dog,익힌 뼈,,,,,,,,,NEVER,,질식·내부 손상·장 폐색,,,,,"FAQ ""Are cooked bones unsafe?""",2026-07-31,,ohb,"원문 ""they splinter easily, causing choking, internal injuries, or blockages""."
F-021-005,S-021,Wild Earth (사료회사 블로그),toxicity_food,dog,마카다미아,,,,,,,,,NEVER,,,,,,,A to Z 목록 — M 행,2026-07-31,,ohb,"A to Z 목록에 이름만 올라 있고 개별 설명·수치는 없다. 목록 제목이 ""Poisonous & Toxic Foods""라 NEVER 로 잡았다. 자료 자체가 사료회사 블로그(tier 3)라 상위 출처와 어긋나면 상위를 따를 것."
F-021-006,S-021,Wild Earth (사료회사 블로그),toxicity_food,dog,이스트 반죽,,,,,,,,,NEVER,,,,,,,A to Z 목록 — Y 행 (Yeast Dough),2026-07-31,,ohb,"A to Z 목록에 이름만 올라 있고 개별 설명·수치는 없다. 목록 제목이 ""Poisonous & Toxic Foods""라 NEVER 로 잡았다. 자료 자체가 사료회사 블로그(tier 3)라 상위 출처와 어긋나면 상위를 따를 것."
F-021-007,S-021,Wild Earth (사료회사 블로그),toxicity_food,dog,육두구,,,,,,,,,NEVER,,,,,,,A to Z 목록 — N 행 (Nutmeg),2026-07-31,,ohb,"A to Z 목록에 이름만 올라 있고 개별 설명·수치는 없다. 목록 제목이 ""Poisonous & Toxic Foods""라 NEVER 로 잡았다. 자료 자체가 사료회사 블로그(tier 3)라 상위 출처와 어긋나면 상위를 따를 것."
F-021-008,S-021,Wild Earth (사료회사 블로그),toxicity_food,dog,생 감자·싹이 난 녹색 감자,,,,,,,,,NEVER,,,,,,,"A to Z 목록 — P 행 (Potatoes, Raw or Green)",2026-07-31,,ohb,"A to Z 목록에 이름만 올라 있고 개별 설명·수치는 없다. 목록 제목이 ""Poisonous & Toxic Foods""라 NEVER 로 잡았다. 자료 자체가 사료회사 블로그(tier 3)라 상위 출처와 어긋나면 상위를 따를 것."
F-021-009,S-021,Wild Earth (사료회사 블로그),toxicity_food,dog,대황 잎,,,,,,,,,NEVER,,,,,,,A to Z 목록 — R 행 (Rhubarb Leaves),2026-07-31,,ohb,"A to Z 목록에 이름만 올라 있고 개별 설명·수치는 없다. 목록 제목이 ""Poisonous & Toxic Foods""라 NEVER 로 잡았다. 자료 자체가 사료회사 블로그(tier 3)라 상위 출처와 어긋나면 상위를 따를 것."
F-021-010,S-021,Wild Earth (사료회사 블로그),toxicity_food,dog,야생 버섯,,,,,,,,,NEVER,,,,,,,"A to Z 목록 — M 행 (Mushrooms, Wild)",2026-07-31,,ohb,"A to Z 목록에 이름만 올라 있고 개별 설명·수치는 없다. 목록 제목이 ""Poisonous & Toxic Foods""라 NEVER 로 잡았다. 자료 자체가 사료회사 블로그(tier 3)라 상위 출처와 어긋나면 상위를 따를 것."
F-021-011,S-021,Wild Earth (사료회사 블로그),symptom,dog,식품 중독 의심 증상,,,,,,,,,,,,구토|설사|호흡곤란|침 흘림|안절부절·이상 흥분|떨림|쇠약·기립 곤란|발작|배뇨 감소,,증상이 나타나면 즉시 수의사·응급병원 또는 중독 핫라인에 연락,,"""Signs of Food Toxicity"" 절",2026-07-31,,ohb,"원문은 ""Symptoms may appear quickly or be delayed"" 라고만 하고 발현 시각을 특정하지 않는다."
F-021-012,S-021,Wild Earth (사료회사 블로그),emergency,dog,중독 의심 시 응급 대응(자가 구토 유도 금지),,,,,,,,,,CALL_NOW,,,,개를 원인 물질에서 즉시 떼어놓기|먹은 것·양·시각 확인하고 포장 보관|임의로 구토를 유도하지 말 것|수의사·응급병원 또는 Pet Poison Helpline (855)-764-7661 에 즉시 연락|수의사 승인 없이 사람 약을 주지 말 것,,"""Emergency Response Steps"" 1~6단계",2026-07-31,,ohb,"원문 ""Call for Expert Help Immediately: Contact your vet, emergency clinic, or Pet Poison Helpline"" → 행동 지시가 명시적이라 CALL_NOW. ""바로 응급실로""라는 표현은 없어 EMERGENCY 는 쓰지 않았다."
F-063-001,S-063,AAHA,toxicity_food,dog,양파,,,,,,,,,NEVER,,적혈구 손상에 의한 빈혈,쇠약|점막 창백|황달|허탈,,,,1. Onions and garlic 절,2026-07-31,,ohb,원문은 고양이가 훨씬 더 민감하다고 덧붙이지만 이 자료는 개 대상이라 species=dog 로 두었다.
F-063-002,S-063,AAHA,toxicity_food,dog,마늘,,,,,,,,,NEVER,,적혈구 손상에 의한 빈혈,쇠약|점막 창백|황달|허탈,,,,1. Onions and garlic 절,2026-07-31,,ohb,"원문 ""Garlic is more toxic than onions"" — 상대 독성만 말하고 수치는 없다."
F-063-003,S-063,AAHA,toxicity_food,dog,초콜릿(테오브로민),,,,,,,,,NEVER,,테오브로민·카페인 중독,구토|설사|과다 활동|빠른 호흡|발작,,,,2. Chocolate desserts 절,2026-07-31,,ohb,원문은 자일리톨로 단맛을 낸 디저트도 함께 경고한다.
F-063-004,S-063,AAHA,toxicity_food,dog,포도·건포도,,,,,,,,,NEVER,,신부전,구토|식욕 저하|무기력|과도한 갈증과 배뇨,,,,3. Grapes and raisins 절,2026-07-31,,ohb,"원문 ""the tartaric acid in grapes is considered the culprit, the exact toxic substance is unknown"" 이고 개체차가 크다고 명시(""some developing toxicity from a few grapes, while others can eat a grape or two with no problem""). 수치가 없어 dose 를 비웠다."
F-063-005,S-063,AAHA,toxicity_food,dog,옥수수 속대,,,,,,,,,NEVER,,질식 또는 장 폐색,구토|식욕 저하|배변 시 힘주기,,,,4. Corn on the cob 절,2026-07-31,,ohb,"원문은 옥수수 알갱이 자체는 유해하지 않다(""corn itself isn't harmful"")고 구분한다 — 위험한 것은 속대다."
F-063-006,S-063,AAHA,toxicity_food,dog,꼬치(나무·금속 스큐어),,,,,,,,,NEVER,,입·목·장 천공 손상,,,,,5. Skewers 절,2026-07-31,,ohb,식품이 아니라 조리 도구지만 바비큐 상황의 섭취 위험 항목이라 toxicity_food 로 두었다(팀장 확인).
F-063-007,S-063,AAHA,toxicity_food,dog,알코올,,,,,,,,,NEVER,,"중독, 중증 시 사망",구토|설사|호흡곤란|떨림,,,,6. Alcohol 절,2026-07-31,,ohb,"원문 ""Even small amounts of alcohol can be dangerous"" — 소량도 위험하다고만 하고 ""안전량 없음""이라는 표현은 쓰지 않아 threshold_type 을 비웠다."
F-063-008,S-063,AAHA,toxicity_food,dog,뼈(익힌 것·생것),,,,,,,,,NEVER,,"구강·인후·장관 손상, 생뼈는 세균 감염·질식",,,,,7. Bones 절,2026-07-31,,ohb,"원문은 생뼈가 덜 부서지지만(""less brittle"") 세균 감염·질식 위험이 있다고 한다."
F-063-009,S-063,AAHA,toxicity_food,dog,지방 많은 고기·비계,,,,,,,,,NEVER,,위장관 장애 및 췌장염,구토|설사|복통,,,,8. Fatty meats and trimmings 절,2026-07-31,,ohb,"원문은 양념 없는 살코기 소량은 간식으로 괜찮다(""a small piece of unseasoned lean meat may be a nice treat"")고 구분한다 — NEVER 는 지방육·비계에 한정된다."
F-063-010,S-063,AAHA,toxicity_food,dog,마카다미아,,,,,,,,,NEVER,,중독,쇠약|기력 저하|구토|떨림|고체온,,,,9. Macadamia nuts 절,2026-07-31,,ohb,"원문 ""The exact toxin is unknown, but a small amount can cause severe illness"" — ""small amount""에 수치가 없어 dose 를 비웠다."
F-063-011,S-063,AAHA,toxicity_food,dog,짠 과자(감자칩·프레첼 등),,,,,,,,,NEVER,,나트륨 중독,구토|설사|떨림|체온 상승|발작,,,,10. Salty snacks 절,2026-07-31,,ohb,염분 함량 수치는 원문에 없다.
F-063-012,S-063,AAHA,emergency,dog,바비큐 위험 식품 섭취 의심,,,,,,,,,,CALL_NOW,,,,손님이 모르고 위험 식품을 줬을 때|쓰레기통을 뒤져 먹었을 때,,맺음 문단,2026-07-31,,ohb,"원문 ""Should a guest unknowingly share a dangerous food with your pet, or your four-legged pal dives into the trash, contact your AAHA-accredited veterinarian for help"" → 행동 지시."
F-053-001,S-053,WSAVA 세계소동물수의사협회,nutrition,dog,간식 총량(1일 섭취 열량 대비),,,,,%,10,1일 총 섭취 열량,,,,,,,,,"""Developing healthy treating habits"" 절 · ""How many treats can I feed?"" 절",2026-07-31,,ohb,"원문 ""Treats should always make up less than 10% of a dog's daily calorie intake"". 상한이라 dose 가 아니라 max_value 에 넣었다(그래서 unit 만 있고 dose 가 없다는 WARN 이 뜬다). ⚠ 같은 절의 체중별 간식 칼로리 표(2 kg=14 … 45 kg=146)는 스냅샷 주석이 PDF 텍스트 추출 오류로 판정(6-40 kg 구간 32 반복)하고 적재를 금지해 행으로 만들지 않았다 — 원본 PDF 재추출 필요."
F-053-002,S-053,WSAVA 세계소동물수의사협회,toxicity_food,dog,뼈(익힌 것·생것),,,,,,,,,NEVER,,구강·소화관 손상,,,,,"""Unsafe treats"" 절",2026-07-31,,ohb,"원문 ""Bones (cooked and raw) can be very dangerous and cause significant damage if chewed and/or ingested by dogs""."
F-053-003,S-053,WSAVA 세계소동물수의사협회,toxicity_food,dog,지나치게 단단한 츄(사슴뿔·발굽 등)·날카로운 모서리 간식,,,,,,,,,NEVER,,치아 파절·구강 외상,,,,,"""Unsafe treats"" 절",2026-07-31,,ohb,"원문은 ""should be avoided"" 라고만 하고 구체적 손상 기전을 적지 않았다 — effect 는 같은 절 ""obesity, trauma, obstruction and even death"" 중 외상에 해당하는 부분에서 좁혀 적었다. 팀장 확인."
F-053-004,S-053,WSAVA 세계소동물수의사협회,toxicity_food,dog,비가공 생 동물성 간식(돼지 귀 등),,,,,,,,,NEVER,,병원체 전파 위험,,,,,"""Unsafe treats"" 절",2026-07-31,,ohb,"원문 ""Unprocessed, raw animal-based treats, for example, contaminated pigs' ears, are a risk of pathogen transmission""."
F-053-005,S-053,WSAVA 세계소동물수의사협회,toxicity_food,dog,사람 음식·식탁 남은 음식,,,,,,,,,CAUTION,,,,,,,"""Unsafe treats"" 절",2026-07-31,,ohb,"원문 ""can be unhealthy and potentially dangerous to dogs"" — 금지가 아니라 주의라 CAUTION."
F-053-006,S-053,WSAVA 세계소동물수의사협회,toxicity_food,dog,초콜릿(테오브로민),,,,,,,,,NEVER,,,,,,,"""Unsafe treats"" 절 — Toxic food ingredients 목록 (Chocolate)",2026-07-31,,ohb,원문은 성분 이름만 나열하고 증상·용량은 적지 않는다.
F-053-007,S-053,WSAVA 세계소동물수의사협회,toxicity_food,dog,마카다미아,,,,,,,,,NEVER,,,,,,,"""Unsafe treats"" 절 — Toxic food ingredients 목록 (Macadamia nuts)",2026-07-31,,ohb,원문은 성분 이름만 나열하고 증상·용량은 적지 않는다.
F-053-008,S-053,WSAVA 세계소동물수의사협회,toxicity_food,dog,양파·리크·샬롯·마늘·차이브(알리움류),,,,,,,,,NEVER,,,,,,,"""Unsafe treats"" 절 — Toxic food ingredients 목록 (Onions, leeks, shallots, garlic, chives)",2026-07-31,,ohb,원문은 성분 이름만 나열하고 증상·용량은 적지 않는다.
F-053-009,S-053,WSAVA 세계소동물수의사협회,toxicity_food,dog,포도·건포도·커런트·설타나,,,,,,,,,NEVER,,,,,,,"""Unsafe treats"" 절 — Toxic food ingredients 목록 (Grapes, raisins, currants and sultanas)",2026-07-31,,ohb,원문은 성분 이름만 나열하고 증상·용량은 적지 않는다.
F-053-010,S-053,WSAVA 세계소동물수의사협회,toxicity_food,dog,자일리톨,,,,,,,,,NEVER,,,,,,,"""Unsafe treats"" 절 — Toxic food ingredients 목록 (Xylitol (sweetener))",2026-07-31,,ohb,원문은 성분 이름만 나열하고 증상·용량은 적지 않는다.
F-053-011,S-053,WSAVA 세계소동물수의사협회,toxicity_food,dog,알코올·생 이스트 반죽,,,,,,,,,NEVER,,,,,,,"""Unsafe treats"" 절 — Toxic food ingredients 목록 (Alcohol and raw yeast dough)",2026-07-31,,ohb,원문은 성분 이름만 나열하고 증상·용량은 적지 않는다.
F-053-012,S-053,WSAVA 세계소동물수의사협회,toxicity_food,dog,카페인 음료(커피·차·에너지드링크),,,,,,,,,NEVER,,,,,,,"""Unsafe treats"" 절 — Toxic food ingredients 목록 (Caffeinated drinks, including coffee, tea and energy drinks)",2026-07-31,,ohb,원문은 성분 이름만 나열하고 증상·용량은 적지 않는다.
F-053-013,S-053,WSAVA 세계소동물수의사협회,nutrition,dog,고열량 간식·츄(껌뼈·말린 돼지 귀 등),,,,,,,,,,,,,,,,에너지 밀도 표 (Food / Measure / Calories),2026-07-31,,ohb,"원문 표: 껌뼈(rawhide bone) 6.7oz/190g 700 kcal · 말린 돼지 귀 2oz/56g 242 kcal · 트라이프 스틱 1oz/28g 217 kcal · 체다치즈 1oz/28g 120 kcal · 땅콩버터 1큰술 81 kcal · 다이제스티브 비스킷 1개 75 kcal · 살코기 소고기 1oz 64 kcal · 칠면조 가슴살 1oz 50 kcal · 닭가슴살 1oz 47 kcal · 햄 1oz 46 kcal. 원문은 ""consuming just one of these in the specified quantity could exceed their maximum recommended daily calorie intake from treats"" 라고만 하고 급여 상한을 정하지 않는다. 수치를 dose 나 max_value 에 넣으면 nutrition 템플릿이 권장량·허용 상한으로 출력해 뜻이 뒤집히므로 note 에만 남겼다 — 팀장 확인."
F-064-001,S-064,American Kennel Club,toxicity_food,dog,사과,,씨|심,,,,,,,SAFE,,,,,,,"""Fruits Dogs Can Eat"" — Apples",2026-07-31,,ohb,"원문 ""Just be sure to remove the seeds and core first"". 노령견 간식으로 적합하다고 기술."
F-064-002,S-064,American Kennel Club,toxicity_food,dog,수박,,껍질|씨,,,,,,,SAFE,,껍질·씨 섭취 시 장 폐색,,,,,"""Fruits Dogs Can Eat"" — Watermelon",2026-07-31,,ohb,"원문 ""remove the rind and seeds first, as they can cause intestinal blockage"". 과육은 안전. 92% 가 수분이라는 서술이 있으나 급여 기준이 아니라 옮기지 않았다."
F-064-003,S-064,American Kennel Club,toxicity_food,dog,라즈베리,,,,,oz,8,,,SAFE,,,,,,,"""Fruits Dogs Can Eat"" — Raspberries",2026-07-31,,ohb,"원문 ""Raspberries contain small, naturally occurring amounts of xylitol, so limit your dog to no more than 8 ounces of fresh or frozen raspberries"" — 급여 상한이라 dose 가 아니라 max_value 에 넣었고 단위는 원문 그대로 oz 다(환산하지 않음). ⚠ toxicity_food 템플릿은 max_value 를 출력하지 않아 이 상한이 문장에 반영되지 않는다 — 팀장 확인."
F-064-004,S-064,American Kennel Club,toxicity_food,dog,호박(순수 퓨레·구운 호박),,,,,,,,,SAFE,,설사·변비 완화,,,,,"""Fruits Dogs Can Eat"" — Pumpkin",2026-07-31,,ohb,"원문 ""always choose 100% pumpkin puree"" — 파이 필링 등 가당 제품은 대상이 아니다."
F-064-005,S-064,American Kennel Club,toxicity_food,dog,당근,,,,,,,,,SAFE,,,,,,,"""Vegetables Dogs Can Eat"" — Carrots",2026-07-31,,ohb,저열량·고섬유 간식으로 기술. 급여량 수치는 없다.
F-064-006,S-064,American Kennel Club,toxicity_food,dog,복숭아,,씨,,,,,,,SAFE,,씨에 시안화물 함유,,,,,"""Fruits Dogs Can Eat"" — Peaches",2026-07-31,,ohb,"원문 ""the pit contains cyanide"" · ""cut the flesh away from the peach pit"". 과육은 안전, 시럽에 절인 통조림은 피하라고 기술. 시안화물 함량 수치는 없다."
F-064-007,S-064,American Kennel Club,toxicity_food,dog,망고,,씨,,,,,,,SAFE,,씨에 소량의 시안화물 함유 및 질식 위험,,,,,"""Fruits Dogs Can Eat"" — Mango",2026-07-31,,ohb,"원문 ""remove the hard pit first, as it contains small amounts of cyanide and can become a choking hazard"". 당분이 높아 간헐적 간식으로만."
F-064-008,S-064,American Kennel Club,toxicity_food,dog,브로콜리,,,,,,,,,CAUTION,,"이소티오시아네이트에 의한 위장 자극, 단단한 줄기는 식도 폐색",,,,,"""Vegetables Dogs Can Eat"" — Broccoli",2026-07-31,,ohb,"원문 ""safe for dogs to eat in small amounts, and is best served as an occasional treat"" + 위장 자극·식도 폐색 경고 → SAFE 가 아니라 CAUTION 으로 잡았다(팀장 확인). 원문은 익혀서 주기를 권한다."
F-064-009,S-064,American Kennel Club,toxicity_food,dog,시금치,,,,,,,,,CAUTION,,옥살산에 의한 칼슘 흡수 저해 및 신장 손상 가능,,,,,"""Vegetables Dogs Can Eat"" — Spinach",2026-07-31,,ohb,"원문은 ""Dogs can eat spinach, but it's not one of the top vegetables"" 라며 ""a very large amount"" 이라야 문제가 된다고 한다 — 수치는 없다. 권장이 약해 CAUTION."
F-064-010,S-064,American Kennel Club,toxicity_food,dog,토마토,,녹색 부위|잎|줄기,,,,,,,CAUTION,,솔라닌 중독,,,,,"""Fruits Dogs Should Avoid"" — Tomatoes",2026-07-31,,ohb,"원문은 익은 과육은 대체로 안전(""the ripened flesh ... is generally safe"")하고 다량의 녹색 부위를 먹어야 문제가 된다고 하면서도 ""better to skip tomatoes all together"" 라고 권한다. 등급이 갈리는 항목이라 CAUTION 으로 두고 toxic_part 로 부위를 남겼다 — 팀장 확인."
F-064-011,S-064,American Kennel Club,toxicity_food,dog,아보카도,,씨|껍질|잎|과육,,,,,,,NEVER,,"퍼신에 의한 구토·설사, 고지방으로 인한 위장관 장애·췌장염",구토|설사,,,,"""Fruits Dogs Should Avoid"" — Avocado",2026-07-31,,ohb,"원문 ""The pit, skin, and leaves ... contain persin"" 이고 과육은 퍼신이 적지만 ""still can be too much for dogs to handle"" 라 과육도 toxic_part 에 포함했다."
F-064-012,S-064,American Kennel Club,toxicity_food,dog,체리,,씨|줄기|잎,,,,,,,NEVER,CALL_NOW,시안화물 중독(세포 산소 운반 장애),동공 확대|호흡곤란|잇몸 발적,,,,"""Fruits Dogs Should Avoid"" — Cherries",2026-07-31,,ohb,"원문 ""these may be signs of cyanide poisoning, which is a veterinary emergency"" — ""응급""이라는 판정은 있으나 ""바로 응급실로""라는 행동 지시 문장은 없어 EMERGENCY 대신 CALL_NOW 로 낮췄다. 등급 판정이 애매한 행 — 팀장 확인. 씨를 둘러싼 과육은 예외라고 기술."
F-064-013,S-064,American Kennel Club,toxicity_food,dog,포도·건포도,,,,,,,,,NEVER,CALL_NOW,급성 신부전,,,,,"""Fruits Dogs Should Avoid"" — Grapes",2026-07-31,,ohb,"원문 ""If you think your dog has eaten grapes, call your veterinarian"" → CALL_NOW. 품종·성별·연령과 무관하게 독성이 있다고 기술하며 수치는 없다."
F-064-014,S-064,American Kennel Club,toxicity_food,dog,양파(리크·차이브 포함),,,,,,,,,NEVER,CALL_NOW,적혈구 파괴,구토|설사|복통|메스꺼움,,,,"""Vegetables Dogs Should Avoid"" — Onions",2026-07-31,,ohb,"원문 ""Dogs should never eat onions. If you think your dog has eaten onions, call your veterinarian"" → CALL_NOW. 아키타·시바견 등 일본 견종에서 더 심각하다고 기술."
F-064-015,S-064,American Kennel Club,toxicity_food,dog,야생 버섯,,,,,,,,,NEVER,,"중증 중독, 사망 가능",,,,,"""Vegetables Dogs Should Avoid"" — Mushrooms",2026-07-31,,ohb,"원문은 전 세계 5만 종 중 50-100 종이 독성으로 알려져 있다고 하고, 세척한 시판 식용 버섯은 대체로 무방(""generally fine"")하다고 구분한다 — NEVER 는 야생 버섯에 한정된다. 50-100 / 50,000 은 종 수이지 용량이 아니라 dose 에 넣지 않았다."
F-080-001,S-080,PetMD (상업),symptom,dog,강박장애(CCD),,,,,,,,,,VISIT_SOON,,앞발·다리 핥기·씹기|꼬리 쫓기·제자리 돌기|서성임·원 그리며 걷기·울타리 달리기|허공 물기(파리 물기)|빛·그림자 쫓기·응시|표면 강박 핥기|옆구리·천 빨기,6-24개월령,반복 행동이 매일 나타나거나 악화될 때|수면·식욕·산책·훈련·휴식을 방해할 때|자해(출혈·부종·분비물·개방창)가 있을 때|천·돌·플라스틱 등 이물을 삼켰을 때|허탈·심한 혼돈·발작 유사 증상이 동반될 때|강박 행동 때문에 먹거나 마시거나 쉬지 못할 때,,"""What Is Canine Compulsive Disorder?"" · ""Symptoms"" · ""When To Call Your Vet"" 절",2026-07-31,,ohb,"원문 ""Contact your veterinarian if repetitive behavior occurs daily or worsens"" → VISIT_SOON. onset 은 발병 연령(""CCD typically begins between 6-24 months of age"")이지 섭취 후 발현 시각이 아니다 — 다른 행의 onset 과 의미가 달라 템플릿 출력(""증상은 … 이내에 나타난다"")이 어색할 수 있다, 팀장 확인. 수의행동학 진료견의 2-5%가 CCD 진단을 받는다는 유병률 수치가 있으나 용량이 아니라 dose 에 넣지 않았다."
F-080-002,S-080,PetMD (상업),symptom,dog,앞발·다리 강박 핥기·씹기,,,,,,,,,,VISIT_SOON,,지단부 핥음 피부염(통증성 감염 궤양),,반복 행동이 매일 나타나거나 악화될 때|수면·식욕·산책·훈련·휴식을 방해할 때|자해(출혈·부종·분비물·개방창)가 있을 때|천·돌·플라스틱 등 이물을 삼켰을 때|허탈·심한 혼돈·발작 유사 증상이 동반될 때|강박 행동 때문에 먹거나 마시거나 쉬지 못할 때,,"""Symptoms of Canine Compulsive Disorder"" 절 — Licking or chewing a paw or leg",2026-07-31,,ohb,"""When To Call Your Vet"" 절의 진료 기준을 개별 행동 행에도 같이 실었다 — 원문은 CCD 전반에 대해 한 번만 제시한다."
F-080-003,S-080,PetMD (상업),symptom,dog,꼬리 쫓기·제자리 돌기,,,,,,,,,,VISIT_SOON,,,,반복 행동이 매일 나타나거나 악화될 때|수면·식욕·산책·훈련·휴식을 방해할 때|자해(출혈·부종·분비물·개방창)가 있을 때|천·돌·플라스틱 등 이물을 삼켰을 때|허탈·심한 혼돈·발작 유사 증상이 동반될 때|강박 행동 때문에 먹거나 마시거나 쉬지 못할 때,,"""Symptoms of Canine Compulsive Disorder"" 절 — Tail chasing or spinning",2026-07-31,,ohb,"""When To Call Your Vet"" 절의 진료 기준을 개별 행동 행에도 같이 실었다 — 원문은 CCD 전반에 대해 한 번만 제시한다."
F-080-004,S-080,PetMD (상업),symptom,dog,서성임·원 그리며 걷기·울타리 달리기,,,,,,,,,,VISIT_SOON,,,,반복 행동이 매일 나타나거나 악화될 때|수면·식욕·산책·훈련·휴식을 방해할 때|자해(출혈·부종·분비물·개방창)가 있을 때|천·돌·플라스틱 등 이물을 삼켰을 때|허탈·심한 혼돈·발작 유사 증상이 동반될 때|강박 행동 때문에 먹거나 마시거나 쉬지 못할 때,,"""Symptoms of Canine Compulsive Disorder"" 절 — Pacing, circling, or fence running",2026-07-31,,ohb,"""When To Call Your Vet"" 절의 진료 기준을 개별 행동 행에도 같이 실었다 — 원문은 CCD 전반에 대해 한 번만 제시한다."
F-080-005,S-080,PetMD (상업),symptom,dog,허공 물기(파리 물기),,,,,,,,,,VISIT_SOON,,,,반복 행동이 매일 나타나거나 악화될 때|수면·식욕·산책·훈련·휴식을 방해할 때|자해(출혈·부종·분비물·개방창)가 있을 때|천·돌·플라스틱 등 이물을 삼켰을 때|허탈·심한 혼돈·발작 유사 증상이 동반될 때|강박 행동 때문에 먹거나 마시거나 쉬지 못할 때,,"""Symptoms of Canine Compulsive Disorder"" 절 — Fly biting (snapping at air)",2026-07-31,,ohb,"""When To Call Your Vet"" 절의 진료 기준을 개별 행동 행에도 같이 실었다 — 원문은 CCD 전반에 대해 한 번만 제시한다."
F-080-006,S-080,PetMD (상업),symptom,dog,빛·그림자 쫓기·응시,,,,,,,,,,VISIT_SOON,,,,반복 행동이 매일 나타나거나 악화될 때|수면·식욕·산책·훈련·휴식을 방해할 때|자해(출혈·부종·분비물·개방창)가 있을 때|천·돌·플라스틱 등 이물을 삼켰을 때|허탈·심한 혼돈·발작 유사 증상이 동반될 때|강박 행동 때문에 먹거나 마시거나 쉬지 못할 때,,"""Symptoms of Canine Compulsive Disorder"" 절 — Light/shadow chasing or intense staring",2026-07-31,,ohb,"""When To Call Your Vet"" 절의 진료 기준을 개별 행동 행에도 같이 실었다 — 원문은 CCD 전반에 대해 한 번만 제시한다."
F-080-007,S-080,PetMD (상업),symptom,dog,표면 강박 핥기,,,,,,,,,,VISIT_SOON,,,,반복 행동이 매일 나타나거나 악화될 때|수면·식욕·산책·훈련·휴식을 방해할 때|자해(출혈·부종·분비물·개방창)가 있을 때|천·돌·플라스틱 등 이물을 삼켰을 때|허탈·심한 혼돈·발작 유사 증상이 동반될 때|강박 행동 때문에 먹거나 마시거나 쉬지 못할 때,,"""Symptoms of Canine Compulsive Disorder"" 절 — Compulsive surface licking",2026-07-31,,ohb,"""When To Call Your Vet"" 절의 진료 기준을 개별 행동 행에도 같이 실었다 — 원문은 CCD 전반에 대해 한 번만 제시한다."
F-080-008,S-080,PetMD (상업),symptom,dog,옆구리·천 빨기,,,,,,,,,,VISIT_SOON,,,,반복 행동이 매일 나타나거나 악화될 때|수면·식욕·산책·훈련·휴식을 방해할 때|자해(출혈·부종·분비물·개방창)가 있을 때|천·돌·플라스틱 등 이물을 삼켰을 때|허탈·심한 혼돈·발작 유사 증상이 동반될 때|강박 행동 때문에 먹거나 마시거나 쉬지 못할 때,,"""Symptoms of Canine Compulsive Disorder"" 절 — Flank sucking or fabric sucking",2026-07-31,,ohb,"""When To Call Your Vet"" 절의 진료 기준을 개별 행동 행에도 같이 실었다 — 원문은 CCD 전반에 대해 한 번만 제시한다."
F-080-009,S-080,PetMD (상업),emergency,dog,강박 행동에 동반된 응급 상황(자해·이물 삼킴·발작 유사),,,,,,,,,,EMERGENCY,,출혈·부종·분비물·개방창|천·돌·플라스틱 등 이물 삼킴|허탈|심한 혼돈|발작 유사 증상|먹거나 마시거나 안정하지 못함,,자해로 출혈·부종·분비물·개방창이 생겼을 때|이물을 삼켰을 가능성이 있을 때|허탈·심한 혼돈·발작 유사 증상이 있을 때|먹거나 마시거나 쉬지 못할 때,,"""When To Call Your Vet"" 절 — Seek immediate veterinary care if …",2026-07-31,,ohb,"원문 ""Seek immediate veterinary care if …"" 및 ""CCD requires urgent veterinary attention if a dog causes self-injury, swallows non-food items, or stops eating and sleeping"" → 즉시 진료를 지시하므로 EMERGENCY 로 잡았다. 다만 지침 표의 EMERGENCY 예문(""바로 응급실로, 전화하지 말고"")과 문구가 정확히 같지는 않다 — CALL_NOW 로 낮출지 팀장 확인."
F-080-010,S-080,PetMD (상업),symptom,dog,강박 행동의 의학적 감별 원인,,,,,,,,,,VISIT_SOON,,피부병(알레르기·감염)|통증(관절염·정형외과 질환)|신경병성 통증·이상 감각|위장관 질환(구역·역류·염증성 장질환)|내분비·대사 질환(쿠싱병 등)|신경 질환(부분 발작·뇌 질환·키아리 유사 기형·척수공동증),,반복 행동이 매일 나타나거나 악화될 때|수면·식욕·산책·훈련·휴식을 방해할 때|자해(출혈·부종·분비물·개방창)가 있을 때|천·돌·플라스틱 등 이물을 삼켰을 때|허탈·심한 혼돈·발작 유사 증상이 동반될 때|강박 행동 때문에 먹거나 마시거나 쉬지 못할 때,,"""Causes of Canine Compulsive Disorder"" 절 — Medical causes",2026-07-31,,ohb,"원문은 이 항목들을 ""critical and often overlooked"" 로 강조한다. 행동 문제로 단정하기 전에 의학적 원인을 먼저 배제하라는 취지의 행이다."
F-023-001,S-023,ASPCA,toxicity_food,mammal,알코올(주류·알코올 함유 식품),,,,,,,,,NEVER,CALL_NOW,알코올 중독,구토|설사|운동실조|침울|호흡곤란|떨림|혈중 pH 변화|혼수|사망,,알코올에 노출된 정황이 있는 경우,,"""Alcohol and Yeast Dough"" 절",2026-07-31,,ohb,"원문 ""it's important to take prompt action in seeking veterinary attention if your pet has had exposure"" — 행동 지시이긴 하나 ""call"" 도 ""straight to the ER"" 도 아니다. CALL_NOW 로 두었으나 EMERGENCY 로 볼 여지가 있어 팀장 확인 필요. 원문은 ""Alcohol is rapidly absorbed after ingestion"" 이라고 근거를 든다."
F-023-002,S-023,ASPCA,toxicity_food,mammal,발효 이스트 반죽(생 빵 반죽),,,,,,,,,NEVER,,위 팽창 및 염전(생명을 위협하는 응급)|이차적 알코올 중독,복부 팽만|복통,,,,"""Alcohol and Yeast Dough"" 절",2026-07-31,,ohb,"원문은 ""life-threatening emergency"" 라고 상태를 서술할 뿐 보호자 행동 지시 문장이 없어 triage_level 을 비웠다. 반죽이 위 속에서 알코올을 부산물로 만들어 알코올 중독 합병증이 겹칠 수 있다고 기술한다."
F-023-003,S-023,ASPCA,toxicity_food,mammal,초콜릿·커피·카페인(메틸잔틴),,,,,,,,,NEVER,,메틸잔틴 중독,구토|설사|헐떡임|과도한 갈증|다뇨|과다행동|심박 이상|떨림|발작|사망,,,,"""Chocolate, Coffee and Caffeine"" 절",2026-07-31,,ohb,"원문은 카카오 함량이 높을수록(다크할수록) 위험이 크고, 화이트초콜릿이 메틸잔틴 함량이 가장 낮으며 베이킹초콜릿·코코아파우더가 가장 높다고만 기술한다. 수치가 없어 dose·threshold_type 을 비웠다."
F-023-004,S-023,ASPCA,toxicity_food,bird,아보카도,,,,,,,,,NEVER,,심혈관 손상 및 사망(조류·토끼),두경부 부종(말·당나귀·반추동물),,,,"""Fruits/Vegetables > Avocado"" 절",2026-07-31,,ohb,"⚠️배정표 종은 mammal 이지만 원문 아보카도 절은 개·고양이를 전혀 언급하지 않는다 — ""primarily a problem for birds, rabbits, donkeys, horses and ruminants including sheep and goats"" 이며 가장 큰 우려는 조류·토끼의 심혈관 손상과 사망이다. 종 열거 중 열거값에 있는 것이 bird 뿐이라 bird 로 좁혔고 토끼·말·당나귀·반추동물은 이 표의 종 열거로 표현할 수 없다. 팀장 확인 필요. D-09/D-39에 따라 조류 행이므로 dose 는 비웠다(원문에도 수치 없음)."
F-023-005,S-023,ASPCA,toxicity_food,mammal,감귤류(줄기·잎·껍질·과육·씨),,줄기|잎|껍질|과육|씨,,,,,,,CAUTION,,자극 및 침울(다량 섭취 시),위장관 자극|침울,,,,"""Fruits/Vegetables > Citrus"" 절",2026-07-31,,ohb,"원문은 시트르산과 정유 성분을 원인으로 들고 ""Small ingestions, such as eating the fruit, are not likely to present problems beyond minor stomach upset"" 이라며 소량은 경미하다고 명시한다. 이 때문에 NEVER 가 아니라 CAUTION 으로 판정했다."
F-023-006,S-023,ASPCA,toxicity_food,dog,포도·건포도,,,,,,,,,NEVER,,신장 손상,,,,,"""Fruits/Vegetables > Grapes and Raisins"" 절",2026-07-31,,ohb,"원문이 ""dogs are not able to process tartaric acid"" 로 개만 지목해 dog 으로 좁혔다. 독성 성분은 타르타르산으로 ""speculated""(추정) 라고만 기술한다 — 확정 사실로 문장화하지 말 것."
F-023-007,S-023,ASPCA,toxicity_food,mammal,양파·마늘·부추(Allium 속),Allium,,,,,,,,NEVER,,적혈구 손상에 의한 빈혈,위장관 자극|빈혈,,,,"""Fruits/Vegetables > Onion, Garlic, Chives"" 절",2026-07-31,,ohb,"원문 ""Although cats are more susceptible, dogs are also at risk depending on the amount ingested"" — 고양이가 더 민감하나 개도 위험이라 mammal 로 두었다. 섭취량에 따라 위험이 달라진다고만 하고 수치는 없다."
F-023-008,S-023,ASPCA,toxicity_food,mammal,우유·유제품,,,,,,,,,CAUTION,,유당 소화 불량,설사|소화기 불편,,,,"""Milk/Dairy"" 절",2026-07-31,,ohb,"원문은 반려동물에 락타아제가 충분치 않다는 기전만 설명한다. 급여 금지라는 표현은 없고 자료 제목이 ""Foods to Avoid"" 라 CAUTION 으로 두었다."
F-023-009,S-023,ASPCA,toxicity_food,dog,마카다미아,,,,,,,,,NEVER,,마카다미아 중독,쇠약|운동실조|침울|구토|떨림|고열,12시간 이내,,,"""Nuts/Fatty Foods > Macadamia Nuts"" 절",2026-07-31,,ohb,"원문이 ""in dogs"" 로 개만 지목해 dog 으로 좁혔다. 회복은 ""within 24-72 hours"" 로 예상된다고 기술 — onset 칸에는 증상 발현(12시간 이내)만 넣었다."
F-023-010,S-023,ASPCA,toxicity_food,mammal,견과류(아몬드·피칸·호두),,,,,,,,,CAUTION,,췌장염(일부 개체),구토|설사,,,,"""Nuts/Fatty Foods > Nuts"" 절",2026-07-31,,ohb,"원문은 고지방·고유분 때문이라고만 하고 양을 말하지 않는다. 자료 제목은 회피 대상 목록이나 본문이 ""potentially pancreatitis in some pets"" 로 조건부라 CAUTION 으로 판정했다. 등급 판단이 갈릴 수 있어 검수 필요."
F-023-011,S-023,ASPCA,toxicity_food,mammal,자일리톨,,,,,,,,,NEVER,,저혈당|간 손상,구토|무기력|운동실조|발작,12-24시간,,,"""Sweet and Salty > Xylitol"" 절",2026-07-31,,ohb,"onset 은 원문 ""Liver damage can occur within 12-24 hours"" 로, 간 손상 발현 시각이다. 초기 징후(구토·무기력·운동실조)의 발현 시각은 원문에 없다. 간 손상은 이차적 출혈 이상을 일으킬 수 있다고 기술. 원문은 껌·사탕·구운 과자·치약에 들어 있다고 든다."
F-023-012,S-023,ASPCA,toxicity_food,mammal,소금·과도하게 짠 음식,,,,,,,,,CAUTION,,전해질 이상,갈증 증가|다뇨|구토|설사|침울|떨림|발작|사망,,,,"""Sweet and Salty > Salt/Excessively Salty Foods"" 절",2026-07-31,,ohb,"원문은 ""depending on the amount ingested"" 로 양에 따라 달라진다고만 하고 수치가 없다."
F-023-013,S-023,ASPCA,toxicity_food,mammal,생고기·생달걀·생뼈,"Salmonella, E. coli",,,,,,,,NEVER,,세균 감염(Salmonella·E. coli)|비타민 흡수 저해|위장관 손상 및 폐색,,,,,"""Raw/Undercooked Meat, Eggs, and Bones"" 절",2026-07-31,,ohb,"원문 ""Dogs/cats might sustain injury or obstruction to the gastrointestinal tract when ingesting bones, which could be serious and require surgery"" — 개·고양이를 함께 지목해 mammal 유지. scientific_name 에는 원문에 나온 세균명을 그대로 옮겼다(학명 칸의 본래 용도와 다르므로 검수 필요)."
F-037-001,S-037,AAHA,emergency,mammal,호흡곤란,,,,,,,,,,,호흡부전(알레르기 반응·심장 및 폐 질환 등),숨을 헐떡임|천명음|과도한 팬팅|시끄러운 호흡|잇몸이 파랗거나 회색·보라색으로 변함,,,,"""1. Difficulty breathing"" 절",2026-07-31,,ohb,"이 절에는 ""Changes in your pet's breathing are always a concern"" 이라는 서술만 있고 보호자 행동 지시 문장이 없어 triage_level 을 비웠다. 같은 증상에 대해 S-038(AAHA)이 ""Don't call. Take your pet straight to the nearest ER"" 로 EMERGENCY 를 명시하므로 문장화 때 함께 인용할 것."
F-037-002,S-037,AAHA,emergency,mammal,지속적 구토·설사,,,,,,,,자견·자묘·노령동물에서 특히 위험,,CALL_NOW,탈수 및 쇠약,반복적인 구토|중증 설사|혈변,,짧은 시간에 여러 번 구토|중증 설사|혈액 등 다른 징후 동반,,"""2. Persistent vomiting or diarrhea"" 절",2026-07-31,,ohb,"원문 ""seek prompt veterinary care"" — ""call"" 도 ""straight to the ER"" 도 아니어서 지침 표에 정확히 대응하지 않는다. 조건부 문장이라 CALL_NOW 로 두었으나 EMERGENCY 로 볼 여지가 있다. 팀장 확인 필요."
F-037-003,S-037,AAHA,emergency,mammal,무반응·의식 변화,,,,,,,,,,EMERGENCY,중독·뇌졸중·열사병·쇼크 등 중대한 이상,심한 무기력|지남력 상실|부르거나 명령해도 반응하지 않음,,,,"""3. Unresponsiveness"" 절",2026-07-31,,ohb,"원문 ""should be taken to the nearest veterinary emergency center for rapid diagnosis and treatment"" — 가까운 응급센터로 데려가라는 명확한 지시라 EMERGENCY."
F-037-004,S-037,AAHA,emergency,mammal,발작,,,,,,,,,,CALL_NOW,,조절되지 않는 떨림|침 흘림|경련|의식 소실,,발작이 끝난 직후,,"""4. Seizures"" 절",2026-07-31,,ohb,"⚠️골든셋 출처 상충 사례. 원문 ""As soon as the seizure ends, immediately contact your veterinarian"" 은 ""contact""(연락) 지시라 CALL_NOW 다. 같은 상황에 FOUR PAWS S-030 은 ""go immediately""(EMERGENCY) 로 더 높다 — 하향 금지 게이트가 EMERGENCY 를 채택해야 정답이다(04 §2.3 · eval/goldenset/README.md). 원문은 발작 중에는 안전한 공간을 확보하고 입 근처에 손을 대지 말라고 지시한다."
F-037-005,S-037,AAHA,emergency,mammal,출혈·외상,,,,,,,,,,EMERGENCY,내부 손상|쇼크,눈에 보이는 출혈|차에 치임|높은 곳에서 떨어짐,,,,"""5. Bleeding or injury"" 절",2026-07-31,,ohb,"원문 ""Seek immediate care to rule out a hidden emergency"" — 즉시 진료 지시라 EMERGENCY. 겉으로 멀쩡해 보여도 내부 손상이 있거나 쇼크가 통증을 가릴 수 있다고 경고한다."
F-037-006,S-037,AAHA,emergency,mammal,갑작스러운 행동 변화,,,,,,,,,,VISIT_SOON,,갑작스러운 공격성|과도한 두려움|평소와 다른 위축,,,,"""6. Sudden behavior changes"" 절",2026-07-31,,ohb,"원문 ""a full veterinary exam is necessary to determine its cause"" — 진료가 필요하다는 지시이나 즉시·전화 같은 시급성 표현이 없어 VISIT_SOON 으로 두었다. 판단이 갈릴 수 있어 검수 필요."
F-037-007,S-037,AAHA,emergency,mammal,"부기·복부 팽만(GDV, 고창증)",,,,,,,,,,EMERGENCY,위확장염전(GDV)|암|내부 출혈,복부 부기|쇠약|창백한 잇몸|헛구역질,,쇠약·창백한 잇몸·헛구역질 등이 함께 나타나는 경우,,"""7. Swelling or bloating"" 절",2026-07-31,,ohb,"원문 ""Sudden swelling or bloating warrants immediate veterinary care"" — 즉시 진료 지시라 EMERGENCY."
F-037-008,S-037,AAHA,emergency,mammal,창백하거나 변색된 잇몸,,,,,,,,,,EMERGENCY,쇼크|빈혈|순환 부전,잇몸이 파랗거나 회색·흰색·보라색으로 변함,,,,"""8. Pale or discolored gums"" 절",2026-07-31,,ohb,"원문 ""Seek immediate veterinary attention if you notice your pet's gums are an abnormal color"" — EMERGENCY. 원인으로 내부 출혈·심장질환·호흡기 문제를 든다."
F-037-009,S-037,AAHA,emergency,mammal,눈 부상,,,,,,,,,,EMERGENCY,시력 상실 등 합병증,충혈|부기|안구 탈출|눈을 찡그림|과도한 눈물|이물질이 보임,,,,"""9. Eye injuries"" 절",2026-07-31,,ohb,"원문 ""seek emergency care"" — EMERGENCY. 외상·이물(씨앗·나뭇조각)·감염이 원인으로 제시된다."
F-037-010,S-037,AAHA,emergency,mammal,마비·심한 쇠약,,,,,,,,,,EMERGENCY,신경계 질환|척수 손상|독소에 의한 중증 대사 이상,갑작스러운 쇠약|마비|운동 실조|보행 불가,,,,"""10. Paralysis or extreme weakness"" 절",2026-07-31,,ohb,"원문 ""are always an emergency"" · ""require immediate intervention to preserve the pet's nerve function and mobility"" — 시간에 민감한 상황이라 EMERGENCY."
F-037-011,S-037,AAHA,emergency,mammal,응급 여부를 판단하기 어려운 경우,,,,,,,,,,CALL_NOW,,,,어떤 이유로든 반려동물의 건강이 걱정되는 경우,,맺음 문단,2026-07-31,,ohb,"원문 ""if you're concerned about your pet's health for any reason, err on the side of caution and contact your AAHA-accredited veterinarian or the nearest pet emergency center"" — 연락 지시라 CALL_NOW. 같은 문단이 ""not every behavior change is an emergency"" 라고도 명시한다 — 과대평가 방지 근거로 쓸 수 있다."
F-038-001,S-038,AAHA,emergency,mammal,지속적인 호흡곤란,,,,,,,,,,EMERGENCY,호흡부전,지속적인 호흡 곤란,,,,"""Emergency"" 절",2026-07-31,,ohb,"원문 ""Consider sustained breathing trouble in pets an emergency. Don't call. Take your pet straight to the nearest ER."" — 지침 표의 EMERGENCY 예문과 사실상 동일한 문장이다. 원문은 호흡기 문제가 응급 트리아지에서 우선 평가를 받으며, 반려동물이 힘든 것을 숨기는 탓에 수의사가 사람보다 훨씬 늦게 발견하게 된다고 덧붙인다."
F-038-002,S-038,AAHA,emergency,cat,고양이의 개구호흡(팬팅),,,,,,,,,,EMERGENCY,호흡부전,입을 벌리고 헐떡임,,,,"""Panting"" 절",2026-07-31,,ohb,"원문 ""While dogs pant or breathe with their mouths open for many reasons, that's not normal for cats. A panting cat is struggling to breathe and should be considered a medical emergency."" — 고양이만 해당해 cat 으로 좁혔다. 개의 팬팅은 여러 이유로 정상일 수 있다고 같은 절이 명시한다 — 개에 그대로 적용하지 말 것."
F-038-003,S-038,AAHA,emergency,dog,호흡곤란에 동반된 열사병(고체온),,,,,,,,,,,열사병,고체온,,체온 103°F 이상,,"""Heat Stroke"" 절",2026-07-31,,ohb,"원문 수치를 환산 없이 그대로 옮긴다 — 고온 기준 ""103° or higher"", 개의 정상 체온 ""101.0 to 102.5° Fahrenheit or 38.3 to 39.2° Celsius"". 화씨/섭씨 변환은 코드가 한다(지침 절대규칙 3). 체온은 섭취량이 아니라 dose·unit 대신 escalation_conditions·note 에 넣었다 — 표 설계상 온도 칸이 없다. 팀장 확인 필요. 원문은 ""Dogs also can get heat stroke"" 로 개만 지목하며 단두종(""breeds with smooshed faces"")의 과열을 특히 주의하라고 한다. 이 절 자체에는 보호자 행동 지시가 없어 triage_level 을 비웠다(문서 첫 절의 EMERGENCY 지시가 문서 전체에 적용된다)."
F-038-004,S-038,AAHA,emergency,mammal,빠른 호흡(빈호흡),,,,,,,,,,,,분당 호흡수 증가|얕고 빠른 호흡,,분당 40-60회를 지속적으로 초과하는 호흡,,"""Rapid Breathing"" 절",2026-07-31,,ohb,"원문 수치 그대로 — 안정 시 정상 호흡수 ""15-30 per minute"", ""Anything continuously over 40-60 breaths per minute is concerning"". 개와 고양이 모두 해당한다(""Both dogs and cats"")고 명시해 mammal 유지. 회/분은 섭취량이 아니라 dose·unit 을 쓰지 않고 escalation_conditions 에 원문 수치를 그대로 넣었다. 이 절에는 ""concerning"" 이라는 서술만 있고 행동 지시가 없어 triage_level 을 비웠다."
F-038-005,S-038,AAHA,emergency,mammal,호흡곤란에 동반된 안절부절(자세 불안),,,,,,,,,,,,편한 자세로 자리잡지 못함|누웠다가 곧바로 다시 일어서기를 반복|납작하게 눕지 못함|머리를 내려놓지 못함|앉거나 머리를 든 자세를 유지하려 함,,,,"""Restlessness"" 절",2026-07-31,,ohb,원문은 호흡곤란 동물이 불편함을 느껴 안절부절 행동을 보인다고 기술한다. 행동 지시가 없어 triage_level 을 비웠다.
F-038-006,S-038,AAHA,emergency,mammal,혀·잇몸의 보라색 변색과 허탈,,,,,,,,,,,중증 저산소증,혀나 잇몸이 보라색으로 변함|쓰러짐(허탈),,,,"""What to Say"" 절",2026-07-31,,ohb,"원문 ""In dire situations, pets' tongue or gums turn purple, or they collapse. Mention that too, if it applies."" — 위중한 상황의 지표이며, 진료 시 이 사실을 반드시 말하라고 지시한다. 같은 절은 보호자가 ""I'm worried about the way they are breathing"" 처럼 단순하게 말하고, 집에서 팬팅과 빠르고 힘든 호흡이 시작됐다는 점을 분명히 전하라고 조언한다(병원에서는 호흡이 원래 빨라 보이기 때문). 행동 지시가 '전달하라'에 그쳐 triage_level 은 비웠다."
F-038-007,S-038,AAHA,emergency,mammal,천식(호흡곤란의 원인),,,,,,,,,,,,기침|천명음|개구호흡,,,,"""Respiratory Distress in Pets"" 표 — Asthma 행",2026-07-31,,ohb,⚠️스냅샷에서 이 표의 개·고양이 해당 체크 셀이 통째로 유실됐다(배정표 비고). 따라서 천식이 개·고양이 중 어느 쪽에 표시돼 있었는지 알 수 없어 종을 좁히지 못했다 — 원문 PDF 재확인 필요.
F-038-008,S-038,AAHA,emergency,mammal,폐렴(호흡곤란의 원인),,,,,,,,,,,,빠른 호흡|기침|납작하게 눕지 못하고 몸을 세운 자세를 취함|앞다리를 약간 벌리고 섬|복부를 더 쓰는 호흡|구토 또는 발작(개),,,,"""Respiratory Distress in Pets"" 표 — Pneumonia 행",2026-07-31,,ohb,"⚠️표의 개·고양이 체크 셀 유실. 다만 원문이 고양이 칸에 ""(but less common to develop aspiration pneumonia)"" 라는 단서를, 증상 칸에 ""Vomiting or seizure (in dogs)"" 를 남겨 두어 양쪽 모두 해당함을 알 수 있다 — 그래서 mammal 로 두었다."
F-038-009,S-038,AAHA,emergency,mammal,흉막 질환(폐와 흉벽 사이의 액체 또는 공기),,,,,,,,,,,외상·감염·암·이물에 의한 흉막강 이상,빠르고 얕은 호흡|납작하게 눕지 못하고 몸을 세우거나 머리를 든 자세를 취함|복부를 더 쓰는 호흡,,,,"""Respiratory Distress in Pets"" 표 — Pleural Disease 행",2026-07-31,,ohb,⚠️표의 개·고양이 체크 셀 유실으로 종을 좁히지 못했다.
F-038-010,S-038,AAHA,emergency,mammal,후두 질환(후두마비),,,,,,,,,,,,시끄럽고 거친 호흡|목소리 변화,,,,"""Respiratory Distress in Pets"" 표 — Laryngeal Disease 행",2026-07-31,,ohb,"⚠️표의 개·고양이 체크 셀 유실. 다만 원문이 항목명에 ""laryngeal paralysis, especially in older, larger dogs"" 를, 고양이 칸에 ""(possible tumor)"" 를 남겨 두어 양쪽 모두 해당함을 알 수 있다 — mammal 로 두었다. 노령·대형견에서 특히 흔하다는 서술은 개 한정이다."
F-038-011,S-038,AAHA,emergency,mammal,울혈성 심부전(호흡곤란의 원인),,,,,,,,,,,,빠른 호흡|안절부절|창백하거나 파란 잇몸|기침|쓰러짐(허탈),,,,"""Respiratory Distress in Pets"" 표 — Congestive Heart Failure 행",2026-07-31,,ohb,⚠️표의 개·고양이 체크 셀 유실으로 종을 좁히지 못했다.
F-047-001,S-047,Hill's Pet Nutrition,nutrition,dog,사과,,씨|심지,,,,얇은 조각 1~2쪽,1회 적정 급여량(원문 표),,CAUTION,,,,,,,"""강아지 먹어도 되는 과일 및 적정 급여량"" 표",2026-07-31,,ohb,"원문 주의점: 씨·심지·큰 조각은 급여하지 않는다. 원문 분류는 '먹어도 되는 과일'이지만 항목마다 적정량·제거 부위·주의점이 붙는 조건부 허용이라 SAFE 가 아니라 CAUTION 으로 판정했다. 급여량은 체중당 임계치가 아니라 권장 1회량이므로 dose 가 아니라 max_value 에 넣었다. ⚠️AKC S-064 는 같은 과일을 SAFE 로 판정해 병합 시 급여 등급이 엇갈린다 — 검수 필요. ⚠️Tier 3 · route=""참고"" 자료(Hill's 상업 사이트)다. 단독 근거로 인용하지 말고 상위 티어 자료와 함께 쓸 것."
F-047-002,S-047,Hill's Pet Nutrition,nutrition,dog,바나나,,껍질,,,,1~2조각,1회 적정 급여량(원문 표),,CAUTION,,,,,,,"""강아지 먹어도 되는 과일 및 적정 급여량"" 표",2026-07-31,,ohb,"원문 주의점: 당분과 칼로리에 주의한다. 원문 급여법: 껍질 제거 후 약 2.5cm 이하로 자르기. 원문 분류는 '먹어도 되는 과일'이지만 항목마다 적정량·제거 부위·주의점이 붙는 조건부 허용이라 SAFE 가 아니라 CAUTION 으로 판정했다. 급여량은 체중당 임계치가 아니라 권장 1회량이므로 dose 가 아니라 max_value 에 넣었다. ⚠️Tier 3 · route=""참고"" 자료(Hill's 상업 사이트)다. 단독 근거로 인용하지 말고 상위 티어 자료와 함께 쓸 것."
F-047-003,S-047,Hill's Pet Nutrition,nutrition,dog,블루베리,,,,,,2~3개,1회 적정 급여량(원문 표),,CAUTION,,,,,,,"""강아지 먹어도 되는 과일 및 적정 급여량"" 표",2026-07-31,,ohb,"원문 주의점: 소형견은 반으로 잘라 급여한다. 원문 분류는 '먹어도 되는 과일'이지만 항목마다 적정량·제거 부위·주의점이 붙는 조건부 허용이라 SAFE 가 아니라 CAUTION 으로 판정했다. 급여량은 체중당 임계치가 아니라 권장 1회량이므로 dose 가 아니라 max_value 에 넣었다. ⚠️Tier 3 · route=""참고"" 자료(Hill's 상업 사이트)다. 단독 근거로 인용하지 말고 상위 티어 자료와 함께 쓸 것."
F-047-004,S-047,Hill's Pet Nutrition,nutrition,dog,망고,,껍질|씨,,,,1~2쪽,1회 적정 급여량(원문 표),,CAUTION,,,,,,,"""강아지 먹어도 되는 과일 및 적정 급여량"" 표",2026-07-31,,ohb,"원문 주의점: 씨는 질식·장폐색 위험이 있다. 원문 분류는 '먹어도 되는 과일'이지만 항목마다 적정량·제거 부위·주의점이 붙는 조건부 허용이라 SAFE 가 아니라 CAUTION 으로 판정했다. 급여량은 체중당 임계치가 아니라 권장 1회량이므로 dose 가 아니라 max_value 에 넣었다. ⚠️AKC S-064 는 같은 과일을 SAFE 로 판정해 병합 시 급여 등급이 엇갈린다 — 검수 필요. ⚠️Tier 3 · route=""참고"" 자료(Hill's 상업 사이트)다. 단독 근거로 인용하지 말고 상위 티어 자료와 함께 쓸 것."
F-047-005,S-047,Hill's Pet Nutrition,nutrition,dog,복숭아,,씨,,,,2~3쪽,1회 적정 급여량(원문 표),,CAUTION,,,,,,,"""강아지 먹어도 되는 과일 및 적정 급여량"" 표",2026-07-31,,ohb,"원문 주의점: 통조림 제품은 제외한다. 원문 분류는 '먹어도 되는 과일'이지만 항목마다 적정량·제거 부위·주의점이 붙는 조건부 허용이라 SAFE 가 아니라 CAUTION 으로 판정했다. 급여량은 체중당 임계치가 아니라 권장 1회량이므로 dose 가 아니라 max_value 에 넣었다. ⚠️AKC S-064 는 같은 과일을 SAFE 로 판정해 병합 시 급여 등급이 엇갈린다 — 검수 필요. ⚠️Tier 3 · route=""참고"" 자료(Hill's 상업 사이트)다. 단독 근거로 인용하지 말고 상위 티어 자료와 함께 쓸 것."
F-047-006,S-047,Hill's Pet Nutrition,nutrition,dog,수박,,씨|껍질,,,,한입 크기 1~2쪽,1회 적정 급여량(원문 표),,CAUTION,,,,,,,"""강아지 먹어도 되는 과일 및 적정 급여량"" 표",2026-07-31,,ohb,"원문 주의점: 차갑게 많이 주지 않는다. 원문 분류는 '먹어도 되는 과일'이지만 항목마다 적정량·제거 부위·주의점이 붙는 조건부 허용이라 SAFE 가 아니라 CAUTION 으로 판정했다. 급여량은 체중당 임계치가 아니라 권장 1회량이므로 dose 가 아니라 max_value 에 넣었다. ⚠️AKC S-064 는 같은 과일을 SAFE 로 판정해 병합 시 급여 등급이 엇갈린다 — 검수 필요. ⚠️Tier 3 · route=""참고"" 자료(Hill's 상업 사이트)다. 단독 근거로 인용하지 말고 상위 티어 자료와 함께 쓸 것."
F-047-007,S-047,Hill's Pet Nutrition,toxicity_food,dog,포도류(포도·청포도·샤인머스켓·건포도),,껍질|과육|씨,,,,,,,NEVER,,급성 신장 손상,구토|설사,,,,"""강아지가 피해야 할 과일"" 절",2026-07-31,,ohb,"원문 ""포도류 전체가 해당되며, 껍질, 과육, 씨앗을 구분하지 않고 급여 대상에서 제외""해야 한다고 명시한다. ⚠️Tier 3 · route=""참고"" 자료(Hill's 상업 사이트)다. 단독 근거로 인용하지 말고 상위 티어 자료와 함께 쓸 것."
F-047-008,S-047,Hill's Pet Nutrition,toxicity_food,dog,감귤류(레몬·자몽·라임),,,,,,,,,NEVER,,소화기 반응,구토|설사|침 흘림|복부 불편감,,,,"""강아지가 피해야 할 과일"" 절",2026-07-31,,ohb,"원문은 산도가 높은 것을 원인으로 든다. 같은 감귤류를 ASPCA S-023 은 소량이면 경미하다고 보아 CAUTION 에 가깝게 기술한다 — 출처 간 등급이 엇갈리므로 검수 필요. ⚠️Tier 3 · route=""참고"" 자료(Hill's 상업 사이트)다. 단독 근거로 인용하지 말고 상위 티어 자료와 함께 쓸 것."
F-047-009,S-047,Hill's Pet Nutrition,toxicity_food,dog,체리,,씨|줄기|잎,,,,,,,NEVER,,질식·장폐색 위험,,,,,"""강아지가 피해야 할 과일"" 절",2026-07-31,,ohb,"원문은 씨·줄기·잎에 '부담이 될 수 있는 성분'이 있다고만 하고 성분명(시안 배당체 등)을 밝히지 않는다 — 보충하지 말 것. ⚠️Tier 3 · route=""참고"" 자료(Hill's 상업 사이트)다. 단독 근거로 인용하지 말고 상위 티어 자료와 함께 쓸 것."
F-047-010,S-047,Hill's Pet Nutrition,toxicity_food,dog,아보카도,,,,,,,,,NEVER,,소화기 반응,구토|설사,,,,"""강아지가 피해야 할 과일"" 절",2026-07-31,,ohb,"원문 ""퍼신이라는 성분이 포함되어 있으며, 이 성분은 강아지에게 구토와 설사 같은 소화기 반응을 일으킬 수 있는 것으로 알려져"" 있다. 아보카도는 출처별 등급 상충 사례다(FDA S-029 '개·고양이에게 경미한 독성' vs Banfield S-085 무조건 독성) — 골든셋 대조 대상. ⚠️Tier 3 · route=""참고"" 자료(Hill's 상업 사이트)다. 단독 근거로 인용하지 말고 상위 티어 자료와 함께 쓸 것."
F-047-011,S-047,Hill's Pet Nutrition,nutrition,dog,과일을 포함한 간식 총량,,,,,,10%,하루 전체 섭취 칼로리,,,,,,,,,"""과일 급여 시 보호자가 지켜야 할 원칙"" 절",2026-07-31,,ohb,"원문 ""하루 전체 섭취 칼로리의 10% 이내로 제한""이며 체중 관리와 식단 균형이 목적이다. 비율 상한이라 dose·unit 이 아니라 max_value 에 넣었다. ⚠️Tier 3 · route=""참고"" 자료(Hill's 상업 사이트)다. 단독 근거로 인용하지 말고 상위 티어 자료와 함께 쓸 것."
F-047-012,S-047,Hill's Pet Nutrition,nutrition,dog,새로운 과일의 첫 급여,,,,,,,,,,,,,,배변 상태·식욕·활동성의 이상,,"""과일 급여 시 보호자가 지켜야 할 원칙"" 절",2026-07-31,,ohb,"원문 원칙: 새로운 과일은 한 가지씩만 소량 제공하고 24~48시간 동안 배변 상태·식욕·활동성을 관찰한다. 또한 씨·껍질·줄기·심지처럼 소화가 어렵거나 위험한 부위를 먼저 제거하고, 한입에 삼키기 쉬운 크기보다 씹고 넘기기 편한 크기로 준비하라고 지시한다. 원문에 '이러면 병원에 가라'는 지시가 없어 triage_level 은 비웠다(MONITOR 로 올리면 원문에 없는 지시가 된다). ⚠️Tier 3 · route=""참고"" 자료(Hill's 상업 사이트)다. 단독 근거로 인용하지 말고 상위 티어 자료와 함께 쓸 것."
F-084-001,S-084,Pet Poison Helpline,emergency,cat,에틸렌글리콜(부동액),Ethylene Glycol,,,,,,,,,EMERGENCY,급성 신부전,,,섭취 후 3시간 이내(고양이 치료 개시 시한),,"""FOR THE CAR > Ethylene Glycol (Antifreeze)"" 절",2026-07-31,,ohb,"원문 ""It is imperative to start therapies on cats within 3 hours and dogs ideally within 6 hours."" — 고양이 시한(3시간)이 개(6시간)보다 짧아 종별로 행을 나눴다. 원문은 ""Cats are more sensitive than dogs to this substance"" 라고 명시한다. ⚠️이 문장은 보호자 행동 지시가 아니라 치료 개시 시한(수의사 대상)이다. 시한이 매우 짧아 EMERGENCY 로 두었으나 지침 표의 예문과 형태가 달라 팀장 확인 필요. 독성 정도는 농도에 따라 달라지며 치료는 지지요법·포메피졸·에탄올이라고 기술한다. 단맛이 나고 냄새가 없는 액체라 동물이 자발적으로 먹는다는 점도 원문에 있다."
F-084-002,S-084,Pet Poison Helpline,emergency,dog,에틸렌글리콜(부동액),Ethylene Glycol,,,,,,,,,EMERGENCY,급성 신부전,,,섭취 후 6시간 이내(개 치료 개시 시한),,"""FOR THE CAR > Ethylene Glycol (Antifreeze)"" 절",2026-07-31,,ohb,"원문 ""dogs ideally within 6 hours"" — 고양이(3시간)와 시한이 달라 행을 나눴다. ⚠️치료 개시 시한이지 보호자 행동 지시 문장이 아니다. EMERGENCY 판정은 팀장 확인 필요."
F-084-003,S-084,Pet Poison Helpline,emergency,mammal,디에틸렌글리콜(브레이크액),Diethylene Glycol,,,,,,,,,,급성 신부전(충분량 섭취 시),,,,,"""FOR THE CAR > Diethylene Glycol (Brake Fluid)"" 절",2026-07-31,,ohb,"원문은 에틸렌글리콜과 유사하나 안전역이 더 넓다고 기술한다. 에틸렌글리콜 소변 검사에서 양성이 나오지 않고 소변에 수산칼슘 결정을 만들지 않아 진단이 다르다는 점, 치료는 부동액과 동일하다는 점을 밝힌다. 행동 지시 문장이 없어 triage_level 을 비웠다."
F-084-004,S-084,Pet Poison Helpline,emergency,mammal,메탄올(워셔액),Methanol,,성분 함량,20-30,%,,,,,,,침울|무기력|운동실조|지남력 상실·취한 듯한 상태|구토|복통|떨림|발작|호흡곤란,,,,"""FOR THE CAR > Methanol (Windshield Washer Fluid)"" 절",2026-07-31,,ohb,"dose 는 제품의 메탄올 농도다 — 원문 ""Typical concentrations range from 20-30%"" 이므로 threshold_type 은 '성분 함량'이며 섭취 임계치가 아니다. 규칙 테이블에 넣지 말 것. 메틸알코올·'wood alcohol' 로도 불리며 빠르게 흡수된다고 기술한다. 치료는 수의사의 면밀한 모니터링과 지지요법이라고만 하고 보호자 행동 지시 문장은 없어 triage_level 을 비웠다."
F-084-005,S-084,Pet Poison Helpline,emergency,mammal,석유증류물(페인트 시너·미네랄 스피릿·등유·휘발유·모터오일 등),,,,,,,,,,,흡인성 폐렴|피부 자극 및 궤양,기침|천명음|가슴 답답함|호흡곤란,,,,"""ON THE SHELF > Petroleum Distillates/Aspiration Risks"" 절",2026-07-31,,ohb,"⚠️원문이 대문자로 강조한다 — ""NEVER induce vomiting."" 가장 큰 위험은 흡인성 폐렴이다. 구토 유발 금지는 문장화할 때 반드시 함께 나가야 한다. 해당 제품: 페인트 시너, 미네랄 스피릿, 등유, 휘발유, 프로판, 부탄, 모터오일, 윤활유, 일부 페인트, 시트로넬라 토치 연료. 치료는 화학성 폐렴에 대한 진단과 지지요법이라고 기술한다."
F-084-006,S-084,Pet Poison Helpline,emergency,mammal,접착제(디이소시아네이트 계열),"Diisocyanate, Diphenyl methane diisocyanate, Phenylisocyanate, Toluene diisocyanate, Hexamethylene diisocyanate",,,,,,,,,,위 내 팽창에 의한 이물 폐색,경미한 피부 자극|위장 장애,,,,"""ON THE SHELF > Glues/Adhesives"" 절",2026-07-31,,ohb,"대부분의 접착제는 경미한 피부 자극이나 위장 장애에 그치지만, 디이소시아네이트 계열은 위 안에서 팽창해 이물 폐색을 일으킬 수 있다. 순간접착제(시아노아크릴레이트)는 위 내에서 팽창하지 않는다고 원문이 구분한다. 털·피부에 묻은 접착제는 식용유나 마요네즈로 불린 뒤 주방세제로 씻고, 피부 손상 우려가 있어 가위를 쓰지 말라고 지시한다."
F-084-007,S-084,Pet Poison Helpline,emergency,mammal,살서제(쥐약·쥐덫 미끼),,,,,,,,,,,내부 출혈|뇌부종(발작)|신장 손상,,,,,"""ON THE SHELF > Rodenticides/Insecticides"" 절",2026-07-31,,ohb,"원문은 제제 종류를 구분하지 않고 세 가지 결과(내부 출혈, 뇌부종에 따른 발작, 신장 손상)만 든다. 성분별 해독제가 다르므로 제품 라벨 확인이 중요하다는 취지의 문장은 원문에 없다 — 보충하지 말 것."
F-084-008,S-084,Pet Poison Helpline,emergency,mammal,살충제(유기인계·피레스로이드·비펜트린),"Malathion, Diazinon, Bifenthrin",,,,,,,,,,떨림 및 보행 이상(다량 섭취 시),경미한 위장 장애|떨림|보행 곤란,,,,"""ON THE SHELF > Rodenticides/Insecticides"" 절",2026-07-31,,ohb,"원문은 대부분의 살충제가 안전역이 넓다고 하면서 말라티온·다이아지논 같은 유기인계는 위험이 크다고 구분한다. 피레스로이드계는 흔하지만 대개 저농도이고, 비펜트린 잔디용 과립은 소량이면 경미한 장애, 다량이면 떨림과 보행 곤란을 일으킬 수 있다고 기술한다. '소량·다량'의 기준 수치는 원문에 없어 dose 를 비웠다."
F-084-009,S-084,Pet Poison Helpline,emergency,mammal,비료(골분·혈분·박쥐구아노 등),,,,,,,,,,,중금속(철) 중독|이물 폐색,경미한 위장 장애,,,,"""ON THE SHELF > Fertilizers"" 절",2026-07-31,,ohb,원문은 일차적 우려가 **철 함량**이며 섭취량과 농도에 따라 중금속 중독으로 이어질 수 있다고 굵게 강조한다. 거름·박쥐구아노·골분·혈분 같은 성분이 동물을 유인한다는 점도 든다. 수치는 없다.
F-084-010,S-084,Pet Poison Helpline,emergency,mammal,독성물질 노출 시 대응(구토 유발 전 확인),,,,,,,,,,CALL_NOW,,,,구토를 유발하거나 가정에서 처치하기 전|석유증류물에 노출된 경우(구토 유발 절대 금지),,"""What to Do"" 절",2026-07-31,,ohb,"원문 ""Always consult a veterinarian or poison control before inducing vomiting or administering home treatments."" — 조치 전 반드시 상담하라는 명확한 연락 지시라 CALL_NOW. 노출 시 먼저 해당 구역에서 떼어놓고 주방세제로 씻어 털·피부의 잔여물을 제거하라고 지시한다. Pet Poison Helpline (855) 764-7661 은 연중무휴 24시간 운영이라고 원문에 있다."
F-085-001,S-085,Banfield Pet Hospital,toxicity_food,dog,아보카도(껍질·씨·잎),,껍질|씨|잎,,,,,,,NEVER,,,,,,,"""Food Toxic for Dogs"" 목록",2026-07-31,,ohb,"⚠️골든셋 출처 상충 사례 — Banfield 는 아보카도를 무조건 독성 목록에 올리지만 FDA S-029 는 ""only mildly toxic to dogs and cats"" 라고 한다(04 §2.3). 상위 등급 채택 대상. 원문이 껍질·씨·잎을 특정한 점은 ASPCA S-023(조류·토끼 중심)과도 초점이 다르다. 이 자료는 항목만 나열한 목록이라 증상·기전·용량 서술이 없다 — effect·signs 를 비운 것은 원문에 없기 때문이다. 정량 근거로 쓰지 말고 '무엇이 위험한가' 목록 근거로만 쓸 것."
F-085-002,S-085,Banfield Pet Hospital,toxicity_food,dog,포도·건포도,,,,,,,,,NEVER,,,,,,,"""Food Toxic for Dogs"" 목록",2026-07-31,,ohb,이 자료는 항목만 나열한 목록이라 증상·기전·용량 서술이 없다 — effect·signs 를 비운 것은 원문에 없기 때문이다. 정량 근거로 쓰지 말고 '무엇이 위험한가' 목록 근거로만 쓸 것.
F-085-003,S-085,Banfield Pet Hospital,toxicity_food,dog,수제 맥주용 홉,,,,,,,,,NEVER,,,,,,,"""Food Toxic for Dogs"" 목록",2026-07-31,,ohb,원문은 'Hops from home brewing' 으로만 적고 악성 고열 등 기전을 설명하지 않는다 — 보충하지 말 것. 이 자료는 항목만 나열한 목록이라 증상·기전·용량 서술이 없다 — effect·signs 를 비운 것은 원문에 없기 때문이다. 정량 근거로 쓰지 말고 '무엇이 위험한가' 목록 근거로만 쓸 것.
F-085-004,S-085,Banfield Pet Hospital,toxicity_food,dog,마카다미아,,,,,,,,,NEVER,,,,,,,"""Food Toxic for Dogs"" 목록",2026-07-31,,ohb,"원문 ""Macadamia nuts, even in small amounts"" — 소량도 해당한다고 명시하나 수치는 없다. 이 자료는 항목만 나열한 목록이라 증상·기전·용량 서술이 없다 — effect·signs 를 비운 것은 원문에 없기 때문이다. 정량 근거로 쓰지 말고 '무엇이 위험한가' 목록 근거로만 쓸 것."
F-085-005,S-085,Banfield Pet Hospital,toxicity_food,dog,곰팡이가 피거나 상한 음식,,,,,,,,,NEVER,,,,,,,"""Food Toxic for Dogs"" 목록",2026-07-31,,ohb,이 자료는 항목만 나열한 목록이라 증상·기전·용량 서술이 없다 — effect·signs 를 비운 것은 원문에 없기 때문이다. 정량 근거로 쓰지 말고 '무엇이 위험한가' 목록 근거로만 쓸 것.
F-085-006,S-085,Banfield Pet Hospital,emergency,cat,아세트아미노펜(타이레놀),Acetaminophen,,,,,,,,,,,,,,,"""Especially Poisonous for Cats"" 목록",2026-07-31,,ohb,"원문이 ""Especially Poisonous for Cats"" 소제목 아래 둔 항목이라 cat 으로 좁혔다. 다만 같은 자료의 'Human Medications Toxic to Pets' 목록에도 아세트아미노펜이 들어 있어 개에게도 독성이다 — 고양이에서 특히 위험하다는 뜻으로 읽어야 한다. 이 자료는 항목만 나열한 목록이라 증상·기전·용량 서술이 없다 — effect·signs 를 비운 것은 원문에 없기 때문이다. 정량 근거로 쓰지 말고 '무엇이 위험한가' 목록 근거로만 쓸 것."
F-085-007,S-085,Banfield Pet Hospital,emergency,cat,퍼메트린 함유 개·토끼용 구충제,permethrin,,,,,,,,,,,,,,,"""Especially Poisonous for Cats"" 목록",2026-07-31,,ohb,원문이 고양이 전용 위험 목록에 올린 항목이라 cat 으로 좁혔다. 같은 자료의 'Pet Medications to Monitor' 절도 개용 외용약을 고양이에게 바른 경우를 전화 대상으로 든다. 이 자료는 항목만 나열한 목록이라 증상·기전·용량 서술이 없다 — effect·signs 를 비운 것은 원문에 없기 때문이다. 정량 근거로 쓰지 말고 '무엇이 위험한가' 목록 근거로만 쓸 것.
F-085-008,S-085,Banfield Pet Hospital,toxicity_plant,cat,모든 진짜 백합류,,,,,,,,,NEVER,,,,,,,"""Especially Poisonous for Cats"" 목록",2026-07-31,,ohb,"원문 ""All true lilies"" — 고양이 전용 위험 목록이라 cat 으로 좁혔다. 'true lilies'(진짜 백합)의 범위를 원문이 정의하지 않는다 — 학명 보충 금지. 이 자료는 항목만 나열한 목록이라 증상·기전·용량 서술이 없다 — effect·signs 를 비운 것은 원문에 없기 때문이다. 정량 근거로 쓰지 말고 '무엇이 위험한가' 목록 근거로만 쓸 것."
F-085-009,S-085,Banfield Pet Hospital,toxicity_food,mammal,초콜릿,,,,,,,,,NEVER,,,,,,,"""Human Foods Dangerous for Pets"" 목록",2026-07-31,,ohb,소제목이 'for Pets' 라 종을 좁히지 않았다. 이 자료는 항목만 나열한 목록이라 증상·기전·용량 서술이 없다 — effect·signs 를 비운 것은 원문에 없기 때문이다. 정량 근거로 쓰지 말고 '무엇이 위험한가' 목록 근거로만 쓸 것.
F-085-010,S-085,Banfield Pet Hospital,toxicity_food,mammal,자일리톨(무설탕 사탕·껌·치약),,,,,,,,,NEVER,,,,,,,"""Human Foods Dangerous for Pets"" 목록",2026-07-31,,ohb,이 자료는 항목만 나열한 목록이라 증상·기전·용량 서술이 없다 — effect·signs 를 비운 것은 원문에 없기 때문이다. 정량 근거로 쓰지 말고 '무엇이 위험한가' 목록 근거로만 쓸 것.
F-085-011,S-085,Banfield Pet Hospital,toxicity_food,mammal,양파·마늘·리크·부추(생·조리·분말 모두),,,,,,,,,NEVER,,,,,,,"""Human Foods Dangerous for Pets"" 목록",2026-07-31,,ohb,"원문 ""Raw, cooked, or powdered garlic, onions, leeks, or chives"" — 조리 여부와 무관하게 위험하다고 명시한다. 이 자료는 항목만 나열한 목록이라 증상·기전·용량 서술이 없다 — effect·signs 를 비운 것은 원문에 없기 때문이다. 정량 근거로 쓰지 말고 '무엇이 위험한가' 목록 근거로만 쓸 것."
F-085-012,S-085,Banfield Pet Hospital,emergency,mammal,사람용 진통제(이부프로펜·나프록센·아세트아미노펜),"ibuprofen, naproxen, acetaminophen",,,,,,,,,,,,,,,"""Human Medications Toxic to Pets"" 목록",2026-07-31,,ohb,"원문은 Advil·아스피린·Aleve·Tylenol 을 예로 든다. 같은 목록에 처방약, 항우울제·항불안제, ADHD 약(Ritalin·Concerta), 감기약, 다이어트약, 대마 등 기호성 약물, 비타민·보충제도 함께 있다. 이 자료는 항목만 나열한 목록이라 증상·기전·용량 서술이 없다 — effect·signs 를 비운 것은 원문에 없기 때문이다. 정량 근거로 쓰지 말고 '무엇이 위험한가' 목록 근거로만 쓸 것."
F-085-013,S-085,Banfield Pet Hospital,emergency,mammal,반려동물 약물의 오·과다 투여,,,,,,,,,,CALL_NOW,,,,자기 약을 처방량보다 많이 먹은 경우|다른 반려동물의 약을 먹은 경우|개가 고양이 약을 먹은 경우(또는 그 반대)|개용 외용약을 고양이에게 바른 경우,,"""Pet Medications to Monitor"" 절",2026-07-31,,ohb,"원문 ""Call your veterinary team if:"" 뒤에 네 가지 상황을 열거한다 — 지침 표의 CALL_NOW 예문과 직접 대응한다. 벼룩·진드기 약을 포함한 반려동물 약은 항상 지시대로 사용하라는 전제가 함께 있다."
F-085-014,S-085,Banfield Pet Hospital,emergency,mammal,가정용 화학물질(부동액·표백제·세제·제빙염 등),,,,,,,,,,,,,,,,"""Common Household Chemicals"" 목록",2026-07-31,,ohb,"원문 목록: 부동액 등 차량용 화학물질, 표백제·세제, 제빙용 화학물질과 염, 발포 단열재, 팽창성 접착제(고릴라 글루), 비료·제초제, 배수구·샤워 세정제를 포함한 가정용 세정제, 살충제, 배터리·페인트·리놀륨의 납과 중금속, 페인트와 시너, 수영장 약품, 살서제와 미끼(중독된 설치류 포함), 타르. 노출 시 Pet Poison Helpline 1-855-764-7661(유료)로 연락하라고 자료 말미에 안내한다 — 다만 이 문장은 목록 항목이 아니라 자료 전체의 안내라 개별 행에 triage_level 을 매기지 않았다. 이 자료는 항목만 나열한 목록이라 증상·기전·용량 서술이 없다 — effect·signs 를 비운 것은 원문에 없기 때문이다. 정량 근거로 쓰지 말고 '무엇이 위험한가' 목록 근거로만 쓸 것."
F-086-001,S-086,PetMD (상업),emergency,mammal,가정용 청소용품(공통),,,,,,,,,,CALL_NOW,,침 흘림 또는 입을 긁음|구토|식욕 없음|설사|복통|무기력|지남력 상실|발작|혼수,,청소용품에 노출된 정황이 있는 경우|노출 경로·제품·노출량을 확인한 뒤,,"""What To Do if Your Pet Is Exposed to a Cleaning Product"" 절 · 앞의 증상 목록",2026-07-31,,ohb,"원문 ""Gather as much information as possible, then call your veterinarian to discuss whether your pet needs to be seen."" — 지침 표의 CALL_NOW 예문과 거의 그대로 일치한다. signs 는 **섭취(ingested)** 시 증상 목록이다. 원문은 경로별로 목록을 따로 준다: 흡입 시 재채기·기침·눈물·호흡곤란·호흡수 증가·개구호흡(고양이)·잇몸 청색증, 피부 접촉 시 발적과 자극·상처나 물집·발진·화학 화상. 확인할 것으로 노출 경로·해당 제품·노출량 세 가지를 든다. ⚠️Tier 3 · 상업 매체(PetMD) 자료다. 단독 근거로 쓰지 말 것."
F-086-002,S-086,PetMD (상업),emergency,mammal,암모니아(암모늄 하이드록사이드),ammonium hydroxide,,,,,,,,,,,,,,,"""5 Cleaning Products That Are Toxic to Pets > 1. Ammonia"" 절 · 제품 표",2026-07-31,,ohb,"원문은 제품 라벨에 대개 ammonium hydroxide 로 표기된다고 설명한다. 예시 제품(유리세정제 Windex Original, 바닥왁스 Pledge, 배수구세정제 ComStar Blow Out, 욕실세정제 Lysol 에어로졸, 다목적세정제, 카펫세정제 Resolve, 얼룩제거제 Resolve Instant Eraser)과 가구광택제·변기세정제·오븐세정제·스테인리스세정제도 함유 가능. ⚠️Tier 3 · 상업 매체(PetMD) 자료다. 단독 근거로 쓰지 말 것."
F-086-003,S-086,PetMD (상업),emergency,mammal,표백제·염소(차아염소산나트륨),sodium hypochlorite,,성분 함량,3-6,%,,,,,,,,,,,"""5 Cleaning Products That Are Toxic to Pets > 2. Bleach and Chlorine"" 절",2026-07-31,,ohb,"dose 는 표백제 제품의 차아염소산나트륨 농도다 — 원문 ""Bleach is more likely to have 3%–6% concentration, whereas pool chlorine can be 10%–12% concentration"" 이므로 threshold_type 은 '성분 함량'이고 섭취 임계치가 아니다. 규칙 테이블에 넣지 말 것. 수영장용 염소 10-12% 는 별도 행으로 나누지 않고 여기 적는다. 원문은 표백제와 염소가 화학적으로 동일하고 농도만 다르다고 기술한다. 예시 제품: Lysol Bleach 다목적세정제, Tilex, Scrubbing Bubbles, Comet 소독세정제, Clorox 표백제, In the Swim 염소정, Drano 배수구세정제. ⚠️Tier 3 · 상업 매체(PetMD) 자료다. 단독 근거로 쓰지 말 것."
F-086-004,S-086,PetMD (상업),emergency,mammal,포름알데히드,"formalin, formic aldehyde, methanal, methylene, quaternium-15",,,,,,,,,,,,,,,"""5 Cleaning Products That Are Toxic to Pets > 3. Formaldehyde"" 절",2026-07-31,,ohb,"원문은 전구체·부산물이 많아 라벨에 여러 이름으로 표기된다고 경고한다(scientific_name 에 원문 표기를 그대로 옮김). 예시 제품: 욕실세정제 Comet, 세탁세제 Woolite. ⚠️Tier 3 · 상업 매체(PetMD) 자료다. 단독 근거로 쓰지 말 것."
F-086-005,S-086,PetMD (상업),emergency,mammal,페놀,"butylated hydroxytoluene, benzenol, carbolic acid, phenolic acid, Bakelite, alkylphenols",,,,,,,,,,,,,,,"""5 Cleaning Products That Are Toxic to Pets > 4. Phenol"" 절",2026-07-31,,ohb,"라벨에 여러 이름으로 표기된다(scientific_name 은 원문 표기 그대로). 예시 제품: 카볼릭 비누, 소독제 Lysol, 세탁세제 Woolite. 원문 FAQ 는 Lysol 이 암모니아·표백제·페놀을 함께 함유할 수 있다고 든다. ⚠️Tier 3 · 상업 매체(PetMD) 자료다. 단독 근거로 쓰지 말 것."
F-086-006,S-086,PetMD (상업),emergency,mammal,이소프로필알코올(소독용 알코올),isopropyl alcohol,,,,,,,,,,,,,,,"""5 Cleaning Products That Are Toxic to Pets > 5. Isopropyl Alcohol"" 절",2026-07-31,,ohb,"원문은 성분표에 rubbing alcohol 로 농도와 함께 표기되며 소독제와 청소용품 양쪽에 들어 있다고 설명한다. 예시 제품: Windex Electronics Wipes, 손소독제 Germ-X, Lysol 소독 스프레이. ⚠️Tier 3 · 상업 매체(PetMD) 자료다. 단독 근거로 쓰지 말 것."
F-086-007,S-086,PetMD (상업),emergency,mammal,청소용품 흡입 노출,,,,,,,,,,,폐 손상,재채기|기침|눈물|호흡곤란|호흡수 증가|개구호흡(고양이)|잇몸 청색증,,,,"""FAQs > Can my dog get sick from smelling cleaning products?"" 절 · 흡입 증상 목록",2026-07-31,,ohb,"원문 ""Yes. Inhaling some cleaning products can be dangerous to pets and result in damage to the lungs, coughing, and trouble breathing."" — 섭취뿐 아니라 흡입만으로도 위험하다는 점이 이 자료의 고유 기여다. 예방책으로 제품을 손 닿지 않는 곳에 보관, 방치 금지, 청소 중 반려동물 격리, 환기, 무향 제품 사용, 표면과 제품이 완전히 마른 뒤 출입 허용을 든다. ⚠️Tier 3 · 상업 매체(PetMD) 자료다. 단독 근거로 쓰지 말 것."
F-087-001,S-087,ASPCApro,toxicity_food,mammal,초콜릿·카페인(메틸잔틴),,,,,,,,,NEVER,,메틸잔틴 중독,구토|설사|헐떡임|과도한 갈증|다뇨|과다행동|심박 이상|떨림|발작|사망,,,,"""Chocolate, Caffeine"" 절",2026-07-31,,ohb,원문은 메틸잔틴이 카카오 씨앗에 들어 있다고 설명한다. 수치는 없다.
F-087-002,S-087,ASPCApro,toxicity_food,mammal,알코올(주류·알코올 함유 식품),,,,,,,,,NEVER,,중추신경 억제|혈액 산도 이상,구토|설사|협응력 저하|중추신경 억제|호흡곤란|떨림|혼수|사망,,,,"""Alcohol"" 절",2026-07-31,,ohb,S-023(ASPCA 일반 대상)과 달리 이 전문가용 자료에는 '즉시 수의 진료를 받으라'는 행동 지시 문장이 없어 triage_level 을 비웠다.
F-087-003,S-087,ASPCApro,toxicity_food,dog,아보카도(잎·과육·씨·나무껍질),,잎|과육|씨|나무껍질,,,,,,,NEVER,,소화기 반응,구토|설사,,,,"""Avocado"" 절",2026-07-31,,ohb,"원문 ""The leaves, fruit, seeds and bark of avocados contain persin, which can cause vomiting and diarrhea in dogs."" — 개에 대한 서술만 있어 dog 으로 좁혔다. 조류·설치류는 별도 행으로 분리했다."
F-087-004,S-087,ASPCApro,toxicity_food,bird,아보카도(잎·과육·씨·나무껍질),,잎|과육|씨|나무껍질,,,,,,,NEVER,,심낭 삼출 등 순환·호흡 이상|사망 가능,울혈|호흡곤란|심장 주위 체액 저류,,,,"""Avocado"" 절",2026-07-31,,ohb,"원문 ""Birds and rodents are especially sensitive to avocado poisoning, and can develop congestion, difficulty breathing and fluid accumulation around the heart. Some ingestions may even be fatal."" — 조류와 설치류를 함께 들지만 종 열거에 설치류가 없어 bird 로만 적었다(설치류는 표현 불가 — 팀장 확인). D-09/D-39에 따라 조류 행이므로 dose 는 비웠고(원문에도 수치 없음) feeding_level 은 SAFE 를 쓰지 않았다."
F-087-005,S-087,ASPCApro,toxicity_food,dog,마카다미아,,,,,,,,,NEVER,,마카다미아 중독,쇠약|침울|구토|떨림|고열,12시간 이내,,,"""Macadamia Nuts"" 절",2026-07-31,,ohb,"원문 ""in dogs"" 라 dog 으로 좁혔다. ""Signs usually appear within 12 hours of ingestion and last approximately 12 to 48 hours"" — 증상 지속은 약 12-48시간이다(onset 칸에는 발현 시각만 넣었다). S-023 은 회복을 24-72시간으로 적어 같은 ASPCA 계열 안에서 값이 다르다 — 검수 필요."
F-087-006,S-087,ASPCApro,toxicity_food,mammal,포도·건포도,,,,,,,,,NEVER,,신부전,,,,,"""Grapes & Raisins"" 절",2026-07-31,,ohb,"원문 ""the toxic substance within grapes and raisins is unknown"" — 독성 물질이 밝혀지지 않았다고 한다. 같은 ASPCA 계열 S-023 은 타르타르산을 추정 원인으로 들어 서술이 다르다(수집 시점 차이로 보인다) — 검수 필요. ""In pets who already have certain health problems, signs may be more dramatic"" 라는 기저질환 단서도 있다."
F-087-007,S-087,ASPCApro,toxicity_food,mammal,발효 이스트 반죽(생 빵 반죽),,,,,,5-10%,하루 총 섭취 칼로리,,NEVER,,위·장 파열 가능,복통|복부 가스 팽창,,,,"""Yeast Dough"" 절",2026-07-31,,ohb,"원문은 생 반죽은 금지하되 반죽이 완전히 부풀어 조리된 뒤에는 위험이 줄어 소량의 빵은 간식으로 줄 수 있다고 하며, ""these treats should not constitute more than 5 percent to 10 percent of daily caloric intake"" 라는 상한을 준다. 이 상한은 익힌 빵 간식에 대한 것이므로 max_value 에 넣고 feeding_level(NEVER)은 생 반죽 기준이다 — 한 행에 두 판정이 섞여 있어 문장화 때 분리가 필요할 수 있다. 팀장 확인 필요."
F-087-008,S-087,ASPCApro,toxicity_food,mammal,생고기·생달걀·생뼈,"Salmonella, E. coli",,,,,,,,NEVER,,세균 감염|아비딘에 의한 비오틴 흡수 저하,피부·피모 이상,,,,"""Raw/Undercooked Meat, Eggs and Bones"" 절",2026-07-31,,ohb,전문가용 자료라 기전이 구체적이다 — 생달걀의 아비딘(avidin)이 비타민 B 인 비오틴 흡수를 떨어뜨린다고 명시한다. scientific_name 에는 원문에 이탤릭으로 표기된 세균명을 그대로 옮겼다(학명 칸의 본래 용도와 달라 검수 필요).
F-087-009,S-087,ASPCApro,toxicity_food,mammal,자일리톨,,,,,,,,,NEVER,,인슐린 분비 증가에 따른 저혈당|간부전,구토|무기력|운동실조|기립 불능|발작|간효소 수치 상승,며칠 이내,,,"""Xylitol"" 절",2026-07-31,,ohb,"onset 은 원문 ""Elevated liver enzymes and liver failure can be seen within a few days"" 를 옮긴 것으로 간효소 상승·간부전의 발현 시점이다. 초기 징후의 발현 시각은 원문에 없다. ""It can cause insulin release in most species"" — 대부분의 종에서 인슐린 분비를 일으킨다고 기술한다."
F-087-010,S-087,ASPCApro,toxicity_food,mammal,양파·마늘·부추,,,,,,,,,CAUTION,,적혈구 손상|위장관 자극,위장관 자극|하인츠소체(현미경 확인),,,,"""Onions, Garlic, Chives"" 절",2026-07-31,,ohb,"⚠️등급 판단이 갈릴 수 있다. 원문은 ""An occasional low dose, such as what might be found in pet foods or treats, likely will not cause a problem, but pets should not be given large quantities of these foods"" 라며 사료·간식에 든 정도의 간헐적 저용량은 문제되지 않는다고 명시한다 — 그래서 NEVER 가 아니라 CAUTION 으로 판정했다. 같은 물질을 S-023·S-085 는 회피 대상으로만 적어 등급이 엇갈린다. 병합 검수 필요. 진단은 병력·임상징후·하인츠소체의 현미경 확인으로 한다고 기술한다. ""Although cats are more susceptible, dogs are also at risk"" 라 mammal 유지."
F-087-011,S-087,ASPCApro,toxicity_food,mammal,우유·유제품,,,,,,,,,CAUTION,,유당 소화 불량,설사|소화기 불편,,,,"""Milk"" 절",2026-07-31,,ohb,반려동물에 락타아제가 충분치 않다는 기전만 설명한다. 급여 금지 표현은 없다.
F-087-012,S-087,ASPCApro,toxicity_food,mammal,소금,,,,,,,,,CAUTION,,나트륨 이온 중독,과도한 갈증|다뇨|구토|설사|침울|떨림|체온 상승|발작|사망,,,,"""Salt"" 절",2026-07-31,,ohb,"원문 ""Large amounts of salt"" · ""Too much salt"" 로 다량일 때를 말하며 수치는 없다."
F-027-001,S-027,Pet Poison Helpline,emergency,all,중독 의심 시 노출원에서 분리,,,,,,,,,,,추가 노출 차단,,,,,"""What to do if your pet is poisoned:"" 체크리스트 1항",2026-07-31,,ohb,"원문 ""Remove your pet from the area."" — 보호자 행동 지시이나 수의학적 처치 등급(전화·내원)을 말하지 않아 triage_level 을 비웠다. 원문은 6줄 체크리스트가 전부이고 물질·용량·증상 기술이 없다."
F-027-002,S-027,Pet Poison Helpline,emergency,all,중독 의심 시 상태 확인(호흡·행동),,,,,,,,,,,,호흡 여부|평소와 같은 행동 여부,,,,"""What to do if your pet is poisoned:"" 체크리스트 2항",2026-07-31,,ohb,"원문 ""Check to make sure your pet is safe: breathing and acting normally"" — 확인해야 할 항목이지 중독 증상 목록이 아니다. signs 에 확인 항목을 그대로 옮겼으므로 문장 생성 시 오독 주의 — 팀장 확인 요망."
F-027-003,S-027,Pet Poison Helpline,emergency,all,가정 내 해독제 임의 투여(금지),,,,,,,,,,,,,,,,"""What to do if your pet is poisoned:"" 체크리스트 3항",2026-07-31,,ohb,"원문 ""Do NOT give any home antidotes."" — 금지 지시다. triage_level 표(EMERGENCY·CALL_NOW·VISIT_SOON·MONITOR)에 대응하는 값이 없어 비웠다. 골든셋에서 '가정 내 처치 권유 금지' 판정 근거로 쓸 수 있다."
F-027-004,S-027,Pet Poison Helpline,emergency,all,임의 구토 유발(금지),,,,,,,,,,CALL_NOW,,,,,,"""What to do if your pet is poisoned:"" 체크리스트 4항",2026-07-31,,ohb,"원문 ""Do NOT induce vomiting without consulting a vet or Pet Poison Helpline®."" — '먼저 상의하라'는 지시이므로 CALL_NOW 로 두었다. 금지 자체를 등급 없이 둘지 팀장 확인 요망."
F-027-005,S-027,Pet Poison Helpline,emergency,all,중독 의심 시 중독관리센터 연락,,,,,,,,,,CALL_NOW,,,,중독이 의심되는 즉시,,"""What to do if your pet is poisoned:"" 체크리스트 5항",2026-07-31,,ohb,"원문 ""Call Pet Poison Helpline® at 855-764-7661."" — 전화번호 855-764-7661. S-030(FOUR PAWS)은 같은 Pet Poison Helpline 번호를 855-289-0358 로 적어 서로 다르다 — 팀장 대조 필요."
F-027-006,S-027,Pet Poison Helpline,emergency,all,수의학적 처치가 필요한 경우,,,,,,,,,,CALL_NOW,,,,수의학적 처치가 필요하다고 판단되는 경우,,"""What to do if your pet is poisoned:"" 체크리스트 6항",2026-07-31,,ohb,"원문 ""If veterinary attention is necessary, contact your veterinarian or emergency veterinary clinic immediately."" — 'immediately' 가 붙었으나 '전화하지 말고 바로 응급실로' 형태가 아니어서 CALL_NOW 로 두었다. EMERGENCY 로 볼 여지가 있어 팀장 확인 요망."
F-029-001,S-029,FDA,toxicity_food,all,알코올(주류·알코올 함유 식품),,,,,,,,,NEVER,,,,,,,"""Edible Dangers"" 절 목록",2026-07-31,,ohb,"원문은 위험 품목을 목록으로만 제시하고 용량·증상·발현시간을 기술하지 않는다. ""Toxicity Can Vary"" 절에서 독성 정도가 동물 종·섭취량·(식물의 경우) 섭취 부위에 따라 다르다고만 밝힌다."
F-029-002,S-029,FDA,toxicity_food,mammal,아보카도,,,,,,,,,NEVER,,경도 독성,,,,,"""Edible Dangers"" 절 목록",2026-07-31,,ohb,"원문 ""Avocado (only mildly toxic to dogs and cats, ...)"" — 개·고양이에서는 경도 독성이라고 명시한다. 그럼에도 ""Edible Dangers"" 목록에 포함되고 서두가 ""please resist!"" 이므로 feeding_level=NEVER 로 두었다. 종별 독성 차이가 커서 조류 행(F-029-003)을 분리했다."
F-029-003,S-029,FDA,toxicity_food,bird,아보카도,,,,,,,,,NEVER,,중증 독성|사망,,,,,"""Edible Dangers"" 절 목록",2026-07-31,,ohb,"원문 ""can be severely toxic, even deadly, to birds, rabbits, horses, and ruminants such as cattle, goats, and sheep"" — 조류에서 치명적일 수 있다고 명시한다. 수치는 없으며 조류 체중당 임계치는 코퍼스에 0건이므로 dose 를 비웠다(D-09). 토끼·말·반추류도 같은 문장에 포함되나 종 코드가 없어 조류 행만 분리했다 — 팀장 확인 요망."
F-029-004,S-029,FDA,toxicity_food,all,카페인(커피·차·탄산음료·에너지음료),,,,,,,,,NEVER,,,,,,,"""Edible Dangers"" 절 목록",2026-07-31,,ohb,"원문 ""Caffeine (found in a lot of drinks such as coffee, tea, soda, and energy drinks)"". 원문은 위험 품목을 목록으로만 제시하고 용량·증상·발현시간을 기술하지 않는다. ""Toxicity Can Vary"" 절에서 독성 정도가 동물 종·섭취량·(식물의 경우) 섭취 부위에 따라 다르다고만 밝힌다."
F-029-005,S-029,FDA,toxicity_food,all,초콜릿,,,,,,,,,NEVER,,,,,,,"""Edible Dangers"" 절 목록",2026-07-31,,ohb,"원문은 위험 품목을 목록으로만 제시하고 용량·증상·발현시간을 기술하지 않는다. ""Toxicity Can Vary"" 절에서 독성 정도가 동물 종·섭취량·(식물의 경우) 섭취 부위에 따라 다르다고만 밝힌다."
F-029-006,S-029,FDA,toxicity_food,all,마늘,,,,,,,,,NEVER,,,,,,,"""Edible Dangers"" 절 목록",2026-07-31,,ohb,"원문은 위험 품목을 목록으로만 제시하고 용량·증상·발현시간을 기술하지 않는다. ""Toxicity Can Vary"" 절에서 독성 정도가 동물 종·섭취량·(식물의 경우) 섭취 부위에 따라 다르다고만 밝힌다."
F-029-007,S-029,FDA,toxicity_food,all,양파,,,,,,,,,NEVER,,,,,,,"""Edible Dangers"" 절 목록",2026-07-31,,ohb,"원문은 위험 품목을 목록으로만 제시하고 용량·증상·발현시간을 기술하지 않는다. ""Toxicity Can Vary"" 절에서 독성 정도가 동물 종·섭취량·(식물의 경우) 섭취 부위에 따라 다르다고만 밝힌다."
F-029-008,S-029,FDA,toxicity_food,all,포도·건포도,,,,,,,,,NEVER,,,,,,,"""Edible Dangers"" 절 목록",2026-07-31,,ohb,"원문은 위험 품목을 목록으로만 제시하고 용량·증상·발현시간을 기술하지 않는다. ""Toxicity Can Vary"" 절에서 독성 정도가 동물 종·섭취량·(식물의 경우) 섭취 부위에 따라 다르다고만 밝힌다."
F-029-009,S-029,FDA,toxicity_food,all,마카다미아 너트,,,,,,,,,NEVER,,,,,,,"""Edible Dangers"" 절 목록",2026-07-31,,ohb,"원문은 위험 품목을 목록으로만 제시하고 용량·증상·발현시간을 기술하지 않는다. ""Toxicity Can Vary"" 절에서 독성 정도가 동물 종·섭취량·(식물의 경우) 섭취 부위에 따라 다르다고만 밝힌다."
F-029-010,S-029,FDA,toxicity_food,all,마리화나(대마),,,,,,,,,NEVER,,,,,,,"""Edible Dangers"" 절 목록",2026-07-31,,ohb,"원문은 위험 품목을 목록으로만 제시하고 용량·증상·발현시간을 기술하지 않는다. ""Toxicity Can Vary"" 절에서 독성 정도가 동물 종·섭취량·(식물의 경우) 섭취 부위에 따라 다르다고만 밝힌다."
F-029-011,S-029,FDA,toxicity_food,all,사람용 비스테로이드성 소염진통제(아스피린·이부프로펜·나프록센),,,,,,,,,NEVER,,,,,,,"""Edible Dangers"" 절 목록",2026-07-31,,ohb,"원문 ""Medicine intended for people or another pet, unless directed by your veterinarian (for example, nonsteroidal anti-inflammatory drugs for people, such as aspirin, ibuprofen, and naproxen, may not be right for your pet and may even be harmful)"" — 수의사 지시가 있는 경우는 예외로 둔다."
F-029-012,S-029,FDA,toxicity_food,cat,아세트아미노펜(파라세타몰),,,,,,,,,NEVER,,사망,,,,,"""Edible Dangers"" 절 목록",2026-07-31,,ohb,"원문 ""the common pain reliever acetaminophen is fatal to cats"" — 고양이에 한정해 치명적이라고 명시하므로 species=cat 으로 좁혔다. 용량 기술이 없어 dose·threshold_type 을 비웠다."
F-029-013,S-029,FDA,toxicity_food,all,자일리톨(무설탕 껌·사탕·기침시럽·구강청결제·치약),,,,,,,,,NEVER,,,,,,,"""Edible Dangers"" 절 목록",2026-07-31,,ohb,"원문 ""Xylitol (a sweetener found in products such as some sugar-free chewing gum, sugar-free candy, cough syrup, mouthwash, and toothpaste)"". 원문은 위험 품목을 목록으로만 제시하고 용량·증상·발현시간을 기술하지 않는다. ""Toxicity Can Vary"" 절에서 독성 정도가 동물 종·섭취량·(식물의 경우) 섭취 부위에 따라 다르다고만 밝힌다."
F-029-014,S-029,FDA,toxicity_food,all,이스트 제품(발효 생 빵 반죽),,,,,,,,,NEVER,,,,,,,"""Edible Dangers"" 절 목록",2026-07-31,,ohb,"원문 ""Yeast products (like raw bread dough)"". 원문은 위험 품목을 목록으로만 제시하고 용량·증상·발현시간을 기술하지 않는다. ""Toxicity Can Vary"" 절에서 독성 정도가 동물 종·섭취량·(식물의 경우) 섭취 부위에 따라 다르다고만 밝힌다."
F-029-015,S-029,FDA,toxicity_food,all,담배 제품(전자담배·리필액 포함),,,,,,,,,NEVER,,,,,,,"""Edible Dangers"" 절 목록",2026-07-31,,ohb,"원문은 위험 품목을 목록으로만 제시하고 용량·증상·발현시간을 기술하지 않는다. ""Toxicity Can Vary"" 절에서 독성 정도가 동물 종·섭취량·(식물의 경우) 섭취 부위에 따라 다르다고만 밝힌다."
F-029-016,S-029,FDA,toxicity_food,all,위장관 폐색을 일으키는 이물(아보카도 씨·옥수수속대·뼈),,,,,,,,,,,위장관 폐색,,,,,"""Edible Dangers"" 절 본문(목록 아래 첫 단락)",2026-07-31,,ohb,"원문 ""While not necessarily toxic, some food items can cause a gastrointestinal obstruction ... avocado pits, corn cobs, and bones can get stuck in your pet's esophagus, stomach, or intestines."" — 독성이 아니라 물리적 폐색 위험이다. feeding_level 은 원문이 급여 가부를 직접 말하지 않아 비웠다."
F-029-017,S-029,FDA,toxicity_food,all,벚나무속 과일 씨(체리·천도복숭아·복숭아·자두),Prunus,씨,,,,,,,,,시안화물 중독(드묾)|위장관 폐색,,,,,"""Edible Dangers"" 절 본문(Prunus 단락)",2026-07-31,,ohb,"원문 ""Fruit pits in the Prunus genus ... contain cyanide, but cyanide poisoning is rare unless your pet eats a lot of pits and chews them up. The pits must be crushed or ground up to release the cyanide. A gastrointestinal obstruction is the bigger risk for dogs and cats that eat these fruit pits."" — 씨를 잘게 부수어 삼켜야 시안화물이 방출되며, 개·고양이에서는 폐색이 더 큰 위험이라고 밝힌다. 폐색 위험만 개·고양이로 한정되지만 시안화물 기술은 종을 가리지 않아 species=all 로 두었다 — 팀장 확인 요망."
F-029-018,S-029,FDA,toxicity_food,dog,식품 포장 봉지(마일라 재질 과자·시리얼 봉지),,,,,,,,,,,질식,,,,,"""Edible Dangers"" 절 본문(마지막 단락)",2026-07-31,,ohb,"원문 ""Dogs are typically more likely than cats to sniff out food bags ... the bag can wrap around his nose and mouth, suffocating him. The more your dog breathes in, the tighter the bag gets around his face."" — 개를 특정해 서술하므로 species=dog 으로 좁혔다. 섭취 독성이 아니라 질식 위험이다."
F-029-019,S-029,FDA,toxicity_food,all,부동액,,,,,,,,,,,,,,,,"""Non-Edible Dangers"" 절 목록",2026-07-31,,ohb,원문은 비식용 위험물 목록에 나열만 하고 증상·용량을 기술하지 않는다. 같은 목록의 나머지 항목(코코아 멀치·섬유유연제 시트·제설제·살충제·비료·제초제·액상 포푸리·나프탈렌·페인트·용제·수영장 약품·소금 반죽 장식 등)은 이번 추출에서 제외했다(D-34 — DB 전량 복제 금지).
F-029-020,S-029,FDA,toxicity_food,all,쥐약(살서제),,,,,,,,,,,,,,,,"""Non-Edible Dangers"" 절 목록",2026-07-31,,ohb,"원문 ""Rat and mouse bait"" — 목록 나열뿐이며 성분·용량 기술이 없다."
F-029-021,S-029,FDA,toxicity_plant,all,히아신스·튤립(특히 구근),,구근,,,,,,,,,,,,,,"""Plants and Flowers"" 절 목록",2026-07-31,,ohb,"원문 ""Hyacinth and Tulip (especially the bulbs)"" — 목록 중 유일하게 독성 부위를 명시한 항목이라 골랐다. 같은 절의 나머지 약 27종(사고야자·협죽도·피마자·로사리 피·백합류 등)은 증상·용량 기술이 전혀 없어 제외했다. 백합류·사고야자·협죽도는 S-030 에 훨씬 상세한 기술이 있다."
F-029-022,S-029,FDA,emergency,all,위험물 섭취 의심,,,,,,,,,,CALL_NOW,,,,위험할 수 있는 것을 먹었다고 의심되는 경우,,"""Act Quickly"" 절",2026-07-31,,ohb,"원문 ""If you think your pet has eaten something potentially dangerous, call your veterinarian or a pet poison control center right away."" — 전화 지시이므로 CALL_NOW. 연락처는 Pet Poison Helpline 855-764-7661, ASPCA Animal Poison Control Center 888-426-4435 로 ""Pet Poison Control Centers"" 절에 있다."
F-030-001,S-030,FOUR PAWS International,emergency,all,의식소실,,,,,,,,,,EMERGENCY,,의식이 없음,,반려동물이 의식을 잃은 경우,,"""The Best Thing You Can Do in an Emergency"" > ""Get Help"" 절",2026-07-31,,ohb,"원문 ""If your pet is unconscious, convulsing or having difficulty breathing, go immediately to the nearest emergency veterinary hospital."" — '가장 가까운 응급 동물병원으로 즉시 가라'는 직접 내원 지시이므로 EMERGENCY. 같은 문장의 세 가지 상황을 발작(F-030-002)·호흡곤란(F-030-003)으로 분리했다."
F-030-002,S-030,FOUR PAWS International,emergency,all,발작(경련),,,,,,,,,,EMERGENCY,,전신 경련|발작,,반려동물이 경련·발작을 하는 경우,,"""The Best Thing You Can Do in an Emergency"" > ""Get Help"" 절",2026-07-31,,ohb,"원문 ""If your pet is unconscious, convulsing or having difficulty breathing, go immediately to the nearest emergency veterinary hospital."" — 골든셋에 인용된 강한 행동 지시 문장이다. '즉시 응급 동물병원으로 가라' 이므로 EMERGENCY. 원문이 적은 Pet Poison Helpline 번호는 855-289-0358 이나, S-027(Pet Poison Helpline 자체 자료)과 S-029(FDA)는 855-764-7661 로 적는다 — 번호가 상이하므로 팀장 대조 필요. 원문은 별도로 petinsurance.com/shelters · 855-454-4130 도 병기한다."
F-030-003,S-030,FOUR PAWS International,emergency,all,호흡곤란,,,,,,,,,,EMERGENCY,,숨쉬기 어려움,,반려동물이 호흡을 어려워하는 경우,,"""The Best Thing You Can Do in an Emergency"" > ""Get Help"" 절",2026-07-31,,ohb,"원문 ""If your pet is unconscious, convulsing or having difficulty breathing, go immediately to the nearest emergency veterinary hospital."" — EMERGENCY."
F-030-004,S-030,FOUR PAWS International,emergency,all,유해물질 섭취 의심,,,,,,,,,,CALL_NOW,,,,유해할 수 있는 것을 먹었다고 의심되는 경우,,"""Emergency Contact"" 절",2026-07-31,,ohb,"원문 ""If you think your pet may have ingested something harmful, seek immediate veterinary advice: 855-289-0358. Available 24/7"" — 자문을 구하라는 지시이므로 CALL_NOW. 원문은 건당 1회 상담료가 부과된다고 밝힌다. 원문이 적은 Pet Poison Helpline 번호는 855-289-0358 이나, S-027(Pet Poison Helpline 자체 자료)과 S-029(FDA)는 855-764-7661 로 적는다 — 번호가 상이하므로 팀장 대조 필요. 원문은 별도로 petinsurance.com/shelters · 855-454-4130 도 병기한다."
F-030-005,S-030,FOUR PAWS International,emergency,all,가정 내 임의 처치(금지),,,,,,,,,,CALL_NOW,,,,가정에서 처치하기 전 반드시 수의학적 자문을 먼저 구할 것,,"""The Best Thing You Can Do in an Emergency"" 절 도입부",2026-07-31,,ohb,"원문 ""Stay calm. Assess the situation so you can communicate clearly with your veterinarian. Most importantly, don't administer at-home treatment without first seeking veterinary advice."" — S-027 의 '가정 내 해독제 금지'와 같은 취지다. 원문 ""Be Prepared"" 절은 반려동물의 체중과 복용 중인 약을 휴대폰에 메모해 두라고 권한다."
F-030-006,S-030,FOUR PAWS International,toxicity_plant,cat,백합류,Lilium & Hemerocallis spp,잎|꽃잎|꽃가루|꽃병 물,,,,,"독성량: 소량 — 잎·꽃잎 1–2장, 꽃가루, 꽃병 물",,,,신장 손상(급성 신부전),무기력|식욕부진|구토|탈수|신장 통증|무뇨,6–12시간,,,"""Toxic Plants and Flowers"" > ""Lilies (Lilium & Hemerocallis spp)"" 절",2026-07-31,,ohb,"원문 ""Animal(s) of concern: Cats."" 이므로 species=cat. 데이릴리·부활절백합·타이거릴리·루브럼·오리엔탈·아시아틱·스타게이저 릴리를 포함한다. 독성량이 '잎·꽃잎 1–2장'이라는 개수 표현이라 체중당 용량이 아니어서 dose·unit·threshold_type 을 비우고 basis 에 원문 표현을 남겼다 — 팀장 확인 요망."
F-030-007,S-030,FOUR PAWS International,toxicity_plant,mammal,사고야자 및 유사 소철류,,씨(너트)|잎|줄기,,,,,독성량: 식물 부위에 따라 다르며 씨(너트)가 가장 독성이 강함 — 씨 1–2개로 치명적일 수 있음,,,,간부전|위장관 손상,구토|혈성 설사|탈수|황달|복통|간부전,15분–3일,,,"""Toxic Plants and Flowers"" > ""Sago Palms and Others"" 절",2026-07-31,,ohb,"원문 ""Animal(s) of concern: Dogs primarily; cats and horses."" — 개·고양이·말을 함께 다루므로 species=mammal. 사고야자·플로리다 애로루트·카드보드 팜·자미아 팜을 포함한다. 원문 ""the seeds (nuts) are most toxic and 1-2 can be fatal"" 은 개수 표현이라 체중당 용량이 아니어서 dose 를 비우고 basis 에 남겼다. 치사 관련 수치이므로 규칙 테이블 반영 여부를 팀장이 판단할 것."
F-030-008,S-030,FOUR PAWS International,toxicity_plant,all,강심배당체 함유 식물(디기탈리스·은방울꽃·칼랑코에·마더오브밀리언즈·협죽도),,잎|꽃잎|씨|꽃병 물,,,,,"독성량: 소량 — 잎·꽃잎 1–2장, 씨 몇 개, 꽃병 물",,,,심장 및 위장관 손상,서맥 또는 빈맥|저혈압|침 흘림|구토|동공 확대|떨림|발작,30–120분,,,"""Toxic Plants and Flowers"" > ""Cardiac Glycosides"" 절",2026-07-31,,ohb,"원문 ""Animal(s) of concern: All."" 독성량이 '잎·꽃잎 1–2장' 등 개수 표현이라 체중당 용량이 아니어서 dose 를 비우고 basis 에 남겼다."
F-030-009,S-030,FOUR PAWS International,toxicity_plant,all,주목,Taxus spp.,잎|나무껍질|씨,,,,,"독성량: 잎 여러 장, 나무껍질, 씨",,,,심장 및 위장관 손상,서맥|저혈압|심정지|구토|설사|떨림|급사,신속(rapid),,,"""Toxic Plants and Flowers"" > ""Yew (Taxus spp.)"" 절",2026-07-31,,ohb,"원문 ""Animal(s) of concern: All."" 일본주목·영국주목·중국주목을 포함한다. 같은 절에 개 한정 최소 치사량이 별도로 있어 F-030-010 으로 행을 분리했다."
F-030-010,S-030,FOUR PAWS International,toxicity_plant,dog,주목,Taxus spp.,잎,치사,2.3,g leaves/kg,,체중 kg 당 잎 무게 기준 최소 치사량,,,,심장 및 위장관 손상|급사,서맥|저혈압|심정지|구토|설사|떨림|급사,신속(rapid),,,"""Toxic Plants and Flowers"" > ""Yew (Taxus spp.)"" 절 — Toxic amount 항",2026-07-31,,ohb,"⚠️ 검수 확정 — 원문은 ""Minimum lethal dose in dogs is 2.3 g **leaves**/kg body weight"" 로 **잎 기준**이다. 단위를 'g/kg' 으로 적으면 식물 전체 무게로 오독된다. | 원문 ""Minimum lethal dose in dogs is 2.3 g leaves/kg body weight."" — 개에 한정한 최소 치사량이므로 species=dog, threshold_type=치사. 단위는 원문 그대로 g/kg(잎 기준)이며 환산하지 않았다. 이 코퍼스에서 '최소 치사량'을 명시한 드문 행이라 규칙 테이블 반영 시 팀장 대조 필요."
F-030-011,S-030,FOUR PAWS International,toxicity_plant,all,대황 잎 및 유사 옥살산 함유 식물(괭이밥·사워스타프루트 등),,잎,,,,,독성량: 일반적으로 다량 섭취해야 중독이 발생 — 정원 대황은 잎만 독성,,,,위장관 손상|이차적 저칼슘혈증|신장·신경·근육 손상,침 흘림|식욕부진|구토(혈액 동반 가능)|설사(혈액 동반 가능)|침울|떨림|근경련|과도한 갈증|다뇨|무뇨,24–36시간,,,"""Toxic Plants and Flowers"" > ""Rhubarb Leaves and Others"" 절",2026-07-31,,ohb,"원문 ""Animal(s) of concern: All."" 원문 ""Generally, a large ingestion is necessary for poisoning to occur. With garden rhubarb, only the leaves are toxic."" — 수치가 없어 dose 를 비웠다. 떨림·근경련은 다량 섭취 시 저칼슘혈증에 의한 것이라고 원문이 명시한다."
F-030-012,S-030,FOUR PAWS International,toxicity_plant,all,디펜바키아 및 유사 천남성과 식물(포토스·스킨답서스·쉐플레라·스파티필럼),,잎|줄기,,,,,독성량: 경도–중등도 독성. 소량 섭취는 대개 무증상이거나 경미하나 디펜바키아는 반려동물 사망 사례가 있음,,,,구강·위장관 자극|드물게 상부기도 부종·폐색,침 흘림|삼킴 반복|구강 뒷부분 부종|구토|눈 노출 시 눈부심·부종,신속(rapid),,,"""Toxic Plants and Flowers"" > ""Diffenbachia and Others"" 절",2026-07-31,,ohb,"원문 ""Animal(s) of concern: All (especially indoor cats and dogs)."" — 실내 개·고양이를 특히 든다고만 하고 종을 한정하지 않아 species=all. 원문 표기는 ""Diffenbachia""(정식 철자 Dieffenbachia)로 오식으로 보이나 고치지 않고 그대로 두었다 — 팀장 확인 요망."
F-030-013,S-030,FOUR PAWS International,toxicity_plant,all,진달래·철쭉류(만병초·마운틴 로렐·일본 피에리스),,잎|꽃|꿀,,,,,"독성량: 매우 소량 — 잎이나 꽃 몇 장, 꿀까지도",,,,위장관·심장·신경계 손상,침 흘림|구토(혈액 동반 가능)|설사|서맥 또는 빈맥|부정맥|저혈압|떨림|발작|일과성 실명,1–12시간,,,"""Toxic Plants and Flowers"" > ""Azalea and Others"" 절",2026-07-31,,ohb,"원문 ""Animal(s) of concern: All."" 떨림·발작·일과성 실명은 드물게 발생한다고 원문이 명시한다. 독성량이 '몇 장'이라는 개수 표현이라 dose 를 비우고 basis 에 남겼다."
F-030-014,S-030,FOUR PAWS International,toxicity_plant,all,봄 구근 식물(크로커스·아마릴리스·히아신스·수선화·튤립 등),,구근|잎|꽃,,,,,독성량: 독소가 구근에 가장 농축되어 소량 섭취로도 증상이 날 수 있음. 잎·꽃 섭취는 증상이 더 경미,,,,위장관 손상|이물 폐색|드물게 심장·뇌 손상,침 흘림|구토(혈액 동반 가능)|설사|이물 폐색|빈맥|부정맥|발작,다양하나 대체로 신속,,,"""Toxic Plants and Flowers"" > ""Spring Bulbs"" 절",2026-07-31,,ohb,"원문 ""Animal(s) of concern: All."" 봄 크로커스·아마릴리스·부활절 릴리(resurrection lily)·히아신스·나르시서스·수선화·존퀼·튤립을 포함한다. S-029(FDA)도 히아신스·튤립의 구근을 특히 지목한다."
F-030-015,S-030,FOUR PAWS International,toxicity_plant,all,마리화나(대마),,,,,,,독성량: 노출 경로와 건조 정도에 따라 다름(건조된 것이 더 독성). 대체로 독성은 낮으나 대량 섭취 시 중증 또는 사망,,,,위장관·신경계 손상|드물게 심장 이상,구토|쇠약|보행 불가|침울 또는 흥분|동공 확대|서맥|체온 상승 또는 저하|떨림|발작,수 분–12시간(흡입인지 섭취인지에 따라 다름),,,"""Toxic Plants and Flowers"" > ""Marijuana"" 절",2026-07-31,,ohb,"원문 ""Animal(s) of concern: All."" 원문 ""In general, this plant is of low toxicity but massive ingestions may cause severe signs or death."" — 수치가 없어 dose 를 비웠다. S-029(FDA)도 마리화나를 식용 위험 목록에 올린다(F-029-010)."
F-030-016,S-030,FOUR PAWS International,toxicity_plant,all,예스터데이 투데이 앤 투모로우(만데빌라계 브룬펠시아),,,,,,,독성량: 알려지지 않음. 비교적 소량으로 추정된다고 원문이 밝힘,,,,뇌·위장관·심장 손상,구토|흥분|근육 떨림|발작|저혈압|서맥,수 분–수 시간,,,"""Toxic Plants and Flowers"" > ""Yesterday, Today and Tomorrow"" 절",2026-07-31,,ohb,"원문 ""Animal(s) of concern: All (especially dogs)."" — 개를 특히 든다고만 하고 한정하지 않아 species=all. 원문 ""Toxic amount: Unknown, assumed to be relatively small."" 이므로 dose 를 비웠다. 원문은 발작이 며칠간 지속될 수 있다고 기술한다. 통칭 kiss me quick·noon and night·lady of the night. 학명은 원문에 없어 비웠다. S-029(FDA) 식물 목록에도 같은 이름이 있다."
F-046-001,S-046,FDA,recall,dog,Pedigree High Protein Chopped Chicken & Duck Flavor 습식 개 사료(리콜),,,,,,,,,,,"('이물(플라스틱) 혼입 가능성', 'Potential foreign plastic contamination')",,,,,"""Recent Recalls (as of 07/02/2026)"" 표 1행",2026-07-31,,ohb,"원문 표 1행: Date 07/02/2026 · Reason ""Potential foreign plastic contamination"" · Company Mars Petcare US, Inc. · Status Ongoing. effect 에는 원문 Reason(회수 사유)을 옮겼을 뿐이며 임상 결과가 아니다 — 원문은 증상·용량을 기술하지 않는다. 배정표 품질 '부분' — 스냅샷은 리콜 포털의 최근 10행만 담고 있고 전체 목록은 페이지네이션 뒤에 있다. 표 기준 시점은 2026-07-02 이므로 이후 리콜은 반영되어 있지 않다. 상태(Status)는 스냅샷 시점 값이다."
F-046-002,S-046,FDA,recall,dog,Breeder's Edge · Shelter's Choice 개용 대용유(리콜),,,,,,,,,,,"('비타민 D 함량 편차', 'Variable levels of Vitamin D')",,,,,"""Recent Recalls (as of 07/02/2026)"" 표 2행",2026-07-31,,ohb,"원문 표 2행: Date 06/25/2026 · Reason ""Variable levels of Vitamin D"" · Company Revival Animal Health · Status Ongoing. effect 에는 원문 Reason(회수 사유)을 옮겼을 뿐이며 임상 결과가 아니다 — 원문은 증상·용량을 기술하지 않는다. 같은 제품·같은 사유의 리콜이 04/17/2026 에도 있어 F-046-006 으로 별도 행을 두었다. 대용유는 통상 포유기 자견용이나 원문이 생애 단계를 명시하지 않아 life_stage 를 비웠다. 배정표 품질 '부분' — 스냅샷은 리콜 포털의 최근 10행만 담고 있고 전체 목록은 페이지네이션 뒤에 있다. 표 기준 시점은 2026-07-02 이므로 이후 리콜은 반영되어 있지 않다. 상태(Status)는 스냅샷 시점 값이다."
F-046-003,S-046,FDA,recall,mammal,Steve's Real Food Freeze Dried Chicken Recipe 개·고양이 동결건조 사료(리콜),,,,,,,,,,,"('티아민(비타민 B1) 저함량 가능', 'May contain low levels of thiamine (Vitamin B1)')",,,,,"""Recent Recalls (as of 07/02/2026)"" 표 3행",2026-07-31,,ohb,"원문 표 3행: Date 06/08/2026 · Reason ""May contain low levels of thiamine (Vitamin B1)"" · Company Go Raw, LLC · Status Ongoing. effect 에는 원문 Reason(회수 사유)을 옮겼을 뿐이며 임상 결과가 아니다 — 원문은 증상·용량을 기술하지 않는다. 제품명이 ""Cat and Dog Food"" 로 개·고양이 겸용이라 species=mammal. 배정표 품질 '부분' — 스냅샷은 리콜 포털의 최근 10행만 담고 있고 전체 목록은 페이지네이션 뒤에 있다. 표 기준 시점은 2026-07-02 이므로 이후 리콜은 반영되어 있지 않다. 상태(Status)는 스냅샷 시점 값이다."
F-046-004,S-046,FDA,recall,dog,Raaw Energy 개 사료(리콜),,,,,,,,,,,"('리스테리아 오염 가능성', 'Possible Listeria contamination')",,,,,"""Recent Recalls (as of 07/02/2026)"" 표 4행",2026-07-31,,ohb,"원문 표 4행: Date 05/22/2026 · Reason ""Possible Listeria contamination"" · Company Raaw Energy · Status Ongoing. effect 에는 원문 Reason(회수 사유)을 옮겼을 뿐이며 임상 결과가 아니다 — 원문은 증상·용량을 기술하지 않는다. 배정표 품질 '부분' — 스냅샷은 리콜 포털의 최근 10행만 담고 있고 전체 목록은 페이지네이션 뒤에 있다. 표 기준 시점은 2026-07-02 이므로 이후 리콜은 반영되어 있지 않다. 상태(Status)는 스냅샷 시점 값이다."
F-046-005,S-046,FDA,recall,dog,Albright's Chicken Recipe for Dogs(리콜),,,,,,,,,,,"('살모넬라 오염 가능성', 'Potential Salmonella contamination')",,,,,"""Recent Recalls (as of 07/02/2026)"" 표 5행",2026-07-31,,ohb,"원문 표 5행: Date 05/07/2026 · Reason ""Potential Salmonella contamination"" · Company Albright's Raw Pet Food · Status Ongoing. effect 에는 원문 Reason(회수 사유)을 옮겼을 뿐이며 임상 결과가 아니다 — 원문은 증상·용량을 기술하지 않는다. 배정표 품질 '부분' — 스냅샷은 리콜 포털의 최근 10행만 담고 있고 전체 목록은 페이지네이션 뒤에 있다. 표 기준 시점은 2026-07-02 이므로 이후 리콜은 반영되어 있지 않다. 상태(Status)는 스냅샷 시점 값이다."
F-046-006,S-046,FDA,recall,dog,"Breeder's Edge · Shelter's Choice 개용 대용유(리콜, 2026-04-17)",,,,,,,,,,,"('비타민 D 함량 편차', 'Variable levels of Vitamin D')",,,,,"""Recent Recalls (as of 07/02/2026)"" 표 6행",2026-07-31,,ohb,"원문 표 6행: Date 04/17/2026 · Reason ""Variable levels of Vitamin D"" · Company Revival Animal Health · Status Ongoing. effect 에는 원문 Reason(회수 사유)을 옮겼을 뿐이며 임상 결과가 아니다 — 원문은 증상·용량을 기술하지 않는다. F-046-002(06/25/2026)와 브랜드·제품·사유가 동일하나 게시일이 달라 별도 리콜 건으로 보고 행을 나눴다 — 동일 건의 중복 게시인지 팀장 확인 요망. 배정표 품질 '부분' — 스냅샷은 리콜 포털의 최근 10행만 담고 있고 전체 목록은 페이지네이션 뒤에 있다. 표 기준 시점은 2026-07-02 이므로 이후 리콜은 반영되어 있지 않다. 상태(Status)는 스냅샷 시점 값이다."
F-046-007,S-046,FDA,recall,cat,Quest Cat Food Chicken Recipe Frozen(리콜),,,,,,,,,,,"('티아민(비타민 B1) 저함량 가능', 'May contain low levels of thiamine (Vitamin B1)')",,,,,"""Recent Recalls (as of 07/02/2026)"" 표 7행",2026-07-31,,ohb,"원문 표 7행: Date 02/26/2026 · Reason ""May contain low levels of thiamine (Vitamin B1)"" · Company Go Raw LLC · Status Ongoing. effect 에는 원문 Reason(회수 사유)을 옮겼을 뿐이며 임상 결과가 아니다 — 원문은 증상·용량을 기술하지 않는다. 배정표 품질 '부분' — 스냅샷은 리콜 포털의 최근 10행만 담고 있고 전체 목록은 페이지네이션 뒤에 있다. 표 기준 시점은 2026-07-02 이므로 이후 리콜은 반영되어 있지 않다. 상태(Status)는 스냅샷 시점 값이다."
F-046-008,S-046,FDA,recall,dog,"Elite Treats 닭고기 개 간식(리콜, 종결)",,,,,,,,,,,"('살모넬라 오염 가능성', 'May be contaminated with Salmonella')",,,,,"""Recent Recalls (as of 07/02/2026)"" 표 8행",2026-07-31,,ohb,"원문 표 8행: Date 02/24/2026 · Reason ""May be contaminated with Salmonella"" · Company Elite Treats, LLC · Status Terminated. effect 에는 원문 Reason(회수 사유)을 옮겼을 뿐이며 임상 결과가 아니다 — 원문은 증상·용량을 기술하지 않는다. 스냅샷 10행 중 유일하게 Status 가 Terminated(종결)다. 배정표 품질 '부분' — 스냅샷은 리콜 포털의 최근 10행만 담고 있고 전체 목록은 페이지네이션 뒤에 있다. 표 기준 시점은 2026-07-02 이므로 이후 리콜은 반영되어 있지 않다. 상태(Status)는 스냅샷 시점 값이다."
F-046-009,S-046,FDA,recall,cat,Quest Cat Food Chicken Recipe Freeze Dried Nuggets 10oz(리콜),,,,,,,,,,,"('티아민(비타민 B1) 저함량 가능', 'May contain low levels of thiamine (Vitamin B1)')",,,,,"""Recent Recalls (as of 07/02/2026)"" 표 9행",2026-07-31,,ohb,"원문 표 9행: Date 02/17/2026 · Reason ""May contain low levels of thiamine (Vitamin B1)"" · Company Go Raw LLC · Status Ongoing. effect 에는 원문 Reason(회수 사유)을 옮겼을 뿐이며 임상 결과가 아니다 — 원문은 증상·용량을 기술하지 않는다. F-046-007 과 같은 브랜드·같은 사유이나 제형(냉동 vs 동결건조 너겟 10oz)과 게시일이 달라 별도 행이다. 배정표 품질 '부분' — 스냅샷은 리콜 포털의 최근 10행만 담고 있고 전체 목록은 페이지네이션 뒤에 있다. 표 기준 시점은 2026-07-02 이므로 이후 리콜은 반영되어 있지 않다. 상태(Status)는 스냅샷 시점 값이다."
F-046-010,S-046,FDA,recall,all,Neogen Vet HYCOAT® Hyaluronate Sodium Sterile Solution(리콜),,,,,,,,,,,"('미생물 오염', 'Microbial Contamination')",,,,,"""Recent Recalls (as of 07/02/2026)"" 표 10행",2026-07-31,,ohb,"원문 표 10행: Date 01/29/2026 · Reason ""Microbial Contamination"" · Company Neogen Corporation · Status Ongoing. effect 에는 원문 Reason(회수 사유)을 옮겼을 뿐이며 임상 결과가 아니다 — 원문은 증상·용량을 기술하지 않는다. 사료가 아니라 동물용 주사제다. 원문이 대상 동물을 명시하지 않아 species=all 로 두었다 — 말 관절강 주사제로 알려져 있으나 원문에 없어 좁히지 않았다. 팀장 확인 요망. 배정표 품질 '부분' — 스냅샷은 리콜 포털의 최근 10행만 담고 있고 전체 목록은 페이지네이션 뒤에 있다. 표 기준 시점은 2026-07-02 이므로 이후 리콜은 반영되어 있지 않다. 상태(Status)는 스냅샷 시점 값이다."
F-046-011,S-046,FDA,recall,all,종결된 리콜(Terminated Recall)의 정의,,,,,,,,,,,,,,,,"""Terminated Recall Definition"" 절",2026-07-31,,ohb,"원문 ""A 'Terminated Recall is a recall where the FDA has determined that all reasonable efforts have been made to remove or correct the violative product in accordance with the recall strategy, and proper disposition has been made according to the degree of hazard.'"" — 표의 Status 값을 해석하는 데 필요한 정의다. 원문 ""Overview"" 절은 리콜이 업체 자발·FDA 요청·FDA 명령 중 하나로 이뤄진다고 밝힌다. 배정표 품질 '부분' — 스냅샷은 리콜 포털의 최근 10행만 담고 있고 전체 목록은 페이지네이션 뒤에 있다. 표 기준 시점은 2026-07-02 이므로 이후 리콜은 반영되어 있지 않다. 상태(Status)는 스냅샷 시점 값이다."
F-056-001,S-056,Lafeber Vet,nutrition,all,안정 시 에너지 요구량(RER) 계산식,,,,,,,"RER = K × (체중 kg)^0.75 [kcal/day] — 원문 표기 ""K (Wkg)0.75 = kcal/day""",,,,,,,,,"""Resting Energy Rate (RER)"" > ""Calculation Method"" 절",2026-07-31,,ohb,"원문 정의 ""The number of calories required for an animal to maintain homeostasis while resting quietly."" 계산식은 원문 표기 그대로 ""K (Wkg)0.75 = kcal/day"" 이며, 텍스트 추출 과정에서 지수 0.75 의 위첨자가 풀려 붙은 형태다. dose 는 섭취 역치가 아니므로 비우고 계수·식을 basis 에 그대로 옮겼다. 계산 노드가 이 행의 basis 를 쓴다."
F-056-002,S-056,Lafeber Vet,nutrition,all,기초대사율(BMR),,,,,,,,,,,,,,,,"""Basal Metabolic Rate (BMR)"" 절",2026-07-31,,ohb,"원문 정의 ""The energy expended by a healthy animal under thermoneutral conditions, 12 hours after eating, while conscious but not exercising."" 원문은 측정 조건이 까다로워 동물 연구에서는 실용적이지 않다(impractical)고 밝힌다. 수치가 없어 정량 칸을 모두 비웠다."
F-056-003,S-056,Lafeber Vet,nutrition,all,안정 시 에너지 요구량(RER) 대체 계산식,,,,,,,RER = 1.25 × BER,,,,,,,,,"""Resting Energy Rate (RER)"" > ""Calculation Method"" 절 마지막 줄",2026-07-31,,ohb,"원문 ""Alternatively, RER = 1.25 × BER"" — 원문 어디에도 BER 의 정의가 없다. 앞 절이 BMR (기초대사율)을 다루므로 BMR 의 오기일 가능성이 있으나 고치지 않고 원문 그대로 옮겼다 — 팀장 확인 요망. 계산 노드가 이 식을 쓸 경우 BER 의 정의부터 확정해야 한다."
F-056-004,S-056,Lafeber Vet,nutrition,bird,앵무목 조류(Psittacine)의 RER 계수 K,,,,,,,"RER = K × (체중 kg)^0.75 [kcal/day], K = 175",,,,,,,,,"""Resting Energy Rate (RER)"" > ""Calculation Method"" 절 — K Values 목록",2026-07-31,,ohb,"원문 ""Psittacine birds: 175"". 원문 ""K Values for Select Bird Groups"" 표의 계수다. 이 숫자는 섭취 역치가 아니라 RER 계산의 체중 계수이므로 threshold_type 을 비우고 dose 대신 basis 에 옮겼다. 조류 행에는 dose 를 채우지 않는다(D-09). 계산 노드는 이 행의 basis 에서 K 값을 읽어야 한다."
F-056-005,S-056,Lafeber Vet,nutrition,bird,참새목 조류(Passerine)의 RER 계수 K,,,,,,,"RER = K × (체중 kg)^0.75 [kcal/day], K = 175",,,,,,,,,"""Resting Energy Rate (RER)"" > ""Calculation Method"" 절 — K Values 목록",2026-07-31,,ohb,"원문 ""Passerine birds: 175"". 원문 ""K Values for Select Bird Groups"" 표의 계수다. 이 숫자는 섭취 역치가 아니라 RER 계산의 체중 계수이므로 threshold_type 을 비우고 dose 대신 basis 에 옮겼다. 조류 행에는 dose 를 채우지 않는다(D-09). 계산 노드는 이 행의 basis 에서 K 값을 읽어야 한다."
F-056-006,S-056,Lafeber Vet,nutrition,bird,수생 비참새목 조류의 RER 계수 K,,,,,,,"RER = K × (체중 kg)^0.75 [kcal/day], K = 150",,,,,,,,,"""Resting Energy Rate (RER)"" > ""Calculation Method"" 절 — K Values 목록",2026-07-31,,ohb,"원문 ""Aquatic non-passerine birds: 150"". 원문 ""K Values for Select Bird Groups"" 표의 계수다. 이 숫자는 섭취 역치가 아니라 RER 계산의 체중 계수이므로 threshold_type 을 비우고 dose 대신 basis 에 옮겼다. 조류 행에는 dose 를 채우지 않는다(D-09). 계산 노드는 이 행의 basis 에서 K 값을 읽어야 한다."
F-056-007,S-056,Lafeber Vet,nutrition,bird,육상 비참새목 조류의 RER 계수 K,,,,,,,"RER = K × (체중 kg)^0.75 [kcal/day], K = 125",,,,,,,,,"""Resting Energy Rate (RER)"" > ""Calculation Method"" 절 — K Values 목록",2026-07-31,,ohb,"원문 ""Terrestrial non-passerine birds: 125"". 원문 ""K Values for Select Bird Groups"" 표의 계수다. 이 숫자는 섭취 역치가 아니라 RER 계산의 체중 계수이므로 threshold_type 을 비우고 dose 대신 basis 에 옮겼다. 조류 행에는 dose 를 채우지 않는다(D-09). 계산 노드는 이 행의 basis 에서 K 값을 읽어야 한다."
F-056-008,S-056,Lafeber Vet,nutrition,all,유지 에너지 요구량(MER),,,,,,,비행·수영 등의 활동은 기초 대비 5–10배의 에너지를 요구,중등도로 활동적인 성체,,,,,,,,"""Maintenance Energy Requirement"" 절",2026-07-31,,ohb,"원문 ""Energy needed for moderately active adults in thermoneutral environments. Activities like flying and swimming demand five to ten times baseline energy."" — 배수(5–10배)는 섭취 역치가 아니라 활동 보정 배율이라 basis 에 옮겼다. 기준이 되는 baseline 이 RER 인지 BMR 인지 원문이 밝히지 않는다 — 팀장 확인 요망."
F-056-009,S-056,Lafeber Vet,nutrition,all,과급여(overfeeding),,,,,,,,,,,과급여 합병증,구토|설사|복부 경련|오심|전해질 이상|고혈당|간기능 이상|호흡곤란,,,,"""Resting Energy Rate (RER)"" > ""Overfeeding Risks"" 절",2026-07-31,,ohb,"원문 ""Overfeeding consequences include vomiting, diarrhea, cramping, nausea, electrolyte disturbances, hyperglycemia, hepatic dysfunction, and respiratory distress."" — 과급여 기준량은 제시하지 않아 dose 를 비웠다. feeding_level 은 급여 가부가 아니라 급여량 문제이므로 비웠다."
F-056-010,S-056,Lafeber Vet,nutrition,all,질병 보정계수(illness factor) 적용,,,,,,,과거 관행 1.0–1.5 배 — 현재는 사용하지 않음,,,,,,,,,"""Resting Energy Rate (RER)"" > ""Modern Approach"" 절",2026-07-31,,ohb,"원문 ""Current practice avoids subjective 'illness factors' (previously 1.0-1.5). Instead, RER serves as an initial estimate, with close monitoring and adjustments based on patient response."" — 1.0–1.5 는 폐기된 과거 계수이므로 계산 노드가 쓰면 안 된다. 이 점을 명확히 하기 위해 행을 남겼다."
F-056-011,S-056,Lafeber Vet,nutrition,all,EmerAid IC Carnivore(회복기 유동식),,,성분 함량,4.98,kcal/gram,,kcal/ml: 1.60,,,,,,,,,"""Select Diet Caloric Content"" 표",2026-07-31,,ohb,"원문 표: EmerAid IC Carnivore — kcal/gram 4.98 · kcal/ml 1.60. 원문 ""Select Diet Caloric Content"" 표의 칼로리 밀도다. 섭취 역치가 아니라 사료의 성분(에너지) 함량이므로 threshold_type=성분 함량 으로 두었다. 단위는 원문 표 머리글 그대로 kcal/gram 이며 환산하지 않았다(검사기가 보기 드문 단위로 WARN 을 낸다 — 의도한 것) — 팀장 대조 요망. 원문은 대상 동물을 명시하지 않아 species=all 로 두었다."
F-056-012,S-056,Lafeber Vet,nutrition,all,EmerAid IC Herbivore(회복기 유동식),,,성분 함량,2.95,kcal/gram,,kcal/ml: 1.32,,,,,,,,,"""Select Diet Caloric Content"" 표",2026-07-31,,ohb,"원문 표: EmerAid IC Herbivore — kcal/gram 2.95 · kcal/ml 1.32. 원문 ""Select Diet Caloric Content"" 표의 칼로리 밀도다. 섭취 역치가 아니라 사료의 성분(에너지) 함량이므로 threshold_type=성분 함량 으로 두었다. 단위는 원문 표 머리글 그대로 kcal/gram 이며 환산하지 않았다(검사기가 보기 드문 단위로 WARN 을 낸다 — 의도한 것) — 팀장 대조 요망. 원문은 대상 동물을 명시하지 않아 species=all 로 두었다."
F-056-013,S-056,Lafeber Vet,nutrition,all,EmerAid IC Omnivore(회복기 유동식),,,성분 함량,4.09,kcal/gram,,kcal/ml: 1.86,,,,,,,,,"""Select Diet Caloric Content"" 표",2026-07-31,,ohb,"원문 표: EmerAid IC Omnivore — kcal/gram 4.09 · kcal/ml 1.86. 원문 ""Select Diet Caloric Content"" 표의 칼로리 밀도다. 섭취 역치가 아니라 사료의 성분(에너지) 함량이므로 threshold_type=성분 함량 으로 두었다. 단위는 원문 표 머리글 그대로 kcal/gram 이며 환산하지 않았다(검사기가 보기 드문 단위로 WARN 을 낸다 — 의도한 것) — 팀장 대조 요망. 원문은 대상 동물을 명시하지 않아 species=all 로 두었다."
F-056-014,S-056,Lafeber Vet,nutrition,all,Harrison's Recovery Formula(회복기 사료),,,성분 함량,3.92,kcal/gram,,kcal/ml: 원문에 n/a,,,,,,,,,"""Select Diet Caloric Content"" 표",2026-07-31,,ohb,"원문 표: Harrison's Recovery Formula — kcal/gram 3.92 · kcal/ml n/a. 원문 ""Select Diet Caloric Content"" 표의 칼로리 밀도다. 섭취 역치가 아니라 사료의 성분(에너지) 함량이므로 threshold_type=성분 함량 으로 두었다. 단위는 원문 표 머리글 그대로 kcal/gram 이며 환산하지 않았다(검사기가 보기 드문 단위로 WARN 을 낸다 — 의도한 것) — 팀장 대조 요망. 원문은 대상 동물을 명시하지 않아 species=all 로 두었다."
F-056-015,S-056,Lafeber Vet,nutrition,all,Kaytee Exact Hand-Feeding(이유식용 사료),,,성분 함량,3.84,kcal/gram,,kcal/ml: 원문에 n/a,,,,,,,,,"""Select Diet Caloric Content"" 표",2026-07-31,,ohb,"원문 표: Kaytee Exact Hand-Feeding — kcal/gram 3.84 · kcal/ml n/a. 원문 ""Select Diet Caloric Content"" 표의 칼로리 밀도다. 섭취 역치가 아니라 사료의 성분(에너지) 함량이므로 threshold_type=성분 함량 으로 두었다. 단위는 원문 표 머리글 그대로 kcal/gram 이며 환산하지 않았다(검사기가 보기 드문 단위로 WARN 을 낸다 — 의도한 것) — 팀장 대조 요망. 원문은 대상 동물을 명시하지 않아 species=all 로 두었다."
F-034-001,S-034,Frontiers in Veterinary Science,toxicity_food,dog,양파,Allium cepa,비늘줄기(구근),임상징후 발현,15-30,g/kg,,,,NEVER,,산화적 용혈(메트헤모글로빈혈증·적혈구 하인츠소체 형성)에 의한 빈혈,구토|설사|복통|식욕부진|침울|창백한 점막|쇠약|호흡수 증가|심박수 증가|황달|암적색 또는 갈색 소변(혈색소뇨),섭취 1일 후 또는 수일 후 (섭취량에 따라 다름),,,본문 'ALLIUM SPP.' 절 (p.1-2),2026-07-31,(8) Cope RB. Allium species poisoning in dogs and cats. Vet Med (2005) 100:562-6,ohb,본문 'the ingestion of 5 g/kg of onions by cats and 15-30 g/kg by dogs is enough to cause clinically important hematologic changes (8)' — 본문이 역치로 서술하므로 임상징후 발현 유지. 조리·건조·가공해도 독성은 사라지지 않는다. Akita·Shiba·Jindo 등 적혈구 환원글루타티온·칼륨 농도가 유전적으로 높은 품종은 감수성이 더 높다(9). 결론절 'foodstuffs that must not be fed to dogs and cats' 에 근거해 feeding_level=NEVER.
F-034-002,S-034,Frontiers in Veterinary Science,toxicity_food,cat,양파,Allium cepa,비늘줄기(구근),임상징후 발현,5,g/kg,,,,NEVER,,산화적 용혈(메트헤모글로빈혈증·적혈구 하인츠소체 형성)에 의한 빈혈,구토|설사|복통|식욕부진|침울|창백한 점막|쇠약|호흡수 증가|심박수 증가|황달|암적색 또는 갈색 소변(혈색소뇨),섭취 1일 후 또는 수일 후 (섭취량에 따라 다름),,,본문 'ALLIUM SPP.' 절 (p.1-2),2026-07-31,(8) Cope RB. Allium species poisoning in dogs and cats. Vet Med (2005) 100:562-6,ohb,"본문 'is enough to cause clinically important hematologic changes' — 본문 역치 서술. VPIS 1994-2008 고양이 4례 중 위장관 증상·기면·다음 1례, 빈혈·황달 1례, 무치료 무증상 1례, 흉강·복강 출혈로 사망 1례(16). 결론절 'foodstuffs that must not be fed to dogs and cats' 에 근거해 feeding_level=NEVER."
F-034-003,S-034,Frontiers in Veterinary Science,toxicity_food,mammal,마늘,Allium sativum,비늘줄기(구근),,,,,,,NEVER,,산화적 용혈(메트헤모글로빈혈증·적혈구 하인츠소체 형성)에 의한 빈혈; 개에서 마늘 유발 용혈성 빈혈에 동반된 고혈압 보고,구토|설사|복통|식욕부진|침울|창백한 점막|쇠약|호흡수 증가|심박수 증가|황달|암적색 또는 갈색 소변(혈색소뇨),섭취 1일 후 또는 수일 후 (섭취량에 따라 다름),,,본문 'ALLIUM SPP.' 절 (p.1-2),2026-07-31,"(11) Kang MH, Park HM. J Vet Med Sci (2010) 72:515-8",ohb,"원문에 마늘 단독의 정량 임계치 없음 — dose 비움. 구운 마늘 섭취 후 고혈압 1례(11), 중국부추+마늘 섭취 후 하인츠소체 용혈성 빈혈 1례(14). 결론절 'foodstuffs that must not be fed to dogs and cats' 에 근거해 feeding_level=NEVER."
F-034-004,S-034,Frontiers in Veterinary Science,toxicity_food,mammal,리크(서양대파),Allium porrum,,,,,,,,NEVER,,산화적 용혈(메트헤모글로빈혈증·적혈구 하인츠소체 형성)에 의한 빈혈,구토|설사|복통|식욕부진|침울|창백한 점막|쇠약|호흡수 증가|심박수 증가|황달|암적색 또는 갈색 소변(혈색소뇨),섭취 1일 후 또는 수일 후 (섭취량에 따라 다름),,,본문 'ALLIUM SPP.' 절 (p.1-2),2026-07-31,,ohb,Allium 속 구성원으로 열거될 뿐 리크 단독의 정량 수치·증례는 원문에 없음. 결론절 'foodstuffs that must not be fed to dogs and cats' 에 근거해 feeding_level=NEVER.
F-034-005,S-034,Frontiers in Veterinary Science,toxicity_food,mammal,차이브,Allium schoenoprasum,,,,,,,,NEVER,,산화적 용혈(메트헤모글로빈혈증·적혈구 하인츠소체 형성)에 의한 빈혈,구토|설사|복통|식욕부진|침울|창백한 점막|쇠약|호흡수 증가|심박수 증가|황달|암적색 또는 갈색 소변(혈색소뇨),섭취 1일 후 또는 수일 후 (섭취량에 따라 다름),,,본문 'ALLIUM SPP.' 절 (p.1-2),2026-07-31,,ohb,Allium 속 구성원으로 열거. 단독 정량 수치 없음. 결론절 'foodstuffs that must not be fed to dogs and cats' 에 근거해 feeding_level=NEVER.
F-034-006,S-034,Frontiers in Veterinary Science,toxicity_food,dog,중국부추,Allium tuberosum,,,,,,,,NEVER,,하인츠소체 용혈성 빈혈(적혈구 편심구증 동반),구토|설사|복통|식욕부진|침울|창백한 점막|쇠약|호흡수 증가|심박수 증가|황달|암적색 또는 갈색 소변(혈색소뇨),섭취 1일 후 또는 수일 후 (섭취량에 따라 다름),,,본문 'ALLIUM SPP.' 절 (p.1-2),2026-07-31,(14) Yamato O et al. J Am Anim Hosp Assoc (2005) 41:68-73,ohb,중국부추(Allium tuberosum)와 마늘이 든 중국식 찐만두 섭취 개 1례. 용량 수치 없음. 결론절 'foodstuffs that must not be fed to dogs and cats' 에 근거해 feeding_level=NEVER.
F-034-007,S-034,Frontiers in Veterinary Science,toxicity_food,dog,포도,Vitis vinifera,과육|과피|착즙 잔재(marc),역치 없음,,,,,,NEVER,,급성 신부전(신독성 물질 또는 특이체질 반응 → 저혈량성 쇼크·신허혈로 추정),구토|설사|식욕부진|무기력|복통|구토물·분변 내 미소화 포도 조각|핍뇨|무뇨|다음|단백뇨|혈청 크레아티닌 상승|혈청 요소 상승,구토는 섭취 24시간 이내,,,"본문 'GRAPES AND THEIR DRIED PRODUCTS (RAISINS, SULTANAS, AND CURRANTS)' 절 (p.2-3)",2026-07-31,"(28) Sutton NM, Bates N, Campbell A. Vet Rec (2009) 164:430-1",ohb,"원문 'Given the large variability in the tolerance exhibited by dogs, the ingestion of any quantity of grapes or grape products by dogs should be handled aggressively (28)' 및 'ingestion of any quantity of these fruits should be considered as a potential clinical problem'. 용량-반응 미성립: 일부 개는 건포도 1 kg 까지 먹고 무증상, 다른 개는 한 줌 섭취 후 사망(28). Table 1 에서도 건포도 3 g/kg 사망 vs 20.6 g/kg 회복으로 역전. 이 물질은 정량 판정을 하지 않는다. 'should be handled aggressively' 는 임상의 대상 처치 지시라 triage_level 은 비웠다(보호자 행동 지시 아님). 결론절 'foodstuffs that must not be fed to dogs and cats' 에 근거해 feeding_level=NEVER."
F-034-008,S-034,Frontiers in Veterinary Science,toxicity_food,dog,건포도,Vitis vinifera,건조 과실,증례 보고 범위,2.8,mg/kg,,,,NEVER,,급성 신부전(신독성 물질 또는 특이체질 반응 → 저혈량성 쇼크·신허혈로 추정),구토|설사|식욕부진|무기력|복통|구토물·분변 내 미소화 포도 조각|핍뇨|무뇨|다음|단백뇨|혈청 크레아티닌 상승|혈청 요소 상승,구토는 섭취 24시간 이내,,,본문 p.2 하단 (GRAPES 절) — Table 1 과 대조,2026-07-31,(31) Eubig PA et al. J Vet Intern Med (2005) 19:663-74,ohb,"본문 'Published case reports have identified renal failure in dogs following the ingestion of estimated doses of raisins as low as 2.8 mg/kg (31)'. ★단위 불일치: 같은 논문 Table 1 은 같은 출처(31)를 'Raisins range: 2.8-36.4 g/kg' 로 적었다 — mg/kg 과 g/kg 은 1,000배다. 어느 쪽을 고르지 않고 지침대로 본문 값을 dose 에 두고 둘 다 여기 기록한다. 팀장 확인 필요(원 출처 Eubig 2005 대조)."
F-034-009,S-034,Frontiers in Veterinary Science,toxicity_food,dog,건포도,Vitis vinifera,건조 과실,증례 보고 범위,2.8-36.4,g/kg,,,,,,급성 신부전(신독성 물질 또는 특이체질 반응 → 저혈량성 쇼크·신허혈로 추정),구토|설사|식욕부진|무기력|복통|구토물·분변 내 미소화 포도 조각|핍뇨|무뇨|다음|단백뇨|혈청 크레아티닌 상승|혈청 요소 상승,24시간 이내 35두 · 24-48시간 8두,,,Table 1 (p.3),2026-07-31,(31) Eubig PA et al. J Vet Intern Med (2005) 19:663-74,ohb,"Table 1 캡션 'Range of doses of grapes and their dried products ... reported to cause renal failure in dogs' — 역치가 아니라 보고된 증례 용량이다. 중앙값 19.6 g/kg(건포도 자료는 24두 한정). 전체 43두: 회복 23·사망 5·안락사 15. 본문의 2.8 mg/kg 과 단위가 1,000배 어긋난다(F-034-008 참조)."
F-034-010,S-034,Frontiers in Veterinary Science,toxicity_food,dog,포도,Vitis vinifera,과육,증례 보고 범위,19.6-148.4,g/kg,,,,,,급성 신부전(신독성 물질 또는 특이체질 반응 → 저혈량성 쇼크·신허혈로 추정),구토|설사|식욕부진|무기력|복통|구토물·분변 내 미소화 포도 조각|핍뇨|무뇨|다음|단백뇨|혈청 크레아티닌 상승|혈청 요소 상승,24시간 이내 35두 · 24-48시간 8두,,,Table 1 (p.3),2026-07-31,(31) Eubig PA et al. J Vet Intern Med (2005) 19:663-74,ohb,"Table 1 첫 행 'Grapes(b): range 19.6-148.4 g/kg, median 40.6 g/kg', 각주 b '자료는 4두 한정'. 캡션이 'reported to cause' 이므로 역치 아님."
F-034-011,S-034,Frontiers in Veterinary Science,toxicity_food,dog,건포도,Vitis vinifera,건조 과실,증례 보고 범위,3-30,g/kg,,,,,,급성 신부전(신독성 물질 또는 특이체질 반응 → 저혈량성 쇼크·신허혈로 추정),구토|설사|식욕부진|무기력|복통|구토물·분변 내 미소화 포도 조각|핍뇨|무뇨|다음|단백뇨|혈청 크레아티닌 상승|혈청 요소 상승,증상 발현까지 8-24시간(기록된 증례),,,Table 1 (p.3),2026-07-31,(32) Mazzaferro EM et al. (2004) · (35) Morrow CM et al. (2005),ohb,"Table 1 개별 증례(집계행 제외)의 건포도 용량 범위. ★용량-반응 역전 근거: 3 g/kg 사망 또는 안락사, 4.8 g/kg 사망, 15.7 g/kg 사망, 18 g/kg 사망 또는 안락사, 20.6 g/kg 회복, 24 g/kg 및 30 g/kg 사망 또는 안락사. 20.6 g/kg 회복 증례가 3 g/kg 사망 증례보다 고용량이다 — 역치로 쓸 수 없다."
F-034-012,S-034,Frontiers in Veterinary Science,toxicity_food,dog,포도,Vitis vinifera,과육,증례 보고 범위,4-65.2,g/kg,,,,,,급성 신부전(신독성 물질 또는 특이체질 반응 → 저혈량성 쇼크·신허혈로 추정),구토|설사|식욕부진|무기력|복통|구토물·분변 내 미소화 포도 조각|핍뇨|무뇨|다음|단백뇨|혈청 크레아티닌 상승|혈청 요소 상승,증상 발현까지 5-8시간(기록된 증례),,,Table 1 (p.3),2026-07-31,(35) Morrow CM et al. (2005) · (39) Itoh T et al. (2010) · (40) Kang J-H et al. (2006),ohb,"Table 1 개별 증례의 생과 포도 용량 범위: 4 g/kg 사망 또는 안락사, 6 g/kg 사망 또는 안락사, 20 g/kg 사망, 65.2 g/kg 안락사. 캡션상 증례 보고 범위."
F-034-013,S-034,Frontiers in Veterinary Science,toxicity_food,dog,"포도(생과, 알 단위)",Vitis vinifera,과육,증례 보고 범위,4-5,알(체중 8.2 kg 개),,,,,,급성 신부전(신독성 물질 또는 특이체질 반응 → 저혈량성 쇼크·신허혈로 추정),구토|설사|식욕부진|무기력|복통|구토물·분변 내 미소화 포도 조각|핍뇨|무뇨|다음|단백뇨|혈청 크레아티닌 상승|혈청 요소 상승,,,,"본문 'GRAPES AND THEIR DRIED PRODUCTS (RAISINS, SULTANAS, AND CURRANTS)' 절 (p.2-3) · Table 1 (p.3)",2026-07-31,(32) Mazzaferro EM et al. J Vet Emerg Crit Care (2004) 14:203-12,ohb,본문 '... and as little as four to five grapes in a dog weighing 8.2 kg (32)'. 체중당 용량이 아니라 알 개수라 단위를 원문 서술 그대로 두었다 — 환산하지 않았다. Table 1 의 같은 증례 결과는 '회복(Recovery)' 인데 본문은 이 증례를 신부전 확인 사례로 인용한다. 팀장 확인 필요.
F-034-014,S-034,Frontiers in Veterinary Science,toxicity_food,dog,포도·건포도(혼합 섭취),Vitis vinifera,,증례 보고 범위,11.6-31.2,g/kg,,,,,,급성 신부전(신독성 물질 또는 특이체질 반응 → 저혈량성 쇼크·신허혈로 추정),구토|설사|식욕부진|무기력|복통|구토물·분변 내 미소화 포도 조각|핍뇨|무뇨|다음|단백뇨|혈청 크레아티닌 상승|혈청 요소 상승,수 시간 이내(Few hours),,,Table 1 (p.3),2026-07-31,(33) Gwaltney-Brant S et al. J Am Vet Med Assoc (2001) 218:1555-6,ohb,"Table 1: 포도 5두·건포도 5두, 결과 회복 5·사망 2·안락사 3. 각주 d '용량 자료는 4두 한정'."
F-034-015,S-034,Frontiers in Veterinary Science,toxicity_food,dog,커런트(건조 카시스),Vitis vinifera,건조 과실,증례 보고 범위,7.8,g/kg,,,,NEVER,,급성 신부전(신독성 물질 또는 특이체질 반응 → 저혈량성 쇼크·신허혈로 추정),구토|설사|식욕부진|무기력|복통|구토물·분변 내 미소화 포도 조각|핍뇨|무뇨|다음|단백뇨|혈청 크레아티닌 상승|혈청 요소 상승,12시간,,,Table 1 (p.3),2026-07-31,"(36) Stanley SW, Langston CE. Can Vet J (2008) 49:63-6",ohb,"Table 1 단일 증례(Labrador Retriever 3.5세 수컷), 혈액투석 후 회복. 캡션상 증례 보고 범위. 결론절 'foodstuffs that must not be fed to dogs and cats' 에 근거해 feeding_level=NEVER."
F-034-016,S-034,Frontiers in Veterinary Science,toxicity_food,dog,포도 껍질,Vitis vinifera,과피,증례 보고 범위,18.8,g/kg,,,,NEVER,,급성 신부전(신독성 물질 또는 특이체질 반응 → 저혈량성 쇼크·신허혈로 추정),구토|설사|식욕부진|무기력|복통|구토물·분변 내 미소화 포도 조각|핍뇨|무뇨|다음|단백뇨|혈청 크레아티닌 상승|혈청 요소 상승,12시간,,,Table 1 (p.3),2026-07-31,(37) Oh HW et al. Korean J Vet Res (2008) 48:215-8,ohb,"Table 1 단일 증례(Maltese 2세 암컷), 회복. 결론절 'foodstuffs that must not be fed to dogs and cats' 에 근거해 feeding_level=NEVER."
F-034-017,S-034,Frontiers in Veterinary Science,toxicity_food,dog,포도 및 마크(착즙 잔재),Vitis vinifera,과육|착즙 잔재(marc),증례 보고 범위,20,g/kg,,,,NEVER,,급성 신부전(신독성 물질 또는 특이체질 반응 → 저혈량성 쇼크·신허혈로 추정),구토|설사|식욕부진|무기력|복통|구토물·분변 내 미소화 포도 조각|핍뇨|무뇨|다음|단백뇨|혈청 크레아티닌 상승|혈청 요소 상승,6-7시간,,,"Table 1 (p.3) · 본문 'GRAPES AND THEIR DRIED PRODUCTS (RAISINS, SULTANAS, AND CURRANTS)' 절 (p.2-3)",2026-07-31,"(38) Usselmann D. Praktische Tierarzt (2007) 88:790-5 · (29) Lovell K, Harvey MA (2006)",ohb,"Table 1 단일 증례(Galgo Espaniol 1세 암컷), 안락사. 본문에도 'The toxic syndrome has also been observed with consumption of marc (the residue of grapes after pressing) (29)'. 결론절 'foodstuffs that must not be fed to dogs and cats' 에 근거해 feeding_level=NEVER."
F-034-018,S-034,Frontiers in Veterinary Science,toxicity_food,dog,마카다미아넛,Macadamia integrifolia; Macadamia tetraphylla,종자(견과),증례 보고 범위,0.7,g/kg,,,,NEVER,,마카다미아넛 중독(기전 불명). 사망 보고는 현재까지 없음,쇠약(특히 뒷다리 쇠약)|침울|구토|운동실조|진전|고체온|복통|파행|경직|기립불능|창백한 점막,"섭취 12시간 이내 발현, 24-48시간 내 완전 회복",,,본문 'MACADAMIA NUTS' 절 (p.4),2026-07-31,(48) McKenzie RA et al. Aust Vet Pract (2000) 30:6-10,ohb,"★초안의 '임상징후 발현' 을 '증례 보고 범위' 로 정정. 근거: 바로 앞 문장이 'the dose required to induce toxicity has not been established precisely (46)' 라고 명시하고, 해당 문장도 'The ingestion of as little as 0.7 g/kg of nuts has been associated with the development of clinical signs in dogs (48)' 로 역치가 아닌 최저 보고 용량의 연관 서술이다. 마카다미아 중독은 현재까지 개에서만 보고. 결론절 'foodstuffs that must not be fed to dogs and cats' 에 근거해 feeding_level=NEVER."
F-034-019,S-034,Frontiers in Veterinary Science,toxicity_food,dog,마카다미아넛,Macadamia integrifolia; Macadamia tetraphylla,종자(견과),증례 보고 범위,2.2-62.4,g/kg,,,,,,마카다미아넛 중독,쇠약(특히 뒷다리 쇠약)|침울|구토|운동실조|진전|고체온|복통|파행|경직|기립불능|창백한 점막,"섭취 12시간 이내 발현, 24-48시간 내 완전 회복",,,본문 'MACADAMIA NUTS' 절 (p.4),2026-07-31,(49) Hansen SR. Vet Med (2002) 97:274-6,ohb,"본문 'In another case, a series of toxic doses ranging from 2.2 to 62.4 g/kg was reported (49)'. 'toxic doses' 라는 표현이 있으나 보고된 증례 용량의 나열('was reported')이고 원문이 독성 용량 미확립을 명시하므로 증례 보고 범위로 판정. 호주 퀸즐랜드에서 5년간 83례 보고(1)."
F-034-020,S-034,Frontiers in Veterinary Science,toxicity_food,dog,초콜릿(테오브로민+카페인),Theobroma cacao,,임상징후 발현,20,mg/kg,,,,NEVER,,"메틸잔틴 중독 — 중추신경·심근 자극, 평활근 이완, 이뇨",불안·안절부절|다음|요실금|구토|설사|흥분|현저한 고체온|빈맥,초기 증상은 섭취 2-4시간 이내,,,"본문 'METHYLXANTHINES (CAFFEINE, THEOBROMINE, AND THEOPHYLLINE)' 절 (p.4)",2026-07-31,(4) Gwaltney-Brant S. Chocolate intoxication. Vet Med (2001) 96:108-11,ohb,"본문 'According to the ASPCA APCC data, mild clinical signs appear in dogs after ingesting 20 mg/kg of theobromine and caffeine' — 'signs appear ... after ingesting' 은 역치 서술이므로 초안의 임상징후 발현을 유지한다. 테오브로민과 카페인의 합산 용량이다. 개에서 카페인은 빠르게 흡수되나 테오브로민은 10배 느려 약 10시간에 최고 혈중농도. CYP1A2 1117C>T 다형성 결핍견은 대사 저하로 위험이 더 높다(64,65). 결론절 'foodstuffs that must not be fed to dogs and cats' 에 근거해 feeding_level=NEVER."
F-034-021,S-034,Frontiers in Veterinary Science,toxicity_food,dog,초콜릿(테오브로민+카페인),Theobroma cacao,,중증,40-50,mg/kg,,,,NEVER,,중증 메틸잔틴 중독,고혈압|심부정맥|심실조기수축|근강직|운동실조|발작|혼수,초기 증상은 섭취 2-4시간 이내,,,"본문 'METHYLXANTHINES (CAFFEINE, THEOBROMINE, AND THEOPHYLLINE)' 절 (p.4)",2026-07-31,(4) Gwaltney-Brant S. Chocolate intoxication. Vet Med (2001) 96:108-11,ohb,본문 '... while severe clinical signs are observed at 40-50 mg/kg' — 'severe clinical signs are observed at' 은 중증 역치 서술. 결론절 'foodstuffs that must not be fed to dogs and cats' 에 근거해 feeding_level=NEVER.
F-034-022,S-034,Frontiers in Veterinary Science,toxicity_food,dog,초콜릿(테오브로민+카페인),Theobroma cacao,,중증,60,mg/kg,,,,NEVER,,발작. 진행 시 심부정맥 또는 호흡부전으로 사망 가능,발작|혼수|심부정맥|근강직,초기 증상은 섭취 2-4시간 이내,,,"본문 'METHYLXANTHINES (CAFFEINE, THEOBROMINE, AND THEOPHYLLINE)' 절 (p.4)",2026-07-31,(4) Gwaltney-Brant S. Chocolate intoxication. Vet Med (2001) 96:108-11,ohb,본문 '... and seizures occur at 60 mg/kg (4)' — 지침 3장에서 'seizures reported above' 는 중증. 치사량 수치는 원문에 없다(사망은 '심부정맥 또는 호흡부전으로 발생할 수 있다'는 정성 서술뿐). 결론절 'foodstuffs that must not be fed to dogs and cats' 에 근거해 feeding_level=NEVER.
F-034-023,S-034,Frontiers in Veterinary Science,toxicity_food,mammal,무가당 베이킹 초콜릿·코코아 파우더,Theobroma cacao,,성분 함량,>14,mg/g,,,,NEVER,,테오브로민 함량이 가장 높은 초콜릿 유형,,,,,"본문 'METHYLXANTHINES (CAFFEINE, THEOBROMINE, AND THEOPHYLLINE)' 절 (p.4)",2026-07-31,(50) Dolder LK. Methylxanthines. Small Animal Toxicology (2013) p.647-52,ohb,본문 'Unsweetened baking chocolate and cocoa powder usually contain more than 14 mg of theobromine per gram'. 원문이 '이상(more than)' 이라 dose 에 '>' 를 남겼다 — 환산하지 않았다. 결론절 'foodstuffs that must not be fed to dogs and cats' 에 근거해 feeding_level=NEVER.
F-034-024,S-034,Frontiers in Veterinary Science,toxicity_food,mammal,세미스위트 다크 초콜릿,Theobroma cacao,,성분 함량,5,mg/g,,,,NEVER,,테오브로민 함유,,,,,"본문 'METHYLXANTHINES (CAFFEINE, THEOBROMINE, AND THEOPHYLLINE)' 절 (p.4)",2026-07-31,(50) Dolder LK. Methylxanthines. Small Animal Toxicology (2013) p.647-52,ohb,"본문 'Semisweet dark chocolate and milk chocolate often contain around 5 and 2 mg of theobromine per gram, respectively' — 원문 표현은 'around(약)'. 결론절 'foodstuffs that must not be fed to dogs and cats' 에 근거해 feeding_level=NEVER."
F-034-025,S-034,Frontiers in Veterinary Science,toxicity_food,mammal,밀크 초콜릿,Theobroma cacao,,성분 함량,2,mg/g,,,,NEVER,,테오브로민 함유,,,,,"본문 'METHYLXANTHINES (CAFFEINE, THEOBROMINE, AND THEOPHYLLINE)' 절 (p.4)",2026-07-31,(50) Dolder LK. Methylxanthines. Small Animal Toxicology (2013) p.647-52,ohb,"본문 'around 5 and 2 mg of theobromine per gram, respectively' 중 밀크 초콜릿 값. 결론절 'foodstuffs that must not be fed to dogs and cats' 에 근거해 feeding_level=NEVER."
F-034-026,S-034,Frontiers in Veterinary Science,toxicity_food,mammal,화이트 초콜릿,Theobroma cacao,,성분 함량,,,,,,,,테오브로민 급원으로서는 무의미한 수준으로 간주됨,,,,,"본문 'METHYLXANTHINES (CAFFEINE, THEOBROMINE, AND THEOPHYLLINE)' 절 (p.4)",2026-07-31,(50) Dolder LK. Small Animal Toxicology (2013) p.647-52,ohb,본문 'while white chocolate is considered to be an insignificant source of theobromine (50)'. 수치가 없어 dose 를 비웠다. 원문이 급여 가부를 말하지 않아 feeding_level 도 비웠다 — '무의미한 급원'을 SAFE 로 번역하지 않았다.
F-034-027,S-034,Frontiers in Veterinary Science,toxicity_food,mammal,커피(카페인),Coffea arabica,,,,,,,,,,메틸잔틴(카페인) 중독,불안·안절부절|다음|요실금|구토|설사|흥분|현저한 고체온|빈맥|고혈압|심부정맥|심실조기수축|근강직|운동실조|발작|혼수,초기 증상은 섭취 2-4시간 이내,,,"본문 'METHYLXANTHINES (CAFFEINE, THEOBROMINE, AND THEOPHYLLINE)' 절 (p.4)",2026-07-31,,ohb,원문은 커피(Coffea arabica 의 열매)를 가정 내 카페인 급원으로 열거만 한다 — 커피 자체의 정량 임계치·증례는 원문에 없어 dose 를 비웠다.
F-034-028,S-034,Frontiers in Veterinary Science,toxicity_food,mammal,차(카페인·테오필린),Thea sinensis,,,,,,,,,,메틸잔틴(카페인·테오필린) 중독,불안·안절부절|다음|요실금|구토|설사|흥분|현저한 고체온|빈맥|고혈압|심부정맥|심실조기수축|근강직|운동실조|발작|혼수,초기 증상은 섭취 2-4시간 이내,,,"본문 'METHYLXANTHINES (CAFFEINE, THEOBROMINE, AND THEOPHYLLINE)' 절 (p.4)",2026-07-31,,ohb,원문은 차(Thea sinensis 의 잎)를 카페인·테오필린 급원으로 열거만 한다. 정량 수치 없음.
F-034-029,S-034,Frontiers in Veterinary Science,toxicity_food,dog,과라나 함유 허브 보충제,Paullinia cupana,종자,,,,,,,,,메틸잔틴(카페인) 중독,불안·안절부절|다음|요실금|구토|설사|흥분|현저한 고체온|빈맥|고혈압|심부정맥|심실조기수축|근강직|운동실조|발작|혼수,초기 증상은 섭취 2-4시간 이내,,,"본문 'METHYLXANTHINES (CAFFEINE, THEOBROMINE, AND THEOPHYLLINE)' 절 (p.4)",2026-07-31,"(52) Ooms TG, Khan SA, Means C. J Am Vet Med Assoc (2001) 21:225-9",ohb,과라나와 마황(ma huang)이 든 허브 보충제 섭취로 카페인·에페드린 중독 의심 47례(개). 용량 수치 없음.
F-034-030,S-034,Frontiers in Veterinary Science,toxicity_food,dog,카카오빈 껍질 정원 멀치,Theobroma cacao,,,,,,,,,,메틸잔틴 중독,불안·안절부절|다음|요실금|구토|설사|흥분|현저한 고체온|빈맥|고혈압|심부정맥|심실조기수축|근강직|운동실조|발작|혼수,초기 증상은 섭취 2-4시간 이내,,,"본문 'METHYLXANTHINES (CAFFEINE, THEOBROMINE, AND THEOPHYLLINE)' 절 (p.4)",2026-07-31,(53) Drolet R et al. (1984) · (54) Hansen S et al. Clin Toxicol (2003) 41:720,ohb,카카오빈 껍질로 만든 정원 멀치 섭취에 의한 메틸잔틴 중독 보고. 용량 수치 없음.
F-034-031,S-034,Frontiers in Veterinary Science,toxicity_food,dog,카페인 정제·카페인 함유 미끼,,,,,,,,,,,메틸잔틴(카페인) 중독,불안·안절부절|다음|요실금|구토|설사|흥분|현저한 고체온|빈맥|고혈압|심부정맥|심실조기수축|근강직|운동실조|발작|혼수,초기 증상은 섭취 2-4시간 이내,,,"본문 'METHYLXANTHINES (CAFFEINE, THEOBROMINE, AND THEOPHYLLINE)' 절 (p.4)",2026-07-31,"(55) Michael SJ (1961) · (56) Foor J, Stowe CM (1975) · (57) Tawde SN et al. (2012)",ohb,"카페인 정제(55,56)와 다진 고기에 섞인 카페인 미끼에 의한 악의적 중독 의심 1례(57). 용량 수치 없음."
F-034-032,S-034,Frontiers in Veterinary Science,toxicity_food,dog,자일리톨,,,임상징후 발현,0.03,g/kg,,,,NEVER,,인슐린 분비 자극에 의한 저혈당,구토|기면|운동실조|허탈|발작,"섭취 후 30-60분, 최대 12시간까지 지연 가능",,,본문 'XYLITOL' 절 (p.4-5),2026-07-31,(68) DuHadway MR et al. J Vet Emerg Crit Care (2015) 25:646-54,ohb,"본문 'Doses, as low as 0.03 g/kg, have resulted in hypoglycemia in this species (68)' — 'have resulted in' 은 인과 서술이라 초안의 임상징후 발현을 유지한다. 다만 같은 출처의 192례 후향 연구에서 '저혈당군과 정상혈당군 사이에 추정 섭취량의 유의한 차이가 없었다' 고 하므로 용량-반응이 뚜렷하지 않다 — 팀장 확인 권고. 결론절 'foodstuffs that must not be fed to dogs and cats' 에 근거해 feeding_level=NEVER."
F-034-033,S-034,Frontiers in Veterinary Science,toxicity_food,dog,자일리톨,,,중증,0.5,g/kg,,,,NEVER,,자일리톨 유발 급성 간부전(간괴사·응고장애),기면|황달|구토|점상출혈|반상출혈|위장관 출혈,1-72시간(Table 2 증례 기준),,,본문 'XYLITOL' 절 (p.4-5),2026-07-31,(70) Dunayer EK. Vet Med (2006) 12:791-7,ohb,"본문 'According to the ASPCA APCC data, the lowest dose associated with xylitol-induced liver failure in dogs is 0.5 g/kg (70)'. 간부전이라는 중증 결과의 최저 용량이므로 중증으로 판정. 결론절 'foodstuffs that must not be fed to dogs and cats' 에 근거해 feeding_level=NEVER."
F-034-034,S-034,Frontiers in Veterinary Science,toxicity_food,dog,자일리톨,,,증례 보고 범위,0.03-3.64,g/kg,,,,,,"저혈당(192두 중 30두, 15.6%). 간부전 발생 0두, 전두 생존·퇴원",구토|기면|설사|운동실조|발작|불안|식욕부진,"섭취 후 30-60분, 최대 12시간까지 지연 가능",,,본문 'XYLITOL' 절 (p.4-5),2026-07-31,(68) DuHadway MR et al. J Vet Emerg Crit Care (2015) 25:646-54,ohb,2007-2012 미국 3개 대학병원 192례 후향 연구의 추정 섭취량 범위. 중앙값 0.32 g/kg. 41두(21%)에서 임상징후 발현. 보고된 섭취량 분포이지 역치가 아니다.
F-034-035,S-034,Frontiers in Veterinary Science,toxicity_food,dog,자일리톨,,,증례 보고 범위,1.4-45,g/kg,,,,,,급성 간부전,기면|황달|구토|점상출혈|반상출혈|위장관 출혈,1-72시간,,,Table 2 (p.5),2026-07-31,"(69) Dunayer EK, Gwaltney-Brant SM. J Am Vet Med Assoc (2006) 229:1113-7 외",ohb,"Table 2 캡션 'Range of xylitol doses reported to cause acute hepatic failure in dogs' — 역치 아님. ★여기서도 용량-반응이 역전한다: 1.4-2 g/kg 사망(69), 4.7 g/kg 사망(73), 7 g/kg 안락사, 13.9 g/kg 사망, 15.9 g/kg 안락사인데 16 g/kg 회복, 45 g/kg 회복(75). 섭취원은 쿠키·가정용 빵·자일리톨 분말·껌·머핀 등이다."
F-034-036,S-034,Frontiers in Veterinary Science,toxicity_food,mammal,에탄올(주류),,,,,,,,,NEVER,,에탄올 중독 — 위장관에서 빠르게 흡수되어 혈액뇌장벽 통과,중추신경 억제|운동실조|무기력|진정|저체온|대사성 산증|혼수|중증 호흡억제,대개 섭취 1시간 이내,,,본문 'ETHANOL' 절 (p.2),2026-07-31,(27) Richardson JA. Ethanol. Small Animal Toxicology (2013) p.547-9,ohb,"원문에 개·고양이 체중당 에탄올 임계치 수치가 없다 — dose 비움. 구토 유발은 극히 최근 섭취이고 무증상일 때만. 중증에서는 혈액투석이 유효(20), 요힘빈이 각성제로 권고된다(25). 결론절 'foodstuffs that must not be fed to dogs and cats' 에 근거해 feeding_level=NEVER."
F-034-037,S-034,Frontiers in Veterinary Science,toxicity_food,dog,발효 전 빵 반죽·피자 반죽(생 반죽),Saccharomyces cerevisiae,,,,,,,,NEVER,,효모가 탄수화물을 에탄올과 이산화탄소로 대사 → 에탄올 중독 및 가스에 의한 위 팽만,중추신경 억제|운동실조|무기력|진정|저체온|대사성 산증|혼수|중증 호흡억제|과도한 가스로 인한 복부 팽만|복통,대개 섭취 1시간 이내,,,본문 'ETHANOL' 절 (p.2),2026-07-31,(23) Thrall MA et al. (1984) · (24) Suter RJ (1992) · (25) Means C (2003),ohb,원문 요약(Abstract)에도 'unbaked bread dough' 가 중독 원인으로 명시. 용량 수치 없음. 결론절 'foodstuffs that must not be fed to dogs and cats' 에 근거해 feeding_level=NEVER.
F-034-038,S-034,Frontiers in Veterinary Science,toxicity_food,dog,썩은 사과(발효된 낙과),,,,,,,,,,,에탄올 중독. 만성 섭취에 의한 간손상이 사망 요인으로 의심된 치명적 1례,구토|운동실조|진전|탈수|중추신경 억제|운동실조|무기력|진정|저체온|대사성 산증|혼수|중증 호흡억제,증상 발현 후 48시간 뒤 사망(치명적 1례),,,본문 'ETHANOL' 절 (p.2),2026-07-31,"(21) Kammerer M, Sachot E, Blanchot D. Vet Hum Toxicol (2001) 43:349-50",ohb,"원문에 섭취량 수치 없음. 대부분의 에탄올 증례는 밀착 관찰과 지지요법으로 회복했다(22,24,28)."
F-034-039,S-034,Frontiers in Veterinary Science,toxicity_food,dog,슬로베리(진 담금용),,,,,,,,,,,에탄올 중독,중추신경 억제|운동실조|무기력|진정|저체온|대사성 산증|혼수|중증 호흡억제|사지마비(tetraplegia),대개 섭취 1시간 이내,,,본문 'ETHANOL' 절 (p.2),2026-07-31,(22) Lumeij JT. Tijdschr Diergeneeskd (2009) 134:932-3,ohb,'sloe berries used to make sloe gin' — 원문에 학명·용량 수치 없어 비웠다. 사냥개 사지마비 감별진단 증례.
F-034-040,S-034,Frontiers in Veterinary Science,toxicity_food,dog,홉,Humulus lupulus,암꽃차례(생홉·사용 후 홉 모두),,,,,,,NEVER,,악성 고열(산화적 인산화 탈공역 추정). 적극적 치료에도 치사율이 높을 수 있음,현저한 고체온|불안·안절부절|빈맥|빈호흡|헐떡임|구토|복통|발작|근괴사를 시사하는 암갈색 소변,섭취 후 수 시간 이내,,,본문 'HOPS' 절 (p.3),2026-07-31,"(44) Duncan KL, Hare WR, Buck WB. J Am Vet Med Assoc (1997) 210:51-4",ohb,"★초안은 threshold_type 을 '역치 없음' 으로 두었으나, 원문은 안전량이 없다고 말한 적이 없고 단지 용량 수치를 제시하지 않을 뿐이다 — 지침대로 threshold_type 과 dose 를 모두 비웠다. Duncan 등(44) 5두(그중 4두 그레이하운드) 보고에서 4두 사망. 그레이하운드·래브라도 리트리버·세인트버나드·포인터·도베르만·보더콜리·잉글리시 스프링어 스패니얼 및 북방견종 등 악성 고열 소인 품종이 특히 감수성이 높다(42). 해독제로 단트롤렌 나트륨 사용 가능. 결론절 'foodstuffs that must not be fed to dogs and cats' 에 근거해 feeding_level=NEVER."
F-043-001,S-043,농촌진흥청 국립축산과학원,nutrition,mammal,대사에너지 계산식(1단계 총에너지),,,,,,,,,,,,,,,,표 2-3 (p.26),2026-07-31,"Kienzle E 등, 2002; NRC 2006b",ohb,"표 2-3 1단계. 총에너지(kcal) = {5.7 × 조단백질(%)} + {9.4 × 조지방(%)} + [4.1 × {가용무질소물(%) + 조섬유(%)}] / 총에너지(kJ) = {23.8 × 조단백질(%)} + {39.3 × 조지방(%)} + [17.1 × {가용무질소물(%) + 조섬유(%)}]. 표 2-2 예상 총에너지 값: 조단백질 5.7kcal/g(23.8kJ/g), 조지방 9.4kcal/g(39.3kJ/g), 가용무질소물+조섬유 4.1kcal/g(17.1kJ/g)"
F-043-002,S-043,농촌진흥청 국립축산과학원,nutrition,dog,대사에너지 계산식(2단계 에너지 소화율),,,,,,,,,,,,,,,,표 2-3 (p.26),2026-07-31,,ohb,표 2-3 2단계. 개 에너지 소화율(%) = 91.2 - {1.43 × 건물 기준 조섬유(%)}
F-043-003,S-043,농촌진흥청 국립축산과학원,nutrition,cat,대사에너지 계산식(2단계 에너지 소화율),,,,,,,,,,,,,,,,표 2-3 (p.26),2026-07-31,,ohb,표 2-3 2단계. 고양이 에너지 소화율(%) = 87.9 - {0.88 × 건물 기준 조섬유(%)}
F-043-004,S-043,농촌진흥청 국립축산과학원,nutrition,mammal,대사에너지 계산식(3단계 가소화에너지),,,,,,,,,,,,,,,,표 2-3 (p.26),2026-07-31,,ohb,표 2-3 3단계. 가소화에너지(kcal) = {총에너지(kcal) × 에너지소화율} / 100 / 가소화에너지(kJ) = {총에너지(kJ) × 에너지소화율} / 100
F-043-005,S-043,농촌진흥청 국립축산과학원,nutrition,dog,대사에너지 계산식(4단계 대사에너지),,,,,,,,,,,,,,,,표 2-3 (p.26),2026-07-31,,ohb,표 2-3 4단계(개). 대사에너지(kcal) = 가소화에너지(kcal) - {1.04 × 조단백질(%)} / 대사에너지(kJ) = 가소화에너지(kJ) - {4.35 × 조단백질(%)}
F-043-006,S-043,농촌진흥청 국립축산과학원,nutrition,cat,대사에너지 계산식(4단계 대사에너지),,,,,,,,,,,,,,,,표 2-3 (p.26),2026-07-31,,ohb,표 2-3 4단계(고양이). 대사에너지(kcal) = 가소화에너지(kcal) - {0.77 × 조단백질(%)} / 대사에너지(kJ) = 가소화에너지(kJ) - {3.22 × 조단백질(%)}
F-043-007,S-043,농촌진흥청 국립축산과학원,nutrition,dog,대사에너지 방정식(원료 기반),,,,,,,,,,,,,,,,표 2-4 (p.26),2026-07-31,,ohb,"표 2-4(개). 대사에너지(kcal) = {4 × 조단백질(%)} + {9 × 조지방(%)} + {4 × 가용무질소물(%)} / 대사에너지(kJ) = {16.7 × 조단백질(%)} + {37.6 × 조지방(%)} + {16.7 × 가용무질소물(%)}. 식물성·동물성 원료 포함 사료, 유기농 사료, 신선·보존 상태(고기·내장·유제품·요리된 전분원료 등) 및 소화가 용이한 사료에 적용"
F-043-008,S-043,농촌진흥청 국립축산과학원,nutrition,cat,대사에너지 방정식(원료 기반),,,,,,,,,,,,,,,,표 2-4 (p.26),2026-07-31,,ohb,표 2-4(고양이). 대사에너지(kcal) = {4 × 조단백질(%)} + {8.5 × 조지방(%)} + {4 × 가용무질소물(%)} / 대사에너지(kJ) = {16.7 × 조단백질(%)} + {35.6 × 조지방(%)} + {16.7 × 가용무질소물(%)}
F-043-009,S-043,농촌진흥청 국립축산과학원,nutrition,mammal,권장 영양소 함량의 전제 에너지 섭취량,,,,,,,,,,,,,,,,2.2.2.9 표 해석법 (p.31),2026-07-31,,ohb,"p.31 '2.2.2.9 표 해석법'. 표 2-17a-h 의 권장량은 개 110kcal/kg^0.75, 고양이 100kcal/kg^0.67 의 평균 일일 에너지 섭취량을 기반으로 한다. 표 2-15 변환 계수는 사료 에너지 밀도 4.0 kcal ME/건물 g 를 전제로 한다 — 에너지 밀도가 다르면 권장 사항을 그에 맞추어 수정 적용해야 한다"
F-043-010,S-043,농촌진흥청 국립축산과학원,nutrition,mammal,"영양밀도(단위/1,000kcal) 환산식",,,,,,,,,,,,,,,,2.2.1.4 (p.25),2026-07-31,,ohb,"p.25. 단위/1,000kcal = {일당 영양소 요구량(단위/kg 대사 체중) × 1,000} / 일일 에너지 요구량(kcal/kg 대사 체중). 개 대사 체중 = 체중^0.75, 고양이 대사 체중 = 체중^0.67"
F-043-011,S-043,농촌진흥청 국립축산과학원,nutrition,dog,유지 에너지 요구량,,,,130,kcal/kg^0.75,,일일 · 대사체중 kg^0.75 당,자견(1-2세),,,,,,,,표 2-5 (p.19),2026-07-31,"Männer K 1990; Burger IH 1994; Wichert B 등, 1999; Connor MM 등, 2000; Kealy RD 등, 2002; Patil AR 등, 2002; NRC 2006b",ohb,"표 2-5. 범위 125-140kcal/kg^0.75 (550kJ, 범위 523-585kJ). 활동량은 포함하지 않은 값이다"
F-043-012,S-043,농촌진흥청 국립축산과학원,nutrition,dog,유지 에너지 요구량,,,,110,kcal/kg^0.75,,일일 · 대사체중 kg^0.75 당,성견(3-7세),,,,,,,,표 2-5 (p.19),2026-07-31,"Männer K 1990; Burger IH 1994; Wichert B 등, 1999; Connor MM 등, 2000; Kealy RD 등, 2002; Patil AR 등, 2002; NRC 2006b",ohb,"표 2-5. 범위 95-130kcal/kg^0.75 (460kJ, 범위 398-545kJ). 활동량 미포함. p.24: FEDIAF 는 110kcal/kg^0.75/일(15kg 개 838kcal/일)을 평균 요구량으로 제시하고, NRC 성견 유지 권장량은 130kcal/kg^0.75/일(1,000kcal ME/일)이다"
F-043-013,S-043,농촌진흥청 국립축산과학원,nutrition,dog,유지 에너지 요구량,,,,95,kcal/kg^0.75,,일일 · 대사체중 kg^0.75 당,노견(7세 이상),,,,,,,,표 2-5 (p.19),2026-07-31,"Männer K 1990; Burger IH 1994; Wichert B 등, 1999; Connor MM 등, 2000; Kealy RD 등, 2002; Patil AR 등, 2002; NRC 2006b",ohb,"표 2-5. 범위 80-120kcal/kg^0.75 (398kJ, 범위 335-500kJ). 노견은 성견보다 10-15% 적은 에너지를 요구한다(p.18). 저활동(1시간/일 미만) 성견 조사에서도 95kcal/kg^0.75(15kg 개 724kcal/일)이 별도 권장에 반영됐다"
F-043-014,S-043,농촌진흥청 국립축산과학원,nutrition,dog,활동량별 일일 에너지 요구량,,,,,,,일일 · 대사체중 kg^0.75 당,성견,,,,,,,,표 2-6 (p.20),2026-07-31,,ohb,"표 2-6(kcal ME/kg^0.75). 활동이 적음(1시간/일 미만, 걷는 산책) 95; 활동성 중간(1-3시간/일, 영향력 낮은 활동) 110; 활동성(1-3시간/일, 영향력 높은 활동) 125; 활동성 높음(3-6시간/일, 사역견·양몰이견) 150-175; 극한 상황 고활동(극한의 추위에서 168km/일 달리는 썰매견) 860-1,240; 비만 위험 90 이하. 품종차: 그레이트 데인 200(200-250), 뉴펀들랜드 105(80-132). 값이 여러 개라 단일 dose 로 쓰지 않았다 — 계산 노드에서 활동 등급으로 분기할 것"
F-043-015,S-043,농촌진흥청 국립축산과학원,nutrition,dog,성장 에너지 요구량,,,,25,kcal/100g 체중,,일일 · 체중 100g 당,갓난 강아지,,,,,,,,표 2-7b (p.21),2026-07-31,"Klein 등, 2019",ohb,표 2-7b. 105kJ/100g 체중
F-043-016,S-043,농촌진흥청 국립축산과학원,nutrition,dog,성장 에너지 요구량,,,,,,,일일 · 현재 체중^0.75 당,자견(8주-1년),,,,,,,,표 2-7b (p.21),2026-07-31,"Klein 등, 2019",ohb,"표 2-7b. 에너지 요구량(kcal) = (254.1 - 135.0 × [현재 체중/예상 성체 체중]) × 현재 체중^0.75 / (kJ) = (1,063 - 565 × [현재 체중/예상 성체 체중]) × 현재 체중^0.75. 체중비에 따라 값이 달라지는 식이라 dose 를 비웠다. 자견은 절대 자유채식(ad libitum)으로 먹이면 안 된다(p.21)"
F-043-017,S-043,농촌진흥청 국립축산과학원,nutrition,dog,번식기 에너지 요구량,,,,132,kcal/kg^0.75,,일일 · 대사체중 kg^0.75 당,임신 4주,,,,,,,,표 2-7b (p.21),2026-07-31,Gesellschaft für Ernahrungsphysiologie 1989,ohb,표 2-7b. 550kJ/kg 체중^0.75
F-043-018,S-043,농촌진흥청 국립축산과학원,nutrition,dog,번식기 에너지 요구량,,,,,,,일일 · 대사체중 kg^0.75 당,임신 5주,,,,,,,,표 2-7b (p.21),2026-07-31,Gesellschaft für Ernahrungsphysiologie 1989,ohb,표 2-7b. 132kcal/kg 체중^0.75 + 26kcal/kg 체중 (550kJ/kg 체중^0.75 + 110kJ/kg 체중). 두 항의 합이라 단일 dose 로 쓰지 않았다
F-043-019,S-043,농촌진흥청 국립축산과학원,nutrition,dog,수유기 에너지 요구량,,,,,,,일일 · 대사체중 kg^0.75 당,수유,,,,,,,,표 2-7b (p.21),2026-07-31,NRC 2006b; NRC 2006h,ohb,"표 2-7b. 강아지 1-4마리: 145kcal/kg 체중^0.75 + 24n × kg 체중 × L; 강아지 5-8마리: 145kcal/kg 체중^0.75 + (96 + 12n-4) × kg 체중 × L. n = 강아지 마릿수, L = 0.75(1주차)·0.95(2주차)·1.1(3주차)·1.2(4주차)"
F-043-020,S-043,농촌진흥청 국립축산과학원,nutrition,cat,유지 에너지 요구량,,,,52-75,kcal/kg^0.67,,일일 · 대사체중 kg^0.67 당,성묘(중성화 및/또는 실내),,,,,,,,표 2-8 (p.22),2026-07-31,"Riond JL 등, 2003; NRC 2006b; NRC 2006h; Wichert B 등, 2007",ohb,표 2-8. 체중 kg 당으로는 35-45kcal(4kg 고양이 기준). p.22: 실내·중성화 성묘 평균 유지 에너지 요구량 75kcal/kg 체중^0.67 (4kg 고양이 189kcal/일)
F-043-021,S-043,농촌진흥청 국립축산과학원,nutrition,cat,유지 에너지 요구량,,,,100,kcal/kg^0.67,,일일 · 대사체중 kg^0.67 당,성묘(활동적),,,,,,,,표 2-8 (p.22),2026-07-31,"Riond JL 등, 2003; NRC 2006b; NRC 2006h; Wichert B 등, 2007",ohb,"표 2-8. 체중 kg 당으로는 60-65kcal(4kg 고양이 기준), 일일 253kcal. 고양이는 대사체중 지수로 0.75 가 아니라 **0.67** 을 쓴다(Heusner 1991) — 개와 지수가 다르다. NRC 는 100kcal/kg^0.67 이 마른 체격의 고양이에게만 유효하다고 명시한다"
F-043-022,S-043,농촌진흥청 국립축산과학원,nutrition,cat,성장 에너지 요구량,,,,2.0-2.5,배,,유지에너지 요구량의 배수,자묘(-4개월),,,,,,,,표 2-9 (p.22),2026-07-31,"Loveridge GG 1986; Kienzle E 등, 1998; NRC 2006b; NRC 2006h",ohb,표 2-9. 유지에너지 요구량의 배수다 — 절대량이 아니다
F-043-023,S-043,농촌진흥청 국립축산과학원,nutrition,cat,성장 에너지 요구량,,,,1.75-2.0,배,,유지에너지 요구량의 배수,자묘(4-9개월),,,,,,,,표 2-9 (p.22),2026-07-31,"Loveridge GG 1986; Kienzle E 등, 1998; NRC 2006b; NRC 2006h",ohb,표 2-9. 유지에너지 요구량의 배수다
F-043-024,S-043,농촌진흥청 국립축산과학원,nutrition,cat,성장 에너지 요구량,,,,1.5,배,,유지에너지 요구량의 배수,자묘(9-12개월),,,,,,,,표 2-9 (p.22),2026-07-31,"Loveridge GG 1986; Kienzle E 등, 1998; NRC 2006b; NRC 2006h",ohb,표 2-9. 유지에너지 요구량의 배수다
F-043-025,S-043,농촌진흥청 국립축산과학원,nutrition,cat,번식기 에너지 요구량,,,,140,kcal/kg^0.67,,일일 · 대사체중 kg^0.67 당,임신,,,,,,,,표 2-9 (p.22),2026-07-31,"Loveridge GG 1986; Kienzle E 등, 1998; NRC 2006b; NRC 2006h",ohb,표 2-9
F-043-026,S-043,농촌진흥청 국립축산과학원,nutrition,cat,수유기 에너지 요구량,,,,,,,일일 · 대사체중 kg^0.67 당,수유,,,,,,,,표 2-9 (p.22),2026-07-31,"Loveridge GG 1986; Kienzle E 등, 1998; NRC 2006b; NRC 2006h",ohb,표 2-9. 분만 자묘 3마리 미만: 100kcal/kg 체중^0.67 + 18kcal × kg 체중 × L; 3-4마리: 100kcal/kg 체중^0.67 + 60kcal × kg 체중 × L; 4마리 초과: 100kcal/kg 체중^0.67 + 70kcal × kg 체중 × L. L = 0.9(1-2주차)·1.2(3-4주차)·1.1(5주차)·1(6주차)·0.8(7주차)
F-043-027,S-043,농촌진흥청 국립축산과학원,nutrition,dog,단백질,,,,56.3,g,,"1,000kcal 대사에너지 당",성장 및 번식기,,,,,,,,표 2-17c,2026-07-31,,ohb,"aNIAS 최소가 성장 단계별로 나뉜다 — 초기 성장(자견 14주령 미만) 및 번식 56.3 g, 후기 성장(자견 14주령 이상) 50.0 g. dose 에는 초기 성장 및 번식 값(더 높은 쪽)을 넣었다 / FEDIAF 62.5/50.0 · AAFCO 56.3 (aNIAS 최소 56.3) / 단위/1,000kcal 대사에너지 기준 표(2-17c·d·g·h)에서 추출. 같은 값의 '단위/건물 100g' 표(2-17a·b·e·f)는 중복이므로 제외했다 — 계산 노드가 일일 kcal 을 먼저 구한 뒤 1,000kcal 당 값을 쓰므로 이쪽이 맞다. 변환 계수(표 2-15): 단위/건물 100g × 2.5 = 단위/1,000kcal / 표 2-17c 제목: 반려견 완전 사료의 권장 영양소 함량(성장 및 번식기, 단위/1,000kcal 대사에너지)"
F-043-028,S-043,농촌진흥청 국립축산과학원,nutrition,dog,아르지닌,,,,2.04,g,,"1,000kcal 대사에너지 당",성장 및 번식기,,,,,,,,표 2-17c,2026-07-31,,ohb,"aNIAS 최소가 성장 단계별로 나뉜다 — 초기 성장(자견 14주령 미만) 및 번식 2.04 g, 후기 성장(자견 14주령 이상) 1.84 g. dose 에는 초기 성장 및 번식 값(더 높은 쪽)을 넣었다 / FEDIAF 2.04/1.84 · AAFCO 2.50 (aNIAS 최소 2.04)"
F-043-029,S-043,농촌진흥청 국립축산과학원,nutrition,dog,히스티딘,,,,0.98,g,,"1,000kcal 대사에너지 당",성장 및 번식기,,,,,,,,표 2-17c,2026-07-31,,ohb,"aNIAS 최소가 성장 단계별로 나뉜다 — 초기 성장(자견 14주령 미만) 및 번식 0.98 g, 후기 성장(자견 14주령 이상) 0.63 g. dose 에는 초기 성장 및 번식 값(더 높은 쪽)을 넣었다 / FEDIAF 0.98/0.63 · AAFCO 1.10 (aNIAS 최소 0.98)"
F-043-030,S-043,농촌진흥청 국립축산과학원,nutrition,dog,이소루신,,,,1.63,g,,"1,000kcal 대사에너지 당",성장 및 번식기,,,,,,,,표 2-17c,2026-07-31,,ohb,"aNIAS 최소가 성장 단계별로 나뉜다 — 초기 성장(자견 14주령 미만) 및 번식 1.63 g, 후기 성장(자견 14주령 이상) 1.25 g. dose 에는 초기 성장 및 번식 값(더 높은 쪽)을 넣었다 / FEDIAF 1.63/1.25 · AAFCO 1.78 (aNIAS 최소 1.63)"
F-043-031,S-043,농촌진흥청 국립축산과학원,nutrition,dog,류신,,,,3.23,g,,"1,000kcal 대사에너지 당",성장 및 번식기,,,,,,,,표 2-17c,2026-07-31,,ohb,"aNIAS 최소가 성장 단계별로 나뉜다 — 초기 성장(자견 14주령 미만) 및 번식 3.23 g, 후기 성장(자견 14주령 이상) 2.00 g. dose 에는 초기 성장 및 번식 값(더 높은 쪽)을 넣었다 / FEDIAF 3.23/2.00 · AAFCO 3.23 (aNIAS 최소 3.23)"
F-043-032,S-043,농촌진흥청 국립축산과학원,nutrition,dog,라이신,,,,2.20,g,,"1,000kcal 대사에너지 당",성장 및 번식기,,,,,,,,표 2-17c,2026-07-31,,ohb,"aNIAS 최소가 성장 단계별로 나뉜다 — 초기 성장(자견 14주령 미만) 및 번식 2.20 g, 후기 성장(자견 14주령 이상) 1.75 g. dose 에는 초기 성장 및 번식 값(더 높은 쪽)을 넣었다 / FEDIAF 2.20/1.75 · AAFCO 2.25 (aNIAS 최소 2.20)"
F-043-033,S-043,농촌진흥청 국립축산과학원,nutrition,dog,메치오닌,,,,0.88,g,,"1,000kcal 대사에너지 당",성장 및 번식기,,,,,,,,표 2-17c,2026-07-31,,ohb,"aNIAS 최소가 성장 단계별로 나뉜다 — 초기 성장(자견 14주령 미만) 및 번식 0.88 g, 후기 성장(자견 14주령 이상) 0.65 g. dose 에는 초기 성장 및 번식 값(더 높은 쪽)을 넣었다 / FEDIAF 0.88/0.65 · AAFCO 0.88 (aNIAS 최소 0.88)"
F-043-034,S-043,농촌진흥청 국립축산과학원,nutrition,dog,메치오닌+시스틴,,,,1.75,g,,"1,000kcal 대사에너지 당",성장 및 번식기,,,,,,,,표 2-17c,2026-07-31,,ohb,"aNIAS 최소가 성장 단계별로 나뉜다 — 초기 성장(자견 14주령 미만) 및 번식 1.75 g, 후기 성장(자견 14주령 이상) 1.33 g. dose 에는 초기 성장 및 번식 값(더 높은 쪽)을 넣었다 / FEDIAF 1.75/1.33 · AAFCO 1.75 (aNIAS 최소 1.75)"
F-043-035,S-043,농촌진흥청 국립축산과학원,nutrition,dog,페닐알라닌,,,,1.63,g,,"1,000kcal 대사에너지 당",성장 및 번식기,,,,,,,,표 2-17c,2026-07-31,,ohb,"aNIAS 최소가 성장 단계별로 나뉜다 — 초기 성장(자견 14주령 미만) 및 번식 1.63 g, 후기 성장(자견 14주령 이상) 1.25 g. dose 에는 초기 성장 및 번식 값(더 높은 쪽)을 넣었다 / FEDIAF 1.63/1.25 · AAFCO 2.08 (aNIAS 최소 1.63) / ⚠ AAFCO 2.08 와 1.3배 차이"
F-043-036,S-043,농촌진흥청 국립축산과학원,nutrition,dog,페닐알라닌+티로신,,,,3.25,g,,"1,000kcal 대사에너지 당",성장 및 번식기,,,,,,,,표 2-17c,2026-07-31,,ohb,"aNIAS 최소가 성장 단계별로 나뉜다 — 초기 성장(자견 14주령 미만) 및 번식 3.25 g, 후기 성장(자견 14주령 이상) 2.50 g. dose 에는 초기 성장 및 번식 값(더 높은 쪽)을 넣었다 / FEDIAF 3.25/2.50 · AAFCO 3.25 (aNIAS 최소 3.25)"
F-043-037,S-043,농촌진흥청 국립축산과학원,nutrition,dog,트레오닌,,,,2.03,g,,"1,000kcal 대사에너지 당",성장 및 번식기,,,,,,,,표 2-17c,2026-07-31,,ohb,"aNIAS 최소가 성장 단계별로 나뉜다 — 초기 성장(자견 14주령 미만) 및 번식 2.03 g, 후기 성장(자견 14주령 이상) 1.60 g. dose 에는 초기 성장 및 번식 값(더 높은 쪽)을 넣었다 / FEDIAF 2.03/1.60 · AAFCO 2.60 (aNIAS 최소 2.03) / ⚠ AAFCO 2.60 와 1.3배 차이"
F-043-038,S-043,농촌진흥청 국립축산과학원,nutrition,dog,트립토판,,,,0.50,g,,"1,000kcal 대사에너지 당",성장 및 번식기,,,,,,,,표 2-17c,2026-07-31,,ohb,aNIAS 최소가 초기 성장 및 번식 · 후기 성장 모두 0.50 g 로 같다 / FEDIAF 0.58/0.53 · AAFCO 0.50 (aNIAS 최소 0.50)
F-043-039,S-043,농촌진흥청 국립축산과학원,nutrition,dog,발린,,,,1.70,g,,"1,000kcal 대사에너지 당",성장 및 번식기,,,,,,,,표 2-17c,2026-07-31,,ohb,"aNIAS 최소가 성장 단계별로 나뉜다 — 초기 성장(자견 14주령 미만) 및 번식 1.70 g, 후기 성장(자견 14주령 이상) 1.40 g. dose 에는 초기 성장 및 번식 값(더 높은 쪽)을 넣었다 / FEDIAF 1.70/1.40 · AAFCO 1.70 (aNIAS 최소 1.70)"
F-043-040,S-043,농촌진흥청 국립축산과학원,nutrition,dog,지방,,,,21.25,g,,"1,000kcal 대사에너지 당",성장 및 번식기,,,,,,,,표 2-17c,2026-07-31,,ohb,aNIAS 최소가 초기 성장 및 번식 · 후기 성장 모두 21.25 g 로 같다 / FEDIAF 21.25 · AAFCO 21.3 (aNIAS 최소 21.25)
F-043-041,S-043,농촌진흥청 국립축산과학원,nutrition,dog,리놀레산 (오메가-6),,,,3.25,g,,"1,000kcal 대사에너지 당",성장 및 번식기,,,,,,,,표 2-17c,2026-07-31,,ohb,aNIAS 최소가 초기 성장 및 번식 · 후기 성장 모두 3.25 g 로 같다 / FEDIAF 3.25 · AAFCO 3.3 (aNIAS 최소 3.25)
F-043-042,S-043,농촌진흥청 국립축산과학원,nutrition,dog,아라키돈산 (오메가-6),,,,,,,"1,000kcal 대사에너지 당",성장 및 번식기,,,,,,,,표 2-17c,2026-07-31,,ohb,원문에 '-' 로 표기되어 aNIAS 최소 권장량이 설정돼 있지 않다 (FEDIAF 75.0 · AAFCO -) — dose 를 비웠다
F-043-043,S-043,농촌진흥청 국립축산과학원,nutrition,dog,알파-리놀렌산 (오메가-3),,,,0.2,g,,"1,000kcal 대사에너지 당",성장 및 번식기,,,,,,,,표 2-17c,2026-07-31,,ohb,aNIAS 최소가 초기 성장 및 번식 · 후기 성장 모두 0.2 g 로 같다 / FEDIAF 0.20 · AAFCO 0.2 (aNIAS 최소 0.2)
F-043-044,S-043,농촌진흥청 국립축산과학원,nutrition,dog,EPA+DHA (오메가-3),,,,0.1,g,,"1,000kcal 대사에너지 당",성장 및 번식기,,,,,,,,표 2-17c,2026-07-31,,ohb,"EPA, 에이코사펜타엔산 ; DHA, 도코사헥사엔산 / aNIAS 최소가 초기 성장 및 번식 · 후기 성장 모두 0.1 g 로 같다 / FEDIAF 0.13 · AAFCO 0.1 (aNIAS 최소 0.1) / ⚠ FEDIAF 0.13 와 1.3배 차이"
F-043-045,S-043,농촌진흥청 국립축산과학원,nutrition,dog,칼슘,,,,2.50,g,6.25,"1,000kcal 대사에너지 당",성장 및 번식기,,,,,,,,표 2-17c,2026-07-31,,ohb,"aNIAS 최소가 성장 단계별로 나뉜다 — 초기 성장(자견 14주령 미만) 및 번식 2.50 g, 후기 성장(자견 14주령 이상) 2.00 g. dose 에는 초기 성장 및 번식 값(더 높은 쪽)을 넣었다 / FEDIAF 2.5/2.0 · AAFCO 3.0 (aNIAS 최소 2.50) / aNIAS 최대 6.25(4.5) — 체중 31.75kg 이상으로 성장하는 견종 자견은 4.5, 기타는 6.25 적용. 견종 구분이 없는 전연령 사료는 4.5 적용"
F-043-046,S-043,농촌진흥청 국립축산과학원,nutrition,dog,인,,,,2.25,g,,"1,000kcal 대사에너지 당",성장 및 번식기,,,,,,,,표 2-17c,2026-07-31,,ohb,"aNIAS 최소가 성장 단계별로 나뉜다 — 초기 성장(자견 14주령 미만) 및 번식 2.25 g, 후기 성장(자견 14주령 이상) 1.75 g. dose 에는 초기 성장 및 번식 값(더 높은 쪽)을 넣었다 / FEDIAF 2.25/1.75 · AAFCO 2.5 (aNIAS 최소 2.25) / ⚠ 성견 표(2-17d)에는 인 aNIAS 최대 4.00 이 제시되는데 이 표에는 최대가 없다 — 원문 그대로 비워두었다. 팀장 확인 요망"
F-043-047,S-043,농촌진흥청 국립축산과학원,nutrition,dog,칼슘/인 비율,,,,,,,"1,000kcal 대사에너지 당",성장 및 번식기,,,,,,,,표 2-17c,2026-07-31,,ohb,"aNIAS 권장 칼슘:인 비율 최소 1:1, 최대 2:1 (FEDIAF 1:1 · AAFCO 1:1). 단위 없는 비율이라 dose·max_value 를 비웠다"
F-043-048,S-043,농촌진흥청 국립축산과학원,nutrition,dog,칼륨,,,,1.1,g,,"1,000kcal 대사에너지 당",성장 및 번식기,,,,,,,,표 2-17c,2026-07-31,,ohb,aNIAS 최소가 초기 성장 및 번식 · 후기 성장 모두 1.1 g 로 같다 / FEDIAF 1.10 · AAFCO 1.5 (aNIAS 최소 1.1) / ⚠ AAFCO 1.5 와 1.4배 차이
F-043-049,S-043,농촌진흥청 국립축산과학원,nutrition,dog,나트륨,,,,0.55,g,,"1,000kcal 대사에너지 당",성장 및 번식기,,,,,,,,표 2-17c,2026-07-31,,ohb,aNIAS 최소가 초기 성장 및 번식 · 후기 성장 모두 0.55 g 로 같다 / FEDIAF 0.55 · AAFCO 0.80 (aNIAS 최소 0.55) / ⚠ AAFCO 0.80 와 1.5배 차이
F-043-050,S-043,농촌진흥청 국립축산과학원,nutrition,dog,염소,,,,0.83,g,,"1,000kcal 대사에너지 당",성장 및 번식기,,,,,,,,표 2-17c,2026-07-31,,ohb,aNIAS 최소가 초기 성장 및 번식 · 후기 성장 모두 0.83 g 로 같다 / FEDIAF 0.83 · AAFCO 1.10 (aNIAS 최소 0.83) / ⚠ AAFCO 1.10 와 1.3배 차이
F-043-051,S-043,농촌진흥청 국립축산과학원,nutrition,dog,마그네슘,,,,0.10,g,,"1,000kcal 대사에너지 당",성장 및 번식기,,,,,,,,표 2-17c,2026-07-31,,ohb,aNIAS 최소가 초기 성장 및 번식 · 후기 성장 모두 0.10 g 로 같다 / FEDIAF 0.10 · AAFCO 0.15 (aNIAS 최소 0.10) / ⚠ AAFCO 0.15 와 1.5배 차이
F-043-052,S-043,농촌진흥청 국립축산과학원,nutrition,dog,구리,,,,2.75,mg,,"1,000kcal 대사에너지 당",성장 및 번식기,,,,,,,,표 2-17c,2026-07-31,,ohb,aNIAS 최소가 초기 성장 및 번식 · 후기 성장 모두 2.75 mg 로 같다 / FEDIAF 2.75 · AAFCO 3.1 (aNIAS 최소 2.75)
F-043-053,S-043,농촌진흥청 국립축산과학원,nutrition,dog,요오드,,,,0.25,mg,2.75,"1,000kcal 대사에너지 당",성장 및 번식기,,,,,,,,표 2-17c,2026-07-31,,ohb,aNIAS 최소가 초기 성장 및 번식 · 후기 성장 모두 0.25 mg 로 같다 / FEDIAF 0.38 · AAFCO 0.25 (aNIAS 최소 0.25) / ⚠ FEDIAF 0.38 와 1.5배 차이
F-043-054,S-043,농촌진흥청 국립축산과학원,nutrition,dog,철,,,,22.0,mg,,"1,000kcal 대사에너지 당",성장 및 번식기,,,,,,,,표 2-17c,2026-07-31,,ohb,aNIAS 최소가 초기 성장 및 번식 · 후기 성장 모두 22.0 mg 로 같다 / FEDIAF 22.0 · AAFCO 22 (aNIAS 최소 22.0)
F-043-055,S-043,농촌진흥청 국립축산과학원,nutrition,dog,망간,,,,1.40,mg,,"1,000kcal 대사에너지 당",성장 및 번식기,,,,,,,,표 2-17c,2026-07-31,,ohb,aNIAS 최소가 초기 성장 및 번식 · 후기 성장 모두 1.40 mg 로 같다 / FEDIAF 1.40 · AAFCO 1.8 (aNIAS 최소 1.40) / ⚠ AAFCO 1.8 와 1.3배 차이
F-043-056,S-043,농촌진흥청 국립축산과학원,nutrition,dog,셀레늄,,,,90.0,㎍,500,"1,000kcal 대사에너지 당",성장 및 번식기,,,,,,,,표 2-17c,2026-07-31,,ohb,aNIAS 최소가 초기 성장 및 번식 · 후기 성장 모두 90.0 ㎍ 로 같다 / FEDIAF 100.0 · AAFCO 90 (aNIAS 최소 90.0)
F-043-057,S-043,농촌진흥청 국립축산과학원,nutrition,dog,아연,,,,25.0,mg,,"1,000kcal 대사에너지 당",성장 및 번식기,,,,,,,,표 2-17c,2026-07-31,,ohb,aNIAS 최소가 초기 성장 및 번식 · 후기 성장 모두 25.0 mg 로 같다 / FEDIAF 25.0 · AAFCO 25 (aNIAS 최소 25.0)
F-043-058,S-043,농촌진흥청 국립축산과학원,nutrition,dog,비타민 A,,,,"1,250",IU,"100,000","1,000kcal 대사에너지 당",성장 및 번식기,,,,,,,,표 2-17c,2026-07-31,,ohb,"aNIAS 최소가 초기 성장 및 번식 · 후기 성장 모두 1,250 IU 로 같다 / FEDIAF 1,250 · AAFCO 1,250 (aNIAS 최소 1,250)"
F-043-059,S-043,농촌진흥청 국립축산과학원,nutrition,dog,비타민 D,,,,125,IU,800,"1,000kcal 대사에너지 당",성장 및 번식기,,,,,,,,표 2-17c,2026-07-31,,ohb,aNIAS 최소가 초기 성장 및 번식 · 후기 성장 모두 125 IU 로 같다 / FEDIAF 138/125 · AAFCO 125 (aNIAS 최소 125)
F-043-060,S-043,농촌진흥청 국립축산과학원,nutrition,dog,비타민 E,,,,12.5,IU,,"1,000kcal 대사에너지 당",성장 및 번식기,,,,,,,,표 2-17c,2026-07-31,,ohb,aNIAS 최소가 초기 성장 및 번식 · 후기 성장 모두 12.5 IU 로 같다 / FEDIAF 12.50 · AAFCO 12.5 (aNIAS 최소 12.5)
F-043-061,S-043,농촌진흥청 국립축산과학원,nutrition,dog,비타민 B1 (티아민),,,,0.45,mg,,"1,000kcal 대사에너지 당",성장 및 번식기,,,,,,,,표 2-17c,2026-07-31,,ohb,aNIAS 최소가 초기 성장 및 번식 · 후기 성장 모두 0.45 mg 로 같다 / FEDIAF 0.45 · AAFCO 0.56 (aNIAS 최소 0.45)
F-043-062,S-043,농촌진흥청 국립축산과학원,nutrition,dog,비타민 B2 (리보플라빈),,,,1.05,mg,,"1,000kcal 대사에너지 당",성장 및 번식기,,,,,,,,표 2-17c,2026-07-31,,ohb,aNIAS 최소가 초기 성장 및 번식 · 후기 성장 모두 1.05 mg 로 같다 / FEDIAF 1.05 · AAFCO 1.3 (aNIAS 최소 1.05)
F-043-063,S-043,농촌진흥청 국립축산과학원,nutrition,dog,비타민 B5 (판토텐산),,,,3.0,mg,,"1,000kcal 대사에너지 당",성장 및 번식기,,,,,,,,표 2-17c,2026-07-31,,ohb,aNIAS 최소가 초기 성장 및 번식 · 후기 성장 모두 3.0 mg 로 같다 / FEDIAF 3.00 · AAFCO 3.0 (aNIAS 최소 3.0)
F-043-064,S-043,농촌진흥청 국립축산과학원,nutrition,dog,비타민 B6 (피리독신),,,,0.30,mg,,"1,000kcal 대사에너지 당",성장 및 번식기,,,,,,,,표 2-17c,2026-07-31,,ohb,aNIAS 최소가 초기 성장 및 번식 · 후기 성장 모두 0.30 mg 로 같다 / FEDIAF 0.30 · AAFCO 0.38 (aNIAS 최소 0.30) / ⚠ AAFCO 0.38 와 1.3배 차이
F-043-065,S-043,농촌진흥청 국립축산과학원,nutrition,dog,비타민 B12 (시아노코발아민),,,,7.0,㎍,,"1,000kcal 대사에너지 당",성장 및 번식기,,,,,,,,표 2-17c,2026-07-31,,ohb,aNIAS 최소가 초기 성장 및 번식 · 후기 성장 모두 7.0 ㎍ 로 같다 / FEDIAF 7.00 · AAFCO 7.0 (aNIAS 최소 7.0)
F-043-066,S-043,농촌진흥청 국립축산과학원,nutrition,dog,비타민 B3 (니아신),,,,3.4,mg,,"1,000kcal 대사에너지 당",성장 및 번식기,,,,,,,,표 2-17c,2026-07-31,,ohb,aNIAS 최소가 초기 성장 및 번식 · 후기 성장 모두 3.4 mg 로 같다 / FEDIAF 3.40 · AAFCO 3.4 (aNIAS 최소 3.4)
F-043-067,S-043,농촌진흥청 국립축산과학원,nutrition,dog,비타민 B9 (엽산),,,,54.0,㎍,,"1,000kcal 대사에너지 당",성장 및 번식기,,,,,,,,표 2-17c,2026-07-31,,ohb,aNIAS 최소가 초기 성장 및 번식 · 후기 성장 모두 54.0 ㎍ 로 같다 / FEDIAF 54.0 · AAFCO 54 (aNIAS 최소 54.0)
F-043-068,S-043,농촌진흥청 국립축산과학원,nutrition,dog,콜린,,,,340,mg,,"1,000kcal 대사에너지 당",성장 및 번식기,,,,,,,,표 2-17c,2026-07-31,,ohb,aNIAS 최소가 초기 성장 및 번식 · 후기 성장 모두 340 mg 로 같다 / FEDIAF 425.0 · AAFCO 340 (aNIAS 최소 340) / ⚠ FEDIAF 425.0 와 1.2배 차이
F-043-069,S-043,농촌진흥청 국립축산과학원,nutrition,dog,단백질,,,,45.0,g,,"1,000kcal 대사에너지 당",성견,,,,,,,,표 2-17d,2026-07-31,,ohb,"FEDIAF 45.0 · AAFCO 45.0 (aNIAS 최소 45.0) / 단위/1,000kcal 대사에너지 기준 표(2-17c·d·g·h)에서 추출. 같은 값의 '단위/건물 100g' 표(2-17a·b·e·f)는 중복이므로 제외했다 — 계산 노드가 일일 kcal 을 먼저 구한 뒤 1,000kcal 당 값을 쓰므로 이쪽이 맞다. 변환 계수(표 2-15): 단위/건물 100g × 2.5 = 단위/1,000kcal / 표 2-17d 제목: 반려견 완전 사료의 권장 영양소 함량(성견, 단위/1,000kcal 대사에너지)"
F-043-070,S-043,농촌진흥청 국립축산과학원,nutrition,dog,아르지닌,,,,1.28,g,,"1,000kcal 대사에너지 당",성견,,,,,,,,표 2-17d,2026-07-31,,ohb,FEDIAF 1.30 · AAFCO 1.28 (aNIAS 최소 1.28)
F-043-071,S-043,농촌진흥청 국립축산과학원,nutrition,dog,히스티딘,,,,0.48,g,,"1,000kcal 대사에너지 당",성견,,,,,,,,표 2-17d,2026-07-31,,ohb,FEDIAF 0.58 · AAFCO 0.48 (aNIAS 최소 0.48)
F-043-072,S-043,농촌진흥청 국립축산과학원,nutrition,dog,이소루신,,,,0.95,g,,"1,000kcal 대사에너지 당",성견,,,,,,,,표 2-17d,2026-07-31,,ohb,FEDIAF 1.15 · AAFCO 0.95 (aNIAS 최소 0.95)
F-043-073,S-043,농촌진흥청 국립축산과학원,nutrition,dog,류신,,,,1.70,g,,"1,000kcal 대사에너지 당",성견,,,,,,,,표 2-17d,2026-07-31,,ohb,FEDIAF 2.05 · AAFCO 1.70 (aNIAS 최소 1.70)
F-043-074,S-043,농촌진흥청 국립축산과학원,nutrition,dog,라이신,,,,1.05,g,,"1,000kcal 대사에너지 당",성견,,,,,,,,표 2-17d,2026-07-31,,ohb,FEDIAF 1.05 · AAFCO 1.58 (aNIAS 최소 1.05) / ⚠ AAFCO 1.58 와 1.5배 차이
F-043-075,S-043,농촌진흥청 국립축산과학원,nutrition,dog,메치오닌,,,,0.83,g,,"1,000kcal 대사에너지 당",성견,,,,,,,,표 2-17d,2026-07-31,,ohb,FEDIAF 1.00 · AAFCO 0.83 (aNIAS 최소 0.83)
F-043-076,S-043,농촌진흥청 국립축산과학원,nutrition,dog,메치오닌+시스틴,,,,1.63,g,,"1,000kcal 대사에너지 당",성견,,,,,,,,표 2-17d,2026-07-31,,ohb,FEDIAF 1.91 · AAFCO 1.63 (aNIAS 최소 1.63)
F-043-077,S-043,농촌진흥청 국립축산과학원,nutrition,dog,페닐알라닌,,,,1.13,g,,"1,000kcal 대사에너지 당",성견,,,,,,,,표 2-17d,2026-07-31,,ohb,FEDIAF 1.35 · AAFCO 1.13 (aNIAS 최소 1.13)
F-043-078,S-043,농촌진흥청 국립축산과학원,nutrition,dog,페닐알라닌+티로신,,,,1.85,g,,"1,000kcal 대사에너지 당",성견,,,,,,,,표 2-17d,2026-07-31,,ohb,FEDIAF 2.23 · AAFCO 1.85 (aNIAS 최소 1.85)
F-043-079,S-043,농촌진흥청 국립축산과학원,nutrition,dog,트레오닌,,,,1.20,g,,"1,000kcal 대사에너지 당",성견,,,,,,,,표 2-17d,2026-07-31,,ohb,FEDIAF 1.30 · AAFCO 1.20 (aNIAS 최소 1.20)
F-043-080,S-043,농촌진흥청 국립축산과학원,nutrition,dog,트립토판,,,,0.40,g,,"1,000kcal 대사에너지 당",성견,,,,,,,,표 2-17d,2026-07-31,,ohb,FEDIAF 0.43 · AAFCO 0.40 (aNIAS 최소 0.40)
F-043-081,S-043,농촌진흥청 국립축산과학원,nutrition,dog,발린,,,,1.23,g,,"1,000kcal 대사에너지 당",성견,,,,,,,,표 2-17d,2026-07-31,,ohb,FEDIAF 1.48 · AAFCO 1.23 (aNIAS 최소 1.23)
F-043-082,S-043,농촌진흥청 국립축산과학원,nutrition,dog,지방,,,,13.75,g,,"1,000kcal 대사에너지 당",성견,,,,,,,,표 2-17d,2026-07-31,,ohb,FEDIAF 13.75 · AAFCO 13.8 (aNIAS 최소 13.75)
F-043-083,S-043,농촌진흥청 국립축산과학원,nutrition,dog,리놀레산 (오메가-6),,,,2.8,g,,"1,000kcal 대사에너지 당",성견,,,,,,,,표 2-17d,2026-07-31,,ohb,FEDIAF 3.27 · AAFCO 2.8 (aNIAS 최소 2.8)
F-043-084,S-043,농촌진흥청 국립축산과학원,nutrition,dog,아라키돈산 (오메가-6),,,,,,,"1,000kcal 대사에너지 당",성견,,,,,,,,표 2-17d,2026-07-31,,ohb,원문에 '-' 로 표기되어 aNIAS 최소 권장량이 설정돼 있지 않다 (FEDIAF - · AAFCO -) — dose 를 비웠다
F-043-085,S-043,농촌진흥청 국립축산과학원,nutrition,dog,알파-리놀렌산 (오메가-3),,,,,,,"1,000kcal 대사에너지 당",성견,,,,,,,,표 2-17d,2026-07-31,,ohb,원문에 '-' 로 표기되어 aNIAS 최소 권장량이 설정돼 있지 않다 (FEDIAF - · AAFCO -) — dose 를 비웠다
F-043-086,S-043,농촌진흥청 국립축산과학원,nutrition,dog,EPA+DHA (오메가-3),,,,,,,"1,000kcal 대사에너지 당",성견,,,,,,,,표 2-17d,2026-07-31,,ohb,"EPA, 에이코사펜타엔산 ; DHA, 도코사헥사엔산 / 원문에 '-' 로 표기되어 aNIAS 최소 권장량이 설정돼 있지 않다 (FEDIAF - · AAFCO -) — dose 를 비웠다"
F-043-087,S-043,농촌진흥청 국립축산과학원,nutrition,dog,칼슘,,,,1.25,g,6.25,"1,000kcal 대사에너지 당",성견,,,,,,,,표 2-17d,2026-07-31,,ohb,FEDIAF 1.25 · AAFCO 1.25 (aNIAS 최소 1.25)
F-043-088,S-043,농촌진흥청 국립축산과학원,nutrition,dog,인,,,,1.00,g,4.00,"1,000kcal 대사에너지 당",성견,,,,,,,,표 2-17d,2026-07-31,,ohb,FEDIAF 1.00 · AAFCO 1.00 (aNIAS 최소 1.00)
F-043-089,S-043,농촌진흥청 국립축산과학원,nutrition,dog,칼슘/인 비율,,,,,,,"1,000kcal 대사에너지 당",성견,,,,,,,,표 2-17d,2026-07-31,,ohb,"aNIAS 권장 칼슘:인 비율 최소 1:1, 최대 2:1 (FEDIAF 1:1 · AAFCO 1:1). 단위 없는 비율이라 dose·max_value 를 비웠다"
F-043-090,S-043,농촌진흥청 국립축산과학원,nutrition,dog,칼륨,,,,1.25,g,,"1,000kcal 대사에너지 당",성견,,,,,,,,표 2-17d,2026-07-31,,ohb,FEDIAF 1.25 · AAFCO 1.5 (aNIAS 최소 1.25)
F-043-091,S-043,농촌진흥청 국립축산과학원,nutrition,dog,나트륨,,,,0.20,g,,"1,000kcal 대사에너지 당",성견,,,,,,,,표 2-17d,2026-07-31,,ohb,FEDIAF 0.25 · AAFCO 0.20 (aNIAS 최소 0.20) / ⚠ FEDIAF 0.25 와 1.2배 차이
F-043-092,S-043,농촌진흥청 국립축산과학원,nutrition,dog,염소,,,,0.30,g,,"1,000kcal 대사에너지 당",성견,,,,,,,,표 2-17d,2026-07-31,,ohb,FEDIAF 0.38 · AAFCO 0.30 (aNIAS 최소 0.30) / ⚠ FEDIAF 0.38 와 1.3배 차이
F-043-093,S-043,농촌진흥청 국립축산과학원,nutrition,dog,마그네슘,,,,0.15,g,,"1,000kcal 대사에너지 당",성견,,,,,,,,표 2-17d,2026-07-31,,ohb,FEDIAF 0.18 · AAFCO 0.15 (aNIAS 최소 0.15)
F-043-094,S-043,농촌진흥청 국립축산과학원,nutrition,dog,구리,,,,1.80,mg,,"1,000kcal 대사에너지 당",성견,,,,,,,,표 2-17d,2026-07-31,,ohb,FEDIAF 1.80 · AAFCO 1.83 (aNIAS 최소 1.80)
F-043-095,S-043,농촌진흥청 국립축산과학원,nutrition,dog,요오드,,,,0.25,mg,2.75,"1,000kcal 대사에너지 당",성견,,,,,,,,표 2-17d,2026-07-31,,ohb,FEDIAF 0.26 · AAFCO 0.25 (aNIAS 최소 0.25)
F-043-096,S-043,농촌진흥청 국립축산과학원,nutrition,dog,철,,,,9.0,mg,,"1,000kcal 대사에너지 당",성견,,,,,,,,표 2-17d,2026-07-31,,ohb,FEDIAF 9.00 · AAFCO 10 (aNIAS 최소 9.0)
F-043-097,S-043,농촌진흥청 국립축산과학원,nutrition,dog,망간,,,,1.25,mg,,"1,000kcal 대사에너지 당",성견,,,,,,,,표 2-17d,2026-07-31,,ohb,FEDIAF 1.44 · AAFCO 1.25 (aNIAS 최소 1.25)
F-043-098,S-043,농촌진흥청 국립축산과학원,nutrition,dog,셀레늄,,,,45.0,㎍,500,"1,000kcal 대사에너지 당",성견,,,,,,,,표 2-17d,2026-07-31,,ohb,FEDIAF 45.0/57.5 · AAFCO 80 (aNIAS 최소 45.0) / ⚠ AAFCO 80 와 1.8배 차이
F-043-099,S-043,농촌진흥청 국립축산과학원,nutrition,dog,아연,,,,18.0,mg,,"1,000kcal 대사에너지 당",성견,,,,,,,,표 2-17d,2026-07-31,,ohb,FEDIAF 18.0 · AAFCO 20 (aNIAS 최소 18.0)
F-043-100,S-043,농촌진흥청 국립축산과학원,nutrition,dog,비타민 A,,,,"1,250",IU,"100,000","1,000kcal 대사에너지 당",성견,,,,,,,,표 2-17d,2026-07-31,,ohb,"FEDIAF 1,515 · AAFCO 1,250 (aNIAS 최소 1,250)"
F-043-101,S-043,농촌진흥청 국립축산과학원,nutrition,dog,비타민 D,,,,125,IU,800,"1,000kcal 대사에너지 당",성견,,,,,,,,표 2-17d,2026-07-31,,ohb,FEDIAF 138.0 · AAFCO 125 (aNIAS 최소 125)
F-043-102,S-043,농촌진흥청 국립축산과학원,nutrition,dog,비타민 E,,,,9.0,IU,,"1,000kcal 대사에너지 당",성견,,,,,,,,표 2-17d,2026-07-31,,ohb,FEDIAF 9.00 · AAFCO 12.5 (aNIAS 최소 9.0) / ⚠ AAFCO 12.5 와 1.4배 차이
F-043-103,S-043,농촌진흥청 국립축산과학원,nutrition,dog,비타민 B1 (티아민),,,,0.54,mg,,"1,000kcal 대사에너지 당",성견,,,,,,,,표 2-17d,2026-07-31,,ohb,FEDIAF 0.54 · AAFCO 0.56 (aNIAS 최소 0.54)
F-043-104,S-043,농촌진흥청 국립축산과학원,nutrition,dog,비타민 B2 (리보플라빈),,,,1.3,mg,,"1,000kcal 대사에너지 당",성견,,,,,,,,표 2-17d,2026-07-31,,ohb,FEDIAF 1.50 · AAFCO 1.3 (aNIAS 최소 1.3)
F-043-105,S-043,농촌진흥청 국립축산과학원,nutrition,dog,비타민 B5 (판토텐산),,,,3.0,mg,,"1,000kcal 대사에너지 당",성견,,,,,,,,표 2-17d,2026-07-31,,ohb,FEDIAF 3.55 · AAFCO 3.0 (aNIAS 최소 3.0)
F-043-106,S-043,농촌진흥청 국립축산과학원,nutrition,dog,비타민 B6 (피리독신),,,,0.36,mg,,"1,000kcal 대사에너지 당",성견,,,,,,,,표 2-17d,2026-07-31,,ohb,FEDIAF 0.36 · AAFCO 0.38 (aNIAS 최소 0.36)
F-043-107,S-043,농촌진흥청 국립축산과학원,nutrition,dog,비타민 B12 (시아노코발아민),,,,7.0,㎍,,"1,000kcal 대사에너지 당",성견,,,,,,,,표 2-17d,2026-07-31,,ohb,FEDIAF 8.36 · AAFCO 7 (aNIAS 최소 7.0)
F-043-108,S-043,농촌진흥청 국립축산과학원,nutrition,dog,비타민 B3 (니아신),,,,3.4,mg,,"1,000kcal 대사에너지 당",성견,,,,,,,,표 2-17d,2026-07-31,,ohb,FEDIAF 4.09 · AAFCO 3.4 (aNIAS 최소 3.4)
F-043-109,S-043,농촌진흥청 국립축산과학원,nutrition,dog,비타민 B9 (엽산),,,,54,㎍,,"1,000kcal 대사에너지 당",성견,,,,,,,,표 2-17d,2026-07-31,,ohb,FEDIAF 64.50 · AAFCO 54 (aNIAS 최소 54)
F-043-110,S-043,농촌진흥청 국립축산과학원,nutrition,dog,콜린,,,,340,mg,,"1,000kcal 대사에너지 당",성견,,,,,,,,표 2-17d,2026-07-31,,ohb,FEDIAF 409.0 · AAFCO 340 (aNIAS 최소 340)
F-043-111,S-043,농촌진흥청 국립축산과학원,nutrition,cat,단백질,,,,70.0,g,,"1,000kcal 대사에너지 당",성장 및 번식기,,,,,,,,표 2-17g,2026-07-31,,ohb,"aNIAS 최소가 성장기·번식기로 나뉜다 — 성장 70.0, 번식 75.0 g. dose 에는 성장기 값을 넣었다 / FEDIAF 70.0/75.0 · AAFCO 75 (aNIAS 최소 70.0(성장)/75.0(번식)) / 단위/1,000kcal 대사에너지 기준 표(2-17c·d·g·h)에서 추출. 같은 값의 '단위/건물 100g' 표(2-17a·b·e·f)는 중복이므로 제외했다 — 계산 노드가 일일 kcal 을 먼저 구한 뒤 1,000kcal 당 값을 쓰므로 이쪽이 맞다. 변환 계수(표 2-15): 단위/건물 100g × 2.5 = 단위/1,000kcal / 표 2-17g 제목: 반려묘 완전 사료의 권장 영양소 함량(성장 및 번식기, 단위/1,000kcal 대사에너지)"
F-043-112,S-043,농촌진흥청 국립축산과학원,nutrition,cat,아르지닌,,,,2.68,g,,"1,000kcal 대사에너지 당",성장 및 번식기,,,,,,,,표 2-17g,2026-07-31,,ohb,"aNIAS 최소가 성장기·번식기로 나뉜다 — 성장 2.68, 번식 2.78 g. dose 에는 성장기 값을 넣었다 / FEDIAF 2.68/2.78 · AAFCO 3.10 (aNIAS 최소 2.68(성장)/2.78(번식))"
F-043-113,S-043,농촌진흥청 국립축산과학원,nutrition,cat,히스티딘,,,,0.83,g,,"1,000kcal 대사에너지 당",성장 및 번식기,,,,,,,,표 2-17g,2026-07-31,,ohb,FEDIAF 0.83 · AAFCO 0.83 (aNIAS 최소 0.83)
F-043-114,S-043,농촌진흥청 국립축산과학원,nutrition,cat,이소루신,,,,1.35,g,,"1,000kcal 대사에너지 당",성장 및 번식기,,,,,,,,표 2-17g,2026-07-31,,ohb,FEDIAF 1.35 · AAFCO 1.40 (aNIAS 최소 1.35)
F-043-115,S-043,농촌진흥청 국립축산과학원,nutrition,cat,류신,,,,3.20,g,,"1,000kcal 대사에너지 당",성장 및 번식기,,,,,,,,표 2-17g,2026-07-31,,ohb,FEDIAF 3.20 · AAFCO 3.20 (aNIAS 최소 3.20)
F-043-116,S-043,농촌진흥청 국립축산과학원,nutrition,cat,라이신,,,,2.13,g,,"1,000kcal 대사에너지 당",성장 및 번식기,,,,,,,,표 2-17g,2026-07-31,,ohb,FEDIAF 2.13 · AAFCO 3.00 (aNIAS 최소 2.13) / ⚠ AAFCO 3.00 와 1.4배 차이
F-043-117,S-043,농촌진흥청 국립축산과학원,nutrition,cat,메치오닌,,,,1.10,g,3.75,"1,000kcal 대사에너지 당",성장 및 번식기,,,,,,,,표 2-17g,2026-07-31,,ohb,FEDIAF 1.10 · AAFCO 1.55 (aNIAS 최소 1.10) / ⚠ AAFCO 1.55 와 1.4배 차이 / aNIAS 최대는 성장기 기준값 3.75 로만 제시된다
F-043-118,S-043,농촌진흥청 국립축산과학원,nutrition,cat,메치오닌+시스틴,,,,2.20,g,,"1,000kcal 대사에너지 당",성장 및 번식기,,,,,,,,표 2-17g,2026-07-31,,ohb,FEDIAF 2.20 · AAFCO 2.75 (aNIAS 최소 2.20) / ⚠ AAFCO 2.75 와 1.2배 차이
F-043-119,S-043,농촌진흥청 국립축산과학원,nutrition,cat,페닐알라닌,,,,1.25,g,,"1,000kcal 대사에너지 당",성장 및 번식기,,,,,,,,표 2-17g,2026-07-31,,ohb,FEDIAF 1.25 · AAFCO 1.30 (aNIAS 최소 1.25)
F-043-120,S-043,농촌진흥청 국립축산과학원,nutrition,cat,페닐알라닌+티로신,,,,4.78,g,,"1,000kcal 대사에너지 당",성장 및 번식기,,,,,,,,표 2-17g,2026-07-31,,ohb,FEDIAF 4.78 · AAFCO 4.80 (aNIAS 최소 4.78)
F-043-121,S-043,농촌진흥청 국립축산과학원,nutrition,cat,트레오닌,,,,1.63,g,,"1,000kcal 대사에너지 당",성장 및 번식기,,,,,,,,표 2-17g,2026-07-31,,ohb,FEDIAF 1.63 · AAFCO 1.83 (aNIAS 최소 1.63)
F-043-122,S-043,농촌진흥청 국립축산과학원,nutrition,cat,트립토판,,,,0.40,g,4.25,"1,000kcal 대사에너지 당",성장 및 번식기,,,,,,,,표 2-17g,2026-07-31,,ohb,FEDIAF 0.40 · AAFCO 0.63 (aNIAS 최소 0.40) / ⚠ AAFCO 0.63 와 1.6배 차이 / aNIAS 최대는 성장기 기준값 4.25 로만 제시된다
F-043-123,S-043,농촌진흥청 국립축산과학원,nutrition,cat,발린,,,,1.55,g,,"1,000kcal 대사에너지 당",성장 및 번식기,,,,,,,,표 2-17g,2026-07-31,,ohb,FEDIAF 1.60 · AAFCO 1.55 (aNIAS 최소 1.55)
F-043-124,S-043,농촌진흥청 국립축산과학원,nutrition,cat,타우린(통조림 사료),,,,0.50,g,,"1,000kcal 대사에너지 당",성장 및 번식기,,,,,,,,표 2-17g,2026-07-31,,ohb,FEDIAF 0.63 · AAFCO 0.50 (aNIAS 최소 0.50) / ⚠ FEDIAF 0.63 와 1.3배 차이
F-043-125,S-043,농촌진흥청 국립축산과학원,nutrition,cat,타우린(건사료),,,,0.25,g,,"1,000kcal 대사에너지 당",성장 및 번식기,,,,,,,,표 2-17g,2026-07-31,,ohb,FEDIAF 0.25 · AAFCO 0.25 (aNIAS 최소 0.25)
F-043-126,S-043,농촌진흥청 국립축산과학원,nutrition,cat,지방,,,,22.5,g,,"1,000kcal 대사에너지 당",성장 및 번식기,,,,,,,,표 2-17g,2026-07-31,,ohb,FEDIAF 22.50 · AAFCO 22.5 (aNIAS 최소 22.5)
F-043-127,S-043,농촌진흥청 국립축산과학원,nutrition,cat,리놀레산 (오메가-6),,,,1.38,g,,"1,000kcal 대사에너지 당",성장 및 번식기,,,,,,,,표 2-17g,2026-07-31,,ohb,FEDIAF 1.38 · AAFCO 1.40 (aNIAS 최소 1.38)
F-043-128,S-043,농촌진흥청 국립축산과학원,nutrition,cat,아라키돈산 (오메가-6),,,,50.0,mg,,"1,000kcal 대사에너지 당",성장 및 번식기,,,,,,,,표 2-17g,2026-07-31,,ohb,FEDIAF 50.0 · AAFCO 50 (aNIAS 최소 50.0)
F-043-129,S-043,농촌진흥청 국립축산과학원,nutrition,cat,알파-리놀렌산 (오메가-3),,,,0.05,g,,"1,000kcal 대사에너지 당",성장 및 번식기,,,,,,,,표 2-17g,2026-07-31,,ohb,FEDIAF 0.05 · AAFCO 0.05 (aNIAS 최소 0.05)
F-043-130,S-043,농촌진흥청 국립축산과학원,nutrition,cat,EPA+DHA (오메가-3),,,,0.03,g,,"1,000kcal 대사에너지 당",성장 및 번식기,,,,,,,,표 2-17g,2026-07-31,,ohb,"EPA, 에이코사펜타엔산 ; DHA, 도코사헥사엔산 / FEDIAF 0.03 · AAFCO 0.03 (aNIAS 최소 0.03)"
F-043-131,S-043,농촌진흥청 국립축산과학원,nutrition,cat,칼슘,,,,2.50,g,,"1,000kcal 대사에너지 당",성장 및 번식기,,,,,,,,표 2-17g,2026-07-31,,ohb,FEDIAF 2.50 · AAFCO 2.5 (aNIAS 최소 2.50)
F-043-132,S-043,농촌진흥청 국립축산과학원,nutrition,cat,인,,,,2.00,g,,"1,000kcal 대사에너지 당",성장 및 번식기,,,,,,,,표 2-17g,2026-07-31,,ohb,FEDIAF 2.10 · AAFCO 2.0 (aNIAS 최소 2.00)
F-043-133,S-043,농촌진흥청 국립축산과학원,nutrition,cat,칼슘/인 비율,,,,,,,"1,000kcal 대사에너지 당",성장 및 번식기,,,,,,,,표 2-17g,2026-07-31,,ohb,aNIAS 권장 칼슘:인 비율 최소 - (FEDIAF 1:1 · AAFCO -). 단위 없는 비율이라 dose·max_value 를 비웠다 / ⚠ 반려묘 표(2-17g·h)는 aNIAS 칼슘/인 비율을 '-' 로 두었다 — 반려견 표(1:1~2:1)와 달리 값이 없다
F-043-134,S-043,농촌진흥청 국립축산과학원,nutrition,cat,칼륨,,,,1.50,g,,"1,000kcal 대사에너지 당",성장 및 번식기,,,,,,,,표 2-17g,2026-07-31,,ohb,FEDIAF 1.50 · AAFCO 1.5 (aNIAS 최소 1.50)
F-043-135,S-043,농촌진흥청 국립축산과학원,nutrition,cat,나트륨,,,,0.40,g,,"1,000kcal 대사에너지 당",성장 및 번식기,,,,,,,,표 2-17g,2026-07-31,,ohb,FEDIAF 0.40 · AAFCO 0.5 (aNIAS 최소 0.40) / ⚠ AAFCO 0.5 와 1.2배 차이
F-043-136,S-043,농촌진흥청 국립축산과학원,nutrition,cat,염소,,,,0.60,g,,"1,000kcal 대사에너지 당",성장 및 번식기,,,,,,,,표 2-17g,2026-07-31,,ohb,FEDIAF 0.60 · AAFCO 0.75 (aNIAS 최소 0.60) / ⚠ AAFCO 0.75 와 1.2배 차이
F-043-137,S-043,농촌진흥청 국립축산과학원,nutrition,cat,마그네슘,,,,0.13,g,,"1,000kcal 대사에너지 당",성장 및 번식기,,,,,,,,표 2-17g,2026-07-31,,ohb,FEDIAF 0.13 · AAFCO 0.20 (aNIAS 최소 0.13) / ⚠ AAFCO 0.20 와 1.5배 차이
F-043-138,S-043,농촌진흥청 국립축산과학원,nutrition,cat,구리(건사료),,,,2.50,mg,,"1,000kcal 대사에너지 당",성장 및 번식기,,,,,,,,표 2-17g,2026-07-31,,ohb,FEDIAF 2.50 · AAFCO 3.75 (aNIAS 최소 2.50) / ⚠ AAFCO 3.75 와 1.5배 차이
F-043-139,S-043,농촌진흥청 국립축산과학원,nutrition,cat,구리(통조림 사료),,,,2.10,mg,,"1,000kcal 대사에너지 당",성장 및 번식기,,,,,,,,표 2-17g,2026-07-31,,ohb,FEDIAF 2.50 · AAFCO 2.10 (aNIAS 최소 2.10)
F-043-140,S-043,농촌진흥청 국립축산과학원,nutrition,cat,요오드,,,,0.45,mg,2.25,"1,000kcal 대사에너지 당",성장 및 번식기,,,,,,,,표 2-17g,2026-07-31,,ohb,FEDIAF 0.45 · AAFCO 0.45 (aNIAS 최소 0.45)
F-043-141,S-043,농촌진흥청 국립축산과학원,nutrition,cat,철,,,,20.0,mg,,"1,000kcal 대사에너지 당",성장 및 번식기,,,,,,,,표 2-17g,2026-07-31,,ohb,FEDIAF 20.0 · AAFCO 20.0 (aNIAS 최소 20.0)
F-043-142,S-043,농촌진흥청 국립축산과학원,nutrition,cat,망간,,,,1.90,mg,,"1,000kcal 대사에너지 당",성장 및 번식기,,,,,,,,표 2-17g,2026-07-31,,ohb,FEDIAF 2.50 · AAFCO 1.90 (aNIAS 최소 1.90) / ⚠ FEDIAF 2.50 와 1.3배 차이
F-043-143,S-043,농촌진흥청 국립축산과학원,nutrition,cat,셀레늄,,,,75.0,㎍,,"1,000kcal 대사에너지 당",성장 및 번식기,,,,,,,,표 2-17g,2026-07-31,,ohb,FEDIAF 75.0 · AAFCO 75 (aNIAS 최소 75.0)
F-043-144,S-043,농촌진흥청 국립축산과학원,nutrition,cat,아연,,,,18.8,mg,,"1,000kcal 대사에너지 당",성장 및 번식기,,,,,,,,표 2-17g,2026-07-31,,ohb,FEDIAF 18.80 · AAFCO 18.8 (aNIAS 최소 18.8)
F-043-145,S-043,농촌진흥청 국립축산과학원,nutrition,cat,비타민 A,,,,"1,667",IU,"100,000","1,000kcal 대사에너지 당",성장 및 번식기,,,,,,,,표 2-17g,2026-07-31,,ohb,"FEDIAF 2,250 · AAFCO 1,667 (aNIAS 최소 1,667) / ⚠ FEDIAF 2,250 와 1.3배 차이 / aNIAS 최대 100,000(성장) / 83,325(번식) — 성장기 값을 max_value 에 넣었다"
F-043-146,S-043,농촌진흥청 국립축산과학원,nutrition,cat,비타민 D,,,,70.0,IU,"7,520","1,000kcal 대사에너지 당",성장 및 번식기,,,,,,,,표 2-17g,2026-07-31,,ohb,FEDIAF 70.0 · AAFCO 70 (aNIAS 최소 70.0)
F-043-147,S-043,농촌진흥청 국립축산과학원,nutrition,cat,비타민 E,,,,9.50,IU,,"1,000kcal 대사에너지 당",성장 및 번식기,,,,,,,,표 2-17g,2026-07-31,,ohb,FEDIAF 9.50 · AAFCO 10 (aNIAS 최소 9.50)
F-043-148,S-043,농촌진흥청 국립축산과학원,nutrition,cat,비타민 B1 (티아민),,,,1.40,mg,,"1,000kcal 대사에너지 당",성장 및 번식기,,,,,,,,표 2-17g,2026-07-31,,ohb,FEDIAF 1.40 · AAFCO 1.40 (aNIAS 최소 1.40)
F-043-149,S-043,농촌진흥청 국립축산과학원,nutrition,cat,비타민 B2 (리보플라빈),,,,0.80,mg,,"1,000kcal 대사에너지 당",성장 및 번식기,,,,,,,,표 2-17g,2026-07-31,,ohb,FEDIAF 0.80 · AAFCO 1.00 (aNIAS 최소 0.80) / ⚠ AAFCO 1.00 와 1.2배 차이
F-043-150,S-043,농촌진흥청 국립축산과학원,nutrition,cat,비타민 B5 (판토텐산),,,,1.43,mg,,"1,000kcal 대사에너지 당",성장 및 번식기,,,,,,,,표 2-17g,2026-07-31,,ohb,FEDIAF 1.43 · AAFCO 1.44 (aNIAS 최소 1.43)
F-043-151,S-043,농촌진흥청 국립축산과학원,nutrition,cat,비타민 B6 (피리독신),,,,0.63,mg,,"1,000kcal 대사에너지 당",성장 및 번식기,,,,,,,,표 2-17g,2026-07-31,,ohb,FEDIAF 0.63 · AAFCO 1.0 (aNIAS 최소 0.63) / ⚠ AAFCO 1.0 와 1.6배 차이
F-043-152,S-043,농촌진흥청 국립축산과학원,nutrition,cat,비타민 B12 (시아노코발아민),,,,4.50,㎍,,"1,000kcal 대사에너지 당",성장 및 번식기,,,,,,,,표 2-17g,2026-07-31,,ohb,FEDIAF 4.50 · AAFCO 5 (aNIAS 최소 4.50)
F-043-153,S-043,농촌진흥청 국립축산과학원,nutrition,cat,비타민 B3 (니아신),,,,8.0,mg,,"1,000kcal 대사에너지 당",성장 및 번식기,,,,,,,,표 2-17g,2026-07-31,,ohb,FEDIAF 8.00 · AAFCO 15 (aNIAS 최소 8.0) / ⚠ AAFCO 15 와 1.9배 차이
F-043-154,S-043,농촌진흥청 국립축산과학원,nutrition,cat,비타민 B9 (엽산),,,,188.0,㎍,,"1,000kcal 대사에너지 당",성장 및 번식기,,,,,,,,표 2-17g,2026-07-31,,ohb,FEDIAF 188.0 · AAFCO 200.0 (aNIAS 최소 188.0)
F-043-155,S-043,농촌진흥청 국립축산과학원,nutrition,cat,비타민 B7 (비오틴),,,,17.50,㎍,,"1,000kcal 대사에너지 당",성장 및 번식기,,,,,,,,표 2-17g,2026-07-31,,ohb,FEDIAF 17.50 · AAFCO 18 (aNIAS 최소 17.50)
F-043-156,S-043,농촌진흥청 국립축산과학원,nutrition,cat,콜린,,,,600.0,mg,,"1,000kcal 대사에너지 당",성장 및 번식기,,,,,,,,표 2-17g,2026-07-31,,ohb,FEDIAF 600.0 · AAFCO 600 (aNIAS 최소 600.0)
F-043-157,S-043,농촌진흥청 국립축산과학원,nutrition,cat,비타민 K,,,,,,,"1,000kcal 대사에너지 당",성장 및 번식기,,,,,,,,표 2-17g,2026-07-31,,ohb,원문에 '-' 로 표기되어 aNIAS 최소 권장량이 설정돼 있지 않다 (FEDIAF - · AAFCO 25) — dose 를 비웠다
F-043-158,S-043,농촌진흥청 국립축산과학원,nutrition,cat,단백질,,,,62.50,g,,"1,000kcal 대사에너지 당",성묘,,,,,,,,표 2-17h,2026-07-31,,ohb,"FEDIAF 62.50 · AAFCO 65 (aNIAS 최소 62.50) / 단위/1,000kcal 대사에너지 기준 표(2-17c·d·g·h)에서 추출. 같은 값의 '단위/건물 100g' 표(2-17a·b·e·f)는 중복이므로 제외했다 — 계산 노드가 일일 kcal 을 먼저 구한 뒤 1,000kcal 당 값을 쓰므로 이쪽이 맞다. 변환 계수(표 2-15): 단위/건물 100g × 2.5 = 단위/1,000kcal / 표 2-17h 제목: 반려묘 완전 사료의 권장 영양소 함량(성묘, 단위/1,000kcal 대사에너지)"
F-043-159,S-043,농촌진흥청 국립축산과학원,nutrition,cat,아르지닌,,,,2.50,g,,"1,000kcal 대사에너지 당",성묘,,,,,,,,표 2-17h,2026-07-31,,ohb,FEDIAF 2.50 · AAFCO 2.60 (aNIAS 최소 2.50)
F-043-160,S-043,농촌진흥청 국립축산과학원,nutrition,cat,히스티딘,,,,0.65,g,,"1,000kcal 대사에너지 당",성묘,,,,,,,,표 2-17h,2026-07-31,,ohb,FEDIAF 0.65 · AAFCO 0.78 (aNIAS 최소 0.65)
F-043-161,S-043,농촌진흥청 국립축산과학원,nutrition,cat,이소루신,,,,1.08,g,,"1,000kcal 대사에너지 당",성묘,,,,,,,,표 2-17h,2026-07-31,,ohb,FEDIAF 1.08 · AAFCO 1.30 (aNIAS 최소 1.08)
F-043-162,S-043,농촌진흥청 국립축산과학원,nutrition,cat,류신,,,,2.55,g,,"1,000kcal 대사에너지 당",성묘,,,,,,,,표 2-17h,2026-07-31,,ohb,FEDIAF 2.55 · AAFCO 3.10 (aNIAS 최소 2.55)
F-043-163,S-043,농촌진흥청 국립축산과학원,nutrition,cat,라이신,,,,0.85,g,,"1,000kcal 대사에너지 당",성묘,,,,,,,,표 2-17h,2026-07-31,,ohb,FEDIAF 0.85 · AAFCO 2.08 (aNIAS 최소 0.85) / ⚠ AAFCO 2.08 와 2.4배 차이
F-043-164,S-043,농촌진흥청 국립축산과학원,nutrition,cat,메치오닌,,,,0.43,g,,"1,000kcal 대사에너지 당",성묘,,,,,,,,표 2-17h,2026-07-31,,ohb,FEDIAF 0.43 · AAFCO 0.5 (aNIAS 최소 0.43)
F-043-165,S-043,농촌진흥청 국립축산과학원,nutrition,cat,메치오닌+시스틴,,,,0.85,g,,"1,000kcal 대사에너지 당",성묘,,,,,,,,표 2-17h,2026-07-31,,ohb,FEDIAF 0.85 · AAFCO 1.00 (aNIAS 최소 0.85)
F-043-166,S-043,농촌진흥청 국립축산과학원,nutrition,cat,페닐알라닌,,,,1.00,g,,"1,000kcal 대사에너지 당",성묘,,,,,,,,표 2-17h,2026-07-31,,ohb,FEDIAF 1.00 · AAFCO 1.05 (aNIAS 최소 1.00)
F-043-167,S-043,농촌진흥청 국립축산과학원,nutrition,cat,페닐알라닌+티로신,,,,3.83,g,,"1,000kcal 대사에너지 당",성묘,,,,,,,,표 2-17h,2026-07-31,,ohb,FEDIAF 3.83 · AAFCO 3.83 (aNIAS 최소 3.83)
F-043-168,S-043,농촌진흥청 국립축산과학원,nutrition,cat,트레오닌,,,,1.30,g,,"1,000kcal 대사에너지 당",성묘,,,,,,,,표 2-17h,2026-07-31,,ohb,FEDIAF 1.30 · AAFCO 1.83 (aNIAS 최소 1.30) / ⚠ AAFCO 1.83 와 1.4배 차이
F-043-169,S-043,농촌진흥청 국립축산과학원,nutrition,cat,트립토판,,,,0.33,g,,"1,000kcal 대사에너지 당",성묘,,,,,,,,표 2-17h,2026-07-31,,ohb,FEDIAF 0.33 · AAFCO 0.40 (aNIAS 최소 0.33)
F-043-170,S-043,농촌진흥청 국립축산과학원,nutrition,cat,발린,,,,1.28,g,,"1,000kcal 대사에너지 당",성묘,,,,,,,,표 2-17h,2026-07-31,,ohb,FEDIAF 1.28 · AAFCO 1.55 (aNIAS 최소 1.28)
F-043-171,S-043,농촌진흥청 국립축산과학원,nutrition,cat,타우린(통조림 사료),,,,0.50,g,,"1,000kcal 대사에너지 당",성묘,,,,,,,,표 2-17h,2026-07-31,,ohb,FEDIAF 0.50 · AAFCO 0.50 (aNIAS 최소 0.50)
F-043-172,S-043,농촌진흥청 국립축산과학원,nutrition,cat,타우린(건사료),,,,0.25,g,,"1,000kcal 대사에너지 당",성묘,,,,,,,,표 2-17h,2026-07-31,,ohb,FEDIAF 0.25 · AAFCO 0.25 (aNIAS 최소 0.25)
F-043-173,S-043,농촌진흥청 국립축산과학원,nutrition,cat,지방,,,,22.5,g,,"1,000kcal 대사에너지 당",성묘,,,,,,,,표 2-17h,2026-07-31,,ohb,FEDIAF 22.50 · AAFCO 22.5 (aNIAS 최소 22.5)
F-043-174,S-043,농촌진흥청 국립축산과학원,nutrition,cat,리놀레산 (오메가-6),,,,1.25,g,,"1,000kcal 대사에너지 당",성묘,,,,,,,,표 2-17h,2026-07-31,,ohb,FEDIAF 1.25 · AAFCO 1.40 (aNIAS 최소 1.25)
F-043-175,S-043,농촌진흥청 국립축산과학원,nutrition,cat,아라키돈산 (오메가-6),,,,15.0,mg,,"1,000kcal 대사에너지 당",성묘,,,,,,,,표 2-17h,2026-07-31,,ohb,FEDIAF 15.00 · AAFCO 50 (aNIAS 최소 15.0) / ⚠ AAFCO 50 와 3.3배 차이
F-043-176,S-043,농촌진흥청 국립축산과학원,nutrition,cat,알파-리놀렌산 (오메가-3),,,,,,,"1,000kcal 대사에너지 당",성묘,,,,,,,,표 2-17h,2026-07-31,,ohb,원문에 '-' 로 표기되어 aNIAS 최소 권장량이 설정돼 있지 않다 (FEDIAF - · AAFCO -) — dose 를 비웠다
F-043-177,S-043,농촌진흥청 국립축산과학원,nutrition,cat,EPA+DHA (오메가-3),,,,,,,"1,000kcal 대사에너지 당",성묘,,,,,,,,표 2-17h,2026-07-31,,ohb,"EPA, 에이코사펜타엔산 ; DHA, 도코사헥사엔산 / 원문에 '-' 로 표기되어 aNIAS 최소 권장량이 설정돼 있지 않다 (FEDIAF - · AAFCO -) — dose 를 비웠다"
F-043-178,S-043,농촌진흥청 국립축산과학원,nutrition,cat,칼슘,,,,1.00,g,,"1,000kcal 대사에너지 당",성묘,,,,,,,,표 2-17h,2026-07-31,,ohb,FEDIAF 1.00 · AAFCO 1.5 (aNIAS 최소 1.00) / ⚠ AAFCO 1.5 와 1.5배 차이
F-043-179,S-043,농촌진흥청 국립축산과학원,nutrition,cat,인,,,,0.64,g,,"1,000kcal 대사에너지 당",성묘,,,,,,,,표 2-17h,2026-07-31,,ohb,FEDIAF 0.64 · AAFCO 1.25 (aNIAS 최소 0.64) / ⚠ AAFCO 1.25 와 2.0배 차이
F-043-180,S-043,농촌진흥청 국립축산과학원,nutrition,cat,칼슘/인 비율,,,,,,,"1,000kcal 대사에너지 당",성묘,,,,,,,,표 2-17h,2026-07-31,,ohb,aNIAS 권장 칼슘:인 비율 최소 - (FEDIAF 1:1 · AAFCO -). 단위 없는 비율이라 dose·max_value 를 비웠다 / ⚠ 반려묘 표(2-17g·h)는 aNIAS 칼슘/인 비율을 '-' 로 두었다 — 반려견 표(1:1~2:1)와 달리 값이 없다
F-043-181,S-043,농촌진흥청 국립축산과학원,nutrition,cat,칼륨,,,,1.50,g,,"1,000kcal 대사에너지 당",성묘,,,,,,,,표 2-17h,2026-07-31,,ohb,FEDIAF 1.50 · AAFCO 1.5 (aNIAS 최소 1.50)
F-043-182,S-043,농촌진흥청 국립축산과학원,nutrition,cat,나트륨,,,,0.19,g,,"1,000kcal 대사에너지 당",성묘,,,,,,,,표 2-17h,2026-07-31,,ohb,FEDIAF 0.19 · AAFCO 0.5 (aNIAS 최소 0.19) / ⚠ AAFCO 0.5 와 2.6배 차이
F-043-183,S-043,농촌진흥청 국립축산과학원,nutrition,cat,염소,,,,0.29,g,,"1,000kcal 대사에너지 당",성묘,,,,,,,,표 2-17h,2026-07-31,,ohb,FEDIAF 0.29 · AAFCO 0.75 (aNIAS 최소 0.29) / ⚠ AAFCO 0.75 와 2.6배 차이
F-043-184,S-043,농촌진흥청 국립축산과학원,nutrition,cat,마그네슘,,,,0.10,g,,"1,000kcal 대사에너지 당",성묘,,,,,,,,표 2-17h,2026-07-31,,ohb,FEDIAF 0.10 · AAFCO 0.10 (aNIAS 최소 0.10)
F-043-185,S-043,농촌진흥청 국립축산과학원,nutrition,cat,구리(건사료),,,,1.25,mg,,"1,000kcal 대사에너지 당",성묘,,,,,,,,표 2-17h,2026-07-31,,ohb,FEDIAF 1.25 · AAFCO 1.25 (aNIAS 최소 1.25)
F-043-186,S-043,농촌진흥청 국립축산과학원,nutrition,cat,구리(통조림 사료),,,,1.25,mg,,"1,000kcal 대사에너지 당",성묘,,,,,,,,표 2-17h,2026-07-31,,ohb,FEDIAF 1.25 · AAFCO 1.25 (aNIAS 최소 1.25)
F-043-187,S-043,농촌진흥청 국립축산과학원,nutrition,cat,요오드,,,,0.15,mg,2.25,"1,000kcal 대사에너지 당",성묘,,,,,,,,표 2-17h,2026-07-31,,ohb,FEDIAF 0.33 · AAFCO 0.15 (aNIAS 최소 0.15) / ⚠ FEDIAF 0.33 와 2.2배 차이
F-043-188,S-043,농촌진흥청 국립축산과학원,nutrition,cat,철,,,,20.0,mg,,"1,000kcal 대사에너지 당",성묘,,,,,,,,표 2-17h,2026-07-31,,ohb,FEDIAF 20.00 · AAFCO 20.0 (aNIAS 최소 20.0)
F-043-189,S-043,농촌진흥청 국립축산과학원,nutrition,cat,망간,,,,1.25,mg,,"1,000kcal 대사에너지 당",성묘,,,,,,,,표 2-17h,2026-07-31,,ohb,FEDIAF 1.25 · AAFCO 1.90 (aNIAS 최소 1.25) / ⚠ AAFCO 1.90 와 1.5배 차이
F-043-190,S-043,농촌진흥청 국립축산과학원,nutrition,cat,셀레늄,,,,52.5,㎍,,"1,000kcal 대사에너지 당",성묘,,,,,,,,표 2-17h,2026-07-31,,ohb,FEDIAF 52.5/65.0 · AAFCO 75 (aNIAS 최소 52.5) / ⚠ AAFCO 75 와 1.4배 차이
F-043-191,S-043,농촌진흥청 국립축산과학원,nutrition,cat,아연,,,,18.8,mg,,"1,000kcal 대사에너지 당",성묘,,,,,,,,표 2-17h,2026-07-31,,ohb,FEDIAF 18.80 · AAFCO 18.8 (aNIAS 최소 18.8)
F-043-192,S-043,농촌진흥청 국립축산과학원,nutrition,cat,비타민 A,,,,833.0,IU,"100,000","1,000kcal 대사에너지 당",성묘,,,,,,,,표 2-17h,2026-07-31,,ohb,FEDIAF 833.00 · AAFCO 833 (aNIAS 최소 833.0)
F-043-193,S-043,농촌진흥청 국립축산과학원,nutrition,cat,비타민 D,,,,62.50,IU,"7,520","1,000kcal 대사에너지 당",성묘,,,,,,,,표 2-17h,2026-07-31,,ohb,FEDIAF 62.50 · AAFCO 70 (aNIAS 최소 62.50)
F-043-194,S-043,농촌진흥청 국립축산과학원,nutrition,cat,비타민 E,,,,9.50,IU,,"1,000kcal 대사에너지 당",성묘,,,,,,,,표 2-17h,2026-07-31,,ohb,FEDIAF 9.50 · AAFCO 10 (aNIAS 최소 9.50)
F-043-195,S-043,농촌진흥청 국립축산과학원,nutrition,cat,비타민 B1 (티아민),,,,1.10,mg,,"1,000kcal 대사에너지 당",성묘,,,,,,,,표 2-17h,2026-07-31,,ohb,FEDIAF 1.10 · AAFCO 1.40 (aNIAS 최소 1.10) / ⚠ AAFCO 1.40 와 1.3배 차이
F-043-196,S-043,농촌진흥청 국립축산과학원,nutrition,cat,비타민 B2 (리보플라빈),,,,0.80,mg,,"1,000kcal 대사에너지 당",성묘,,,,,,,,표 2-17h,2026-07-31,,ohb,FEDIAF 0.80 · AAFCO 1.00 (aNIAS 최소 0.80) / ⚠ AAFCO 1.00 와 1.2배 차이
F-043-197,S-043,농촌진흥청 국립축산과학원,nutrition,cat,비타민 B5 (판토텐산),,,,1.44,mg,,"1,000kcal 대사에너지 당",성묘,,,,,,,,표 2-17h,2026-07-31,,ohb,FEDIAF 1.44 · AAFCO 1.44 (aNIAS 최소 1.44)
F-043-198,S-043,농촌진흥청 국립축산과학원,nutrition,cat,비타민 B6 (피리독신),,,,0.63,mg,,"1,000kcal 대사에너지 당",성묘,,,,,,,,표 2-17h,2026-07-31,,ohb,FEDIAF 0.63 · AAFCO 1.0 (aNIAS 최소 0.63) / ⚠ AAFCO 1.0 와 1.6배 차이
F-043-199,S-043,농촌진흥청 국립축산과학원,nutrition,cat,비타민 B12 (시아노코발아민),,,,4.40,㎍,,"1,000kcal 대사에너지 당",성묘,,,,,,,,표 2-17h,2026-07-31,,ohb,FEDIAF 4.40 · AAFCO 5 (aNIAS 최소 4.40)
F-043-200,S-043,농촌진흥청 국립축산과학원,nutrition,cat,비타민 B3 (니아신),,,,8.0,mg,,"1,000kcal 대사에너지 당",성묘,,,,,,,,표 2-17h,2026-07-31,,ohb,FEDIAF 8.00 · AAFCO 15 (aNIAS 최소 8.0) / ⚠ AAFCO 15 와 1.9배 차이
F-043-201,S-043,농촌진흥청 국립축산과학원,nutrition,cat,비타민 B9 (엽산),,,,188.0,㎍,,"1,000kcal 대사에너지 당",성묘,,,,,,,,표 2-17h,2026-07-31,,ohb,FEDIAF 188.00 · AAFCO 200 (aNIAS 최소 188.0)
F-043-202,S-043,농촌진흥청 국립축산과학원,nutrition,cat,비타민 B7 (비오틴),,,,15.0,㎍,,"1,000kcal 대사에너지 당",성묘,,,,,,,,표 2-17h,2026-07-31,,ohb,FEDIAF 15.00 · AAFCO 18 (aNIAS 최소 15.0)
F-043-203,S-043,농촌진흥청 국립축산과학원,nutrition,cat,콜린,,,,600.0,mg,,"1,000kcal 대사에너지 당",성묘,,,,,,,,표 2-17h,2026-07-31,,ohb,FEDIAF 600.00 · AAFCO 600 (aNIAS 최소 600.0)
F-043-204,S-043,농촌진흥청 국립축산과학원,nutrition,cat,비타민 K,,,,,,,"1,000kcal 대사에너지 당",성묘,,,,,,,,표 2-17h,2026-07-31,,ohb,원문에 '-' 로 표기되어 aNIAS 최소 권장량이 설정돼 있지 않다 (FEDIAF - · AAFCO 25) — dose 를 비웠다
F-044-001,S-044,농촌진흥청 국립축산과학원,nutrition,all,귀리(연맥),Oat grain,,성분 함량,10.98,%,,건물 기준,,,,,,,,,홈페이지 시트 3행,2026-07-31,,ohb,축산용 원료 DB — 반려동물 급여 기준 아님. 성분 조성 참고용. dose 는 조단백질(건물 기준) 값이다. 나머지 건물 기준 성분: 조지방 4.43% · 조섬유(CF) 12.2% · 조회분 2.91% · 가용무질소물(NFE) 69.48%. scientific_name 은 학명이 아니라 원문 B열의 영문 원료명이다. 값은 소수점 둘째 자리 반올림.
F-044-002,S-044,농촌진흥청 국립축산과학원,nutrition,all,귀리피,Oat hulls,,성분 함량,24.67,%,,건물 기준,,,,,,,,,홈페이지 시트 16행,2026-07-31,,ohb,축산용 원료 DB — 반려동물 급여 기준 아님. 성분 조성 참고용. dose 는 조섬유(CF)(건물 기준) 값이다. 나머지 건물 기준 성분: 조단백질 5.43% · 조지방 2.53% · 조회분 5.48% · 가용무질소물(NFE) 61.89%. scientific_name 은 학명이 아니라 원문 B열의 영문 원료명이다. 값은 소수점 둘째 자리 반올림.
F-044-003,S-044,농촌진흥청 국립축산과학원,nutrition,all,밀(소맥),Wheat grain,,성분 함량,12.86,%,,건물 기준,,,,,,,,,홈페이지 시트 5행,2026-07-31,,ohb,축산용 원료 DB — 반려동물 급여 기준 아님. 성분 조성 참고용. dose 는 조단백질(건물 기준) 값이다. 나머지 건물 기준 성분: 조지방 1.67% · 조섬유(CF) 2.74% · 조회분 1.76% · 가용무질소물(NFE) 80.97%. scientific_name 은 학명이 아니라 원문 B열의 영문 원료명이다. 값은 소수점 둘째 자리 반올림.
F-044-004,S-044,농촌진흥청 국립축산과학원,nutrition,all,보리(대맥),Barley grain,,성분 함량,10.72,%,,건물 기준,,,,,,,,,홈페이지 시트 6행,2026-07-31,,ohb,축산용 원료 DB — 반려동물 급여 기준 아님. 성분 조성 참고용. dose 는 조단백질(건물 기준) 값이다. 나머지 건물 기준 성분: 조지방 2.07% · 조섬유(CF) 5.31% · 조회분 2.34% · 가용무질소물(NFE) 79.55%. scientific_name 은 학명이 아니라 원문 B열의 영문 원료명이다. 값은 소수점 둘째 자리 반올림.
F-044-005,S-044,농촌진흥청 국립축산과학원,nutrition,all,옥수수,Corn grain,,성분 함량,8.43,%,,건물 기준,,,,,,,,,홈페이지 시트 9행,2026-07-31,,ohb,축산용 원료 DB — 반려동물 급여 기준 아님. 성분 조성 참고용. dose 는 조단백질(건물 기준) 값이다. 나머지 건물 기준 성분: 조지방 3.92% · 조섬유(CF) 2.41% · 조회분 1.32% · 가용무질소물(NFE) 83.92%. scientific_name 은 학명이 아니라 원문 B열의 영문 원료명이다. 값은 소수점 둘째 자리 반올림.
F-044-006,S-044,농촌진흥청 국립축산과학원,nutrition,all,현미(재고미),Brown rice,,성분 함량,8.56,%,,건물 기준,,,,,,,,,홈페이지 시트 14행,2026-07-31,,ohb,축산용 원료 DB — 반려동물 급여 기준 아님. 성분 조성 참고용. dose 는 조단백질(건물 기준) 값이다. 나머지 건물 기준 성분: 조지방 3.04% · 조섬유(CF) 1.91% · 조회분 1.3% · 가용무질소물(NFE) 85.19%. scientific_name 은 학명이 아니라 원문 B열의 영문 원료명이다. 값은 소수점 둘째 자리 반올림.
F-044-007,S-044,농촌진흥청 국립축산과학원,nutrition,all,소맥피(밀기울),Wheat bran,,성분 함량,17.1,%,,건물 기준,,,,,,,,,홈페이지 시트 21행,2026-07-31,,ohb,축산용 원료 DB — 반려동물 급여 기준 아님. 성분 조성 참고용. dose 는 조단백질(건물 기준) 값이다. 나머지 건물 기준 성분: 조지방 4.12% · 조섬유(CF) 10.96% · 조회분 5.25% · 가용무질소물(NFE) 62.57%. scientific_name 은 학명이 아니라 원문 B열의 영문 원료명이다. 값은 소수점 둘째 자리 반올림.
F-044-008,S-044,농촌진흥청 국립축산과학원,nutrition,all,쌀겨(생미강),Rice bran,,성분 함량,15.88,%,,건물 기준,,,,,,,,,홈페이지 시트 24행,2026-07-31,,ohb,축산용 원료 DB — 반려동물 급여 기준 아님. 성분 조성 참고용. dose 는 조단백질(건물 기준) 값이다. 나머지 건물 기준 성분: 조지방 20.65% · 조섬유(CF) 8.8% · 조회분 9.85% · 가용무질소물(NFE) 44.81%. scientific_name 은 학명이 아니라 원문 B열의 영문 원료명이다. 값은 소수점 둘째 자리 반올림.
F-044-009,S-044,농촌진흥청 국립축산과학원,nutrition,all,대두피,Soybean hulls,,성분 함량,37.55,%,,건물 기준,,,,,,,,,홈페이지 시트 17행,2026-07-31,,ohb,축산용 원료 DB — 반려동물 급여 기준 아님. 성분 조성 참고용. dose 는 조섬유(CF)(건물 기준) 값이다. 나머지 건물 기준 성분: 조단백질 13.36% · 조지방 3.15% · 조회분 4.84% · 가용무질소물(NFE) 41.1%. scientific_name 은 학명이 아니라 원문 B열의 영문 원료명이다. 값은 소수점 둘째 자리 반올림.
F-044-010,S-044,농촌진흥청 국립축산과학원,nutrition,all,비트펄프,Beet pulp,,성분 함량,20.24,%,,건물 기준,,,,,,,,,홈페이지 시트 140행,2026-07-31,,ohb,축산용 원료 DB — 반려동물 급여 기준 아님. 성분 조성 참고용. dose 는 조섬유(CF)(건물 기준) 값이다. 나머지 건물 기준 성분: 조단백질 9.76% · 조지방 0.88% · 조회분 4.79% · 가용무질소물(NFE) 64.32%. scientific_name 은 학명이 아니라 원문 B열의 영문 원료명이다. 값은 소수점 둘째 자리 반올림.
F-044-011,S-044,농촌진흥청 국립축산과학원,nutrition,all,대두(콩),Soybean seeds,,성분 함량,39.17,%,,건물 기준,,,,,,,,,홈페이지 시트 135행,2026-07-31,,ohb,축산용 원료 DB — 반려동물 급여 기준 아님. 성분 조성 참고용. dose 는 조단백질(건물 기준) 값이다. 나머지 건물 기준 성분: 조지방 19.62% · 조섬유(CF) 6.9% · 조회분 5.59% · 가용무질소물(NFE) 28.73%. scientific_name 은 학명이 아니라 원문 B열의 영문 원료명이다. 값은 소수점 둘째 자리 반올림.
F-044-012,S-044,농촌진흥청 국립축산과학원,nutrition,all,대두박,Soybean meal,,성분 함량,51.75,%,,건물 기준,,,,,,,,,홈페이지 시트 34행,2026-07-31,,ohb,축산용 원료 DB — 반려동물 급여 기준 아님. 성분 조성 참고용. dose 는 조단백질(건물 기준) 값이다. 나머지 건물 기준 성분: 조지방 1.7% · 조섬유(CF) 5.53% · 조회분 7.05% · 가용무질소물(NFE) 33.98%. scientific_name 은 학명이 아니라 원문 B열의 영문 원료명이다. 값은 소수점 둘째 자리 반올림.
F-044-013,S-044,농촌진흥청 국립축산과학원,nutrition,all,옥수수글루텐밀,Corn gluten meal,,성분 함량,72,%,,건물 기준,,,,,,,,,홈페이지 시트 50행,2026-07-31,,ohb,축산용 원료 DB — 반려동물 급여 기준 아님. 성분 조성 참고용. dose 는 조단백질(건물 기준) 값이다. 나머지 건물 기준 성분: 조지방 2.02% · 조섬유(CF) 0.75% · 조회분 2.82% · 가용무질소물(NFE) 22.42%. scientific_name 은 학명이 아니라 원문 B열의 영문 원료명이다. 값은 소수점 둘째 자리 반올림.
F-044-014,S-044,농촌진흥청 국립축산과학원,nutrition,all,아미종실,Flaxseed,,성분 함량,36.51,%,,건물 기준,,,,,,,,,홈페이지 시트 138행,2026-07-31,,ohb,축산용 원료 DB — 반려동물 급여 기준 아님. 성분 조성 참고용. dose 는 조지방(건물 기준) 값이다. 나머지 건물 기준 성분: 조단백질 23.69% · 조섬유(CF) 18.1% · 조회분 3.45% · 가용무질소물(NFE) 18.25%. scientific_name 은 학명이 아니라 원문 B열의 영문 원료명이다. 값은 소수점 둘째 자리 반올림. 원문 원료명 표기가 '아미종실' 이나 영문명이 Flaxseed 이므로 아마종실(아마씨)로 본다.
F-044-015,S-044,농촌진흥청 국립축산과학원,nutrition,all,아마박,Linseed meal (Flaxseed Meal),,성분 함량,35.21,%,,건물 기준,,,,,,,,,홈페이지 시트 46행,2026-07-31,,ohb,축산용 원료 DB — 반려동물 급여 기준 아님. 성분 조성 참고용. dose 는 조단백질(건물 기준) 값이다. 나머지 건물 기준 성분: 조지방 14.56% · 조섬유(CF) 7.5% · 조회분 5.44% · 가용무질소물(NFE) 37.29%. scientific_name 은 학명이 아니라 원문 B열의 영문 원료명이다. 값은 소수점 둘째 자리 반올림. 분석점수 6점으로 표본이 매우 적다.
F-044-016,S-044,농촌진흥청 국립축산과학원,nutrition,all,고구마(건조),Sweet potato (dried),,성분 함량,84.33,%,,건물 기준,,,,,,,,,홈페이지 시트 139행,2026-07-31,,ohb,축산용 원료 DB — 반려동물 급여 기준 아님. 성분 조성 참고용. dose 는 가용무질소물(NFE)(건물 기준) 값이다. 나머지 건물 기준 성분: 조단백질 6.83% · 조지방 0.95% · 조섬유(CF) 3.2% · 조회분 4.7%. scientific_name 은 학명이 아니라 원문 B열의 영문 원료명이다. 값은 소수점 둘째 자리 반올림.
F-044-017,S-044,농촌진흥청 국립축산과학원,nutrition,all,어분(고단백),Fish meal (High CP),,성분 함량,76.22,%,,건물 기준,,,,,,,,,홈페이지 시트 150행,2026-07-31,,ohb,축산용 원료 DB — 반려동물 급여 기준 아님. 성분 조성 참고용. dose 는 조단백질(건물 기준) 값이다. 나머지 건물 기준 성분: 조지방 9.29% · 조섬유(CF) 0.3% · 조회분 15.2%. scientific_name 은 학명이 아니라 원문 B열의 영문 원료명이다. 값은 소수점 둘째 자리 반올림.
F-044-018,S-044,농촌진흥청 국립축산과학원,nutrition,all,육골분,Meat and bone meal,,성분 함량,51.19,%,,건물 기준,,,,,,,,,홈페이지 시트 154행,2026-07-31,,ohb,축산용 원료 DB — 반려동물 급여 기준 아님. 성분 조성 참고용. dose 는 조단백질(건물 기준) 값이다. 나머지 건물 기준 성분: 조지방 13.98% · 조섬유(CF) 1.58% · 조회분 32.85% · 가용무질소물(NFE) 0.4%. scientific_name 은 학명이 아니라 원문 B열의 영문 원료명이다. 값은 소수점 둘째 자리 반올림.
F-044-019,S-044,농촌진흥청 국립축산과학원,nutrition,all,가금내장분(CP>70%),Poultry meal (CP>70%),,성분 함량,75.4,%,,건물 기준,,,,,,,,,홈페이지 시트 146행,2026-07-31,,ohb,축산용 원료 DB — 반려동물 급여 기준 아님. 성분 조성 참고용. dose 는 조단백질(건물 기준) 값이다. 나머지 건물 기준 성분: 조지방 11.46% · 조섬유(CF) 1.02% · 조회분 11.11% · 가용무질소물(NFE) 1.01%. scientific_name 은 학명이 아니라 원문 B열의 영문 원료명이다. 값은 소수점 둘째 자리 반올림.
F-044-020,S-044,농촌진흥청 국립축산과학원,nutrition,all,거저리유충,Mealworm,,성분 함량,55.35,%,,건물 기준,,,,,,,,,홈페이지 시트 155행,2026-07-31,,ohb,축산용 원료 DB — 반려동물 급여 기준 아님. 성분 조성 참고용. dose 는 조단백질(건물 기준) 값이다. 나머지 건물 기준 성분: 조지방 26.89% · 조섬유(CF) 4.81% · 조회분 4.4% · 가용무질소물(NFE) 8.54%. scientific_name 은 학명이 아니라 원문 B열의 영문 원료명이다. 값은 소수점 둘째 자리 반올림.
F-044-021,S-044,농촌진흥청 국립축산과학원,nutrition,all,동애등에 유충,Black soldier fly larvae,,성분 함량,40.67,%,,건물 기준,,,,,,,,,홈페이지 시트 157행,2026-07-31,,ohb,축산용 원료 DB — 반려동물 급여 기준 아님. 성분 조성 참고용. dose 는 조단백질(건물 기준) 값이다. 나머지 건물 기준 성분: 조지방 36.35% · 조섬유(CF) 7.88% · 조회분 13.21% · 가용무질소물(NFE) 1.9%. scientific_name 은 학명이 아니라 원문 B열의 영문 원료명이다. 값은 소수점 둘째 자리 반올림.
F-044-022,S-044,농촌진흥청 국립축산과학원,nutrition,all,난각분,Egg shell,,성분 함량,93.66,%,,건물 기준,,,,,,,,,홈페이지 시트 164행,2026-07-31,,ohb,축산용 원료 DB — 반려동물 급여 기준 아님. 성분 조성 참고용. dose 는 조회분(건물 기준) 값이다. 나머지 건물 기준 성분: 조단백질 2.93% · 조지방 0.32% · 조섬유(CF) 0.13%. scientific_name 은 학명이 아니라 원문 B열의 영문 원료명이다. 값은 소수점 둘째 자리 반올림. 분석점수 2~5점으로 표본이 매우 적다.
F-044-023,S-044,농촌진흥청 국립축산과학원,nutrition,all,패분,Oyster shell,,성분 함량,97.19,%,,건물 기준,,,,,,,,,홈페이지 시트 165행,2026-07-31,,ohb,축산용 원료 DB — 반려동물 급여 기준 아님. 성분 조성 참고용. dose 는 조회분(건물 기준) 값이다. 나머지 건물 기준 성분: . scientific_name 은 학명이 아니라 원문 B열의 영문 원료명이다. 값은 소수점 둘째 자리 반올림. 조단백질·조지방·조섬유는 분석점수 0(미분석)이라 옮기지 않았다.
F-044-024,S-044,농촌진흥청 국립축산과학원,nutrition,all,스피루리나,Spirulina,,성분 함량,67.29,%,,건물 기준,,,,,,,,,홈페이지 시트 85행,2026-07-31,,ohb,축산용 원료 DB — 반려동물 급여 기준 아님. 성분 조성 참고용. dose 는 조단백질(건물 기준) 값이다. 나머지 건물 기준 성분: 조지방 1.12% · 조섬유(CF) 0.08% · 조회분 7.36% · 가용무질소물(NFE) 24.16%. scientific_name 은 학명이 아니라 원문 B열의 영문 원료명이다. 값은 소수점 둘째 자리 반올림. 분석점수 2~3점으로 표본이 매우 적다.
F-044-025,S-044,농촌진흥청 국립축산과학원,nutrition,all,대두유,Soybean oil,,성분 함량,100,%,,건물 기준,,,,,,,,,홈페이지 시트 169행,2026-07-31,,ohb,축산용 원료 DB — 반려동물 급여 기준 아님. 성분 조성 참고용. dose 는 조지방(건물 기준) 값이다. 나머지 건물 기준 성분: 조섬유(CF) 0% · 조회분 0%. scientific_name 은 학명이 아니라 원문 B열의 영문 원료명이다. 값은 소수점 둘째 자리 반올림. 조단백질·조회분은 분석점수 0~1 로 사실상 미분석.
F-044-026,S-044,농촌진흥청 국립축산과학원,nutrition,all,어류기름(어유),Fish oil,,성분 함량,100.71,%,,건물 기준,,,,,,,,,홈페이지 시트 175행,2026-07-31,,ohb,축산용 원료 DB — 반려동물 급여 기준 아님. 성분 조성 참고용. dose 는 조지방(건물 기준) 값이다. 나머지 건물 기준 성분: 조단백질 0.33% · 조섬유(CF) 0% · 조회분 0%. scientific_name 은 학명이 아니라 원문 B열의 영문 원료명이다. 값은 소수점 둘째 자리 반올림. 원문 조지방 건물 기준 값이 100.71% 로 100 을 넘는다 — 원문대로 옮겼다. 팀장 확인 요.
F-044-027,S-044,농촌진흥청 국립축산과학원,nutrition,all,닭기름(계유),Poultry fat,,성분 함량,99.44,%,,건물 기준,,,,,,,,,홈페이지 시트 173행,2026-07-31,,ohb,축산용 원료 DB — 반려동물 급여 기준 아님. 성분 조성 참고용. dose 는 조지방(건물 기준) 값이다. 나머지 건물 기준 성분: . scientific_name 은 학명이 아니라 원문 B열의 영문 원료명이다. 값은 소수점 둘째 자리 반올림. 조단백질·조섬유·조회분은 분석점수 0(미분석).
F-008-001,S-008,ASPCA,toxicity_plant,cat,백합(백합속),Lilium species,,,,,,,,,,,,,,,독성 식물 목록 (Toxic to Cats) — Lily 항목 (스냅샷 250행),2026-07-31,,ohb,"★ 이 자료 전체에 대한 메모(대표 행에 남긴다). ① 원문 표가 'Common Name | Scientific Name | Family | Toxicity' 네 칸뿐이라 독성 성분·증상·용량·발현 시각 기술이 전혀 없다 — 이 자료의 60행 전부에서 effect·signs·dose·onset 이 빈 것은 원문에 없기 때문이며 채워 넣으면 그대로 환각이 된다. ② 원문에 행동 지시(수의사 연락·내원 등)가 없으므로 triage_level 을 전 행 비웠다. ③ 급여 가부를 말하는 자료가 아니므로 feeding_level 도 전 행 비웠다. ④ 스냅샷이 'Seven Bark'(스냅샷 365행)에서 잘려 S~Z 구간과 무독성 목록이 통째로 빠져 있다(배정표 품질 '부분') — Tulip·Yucca·Snake Plant 등은 원문에 없어 넣지 않았다. ⑤ 배정표 accessed_at(2026-07-31)과 스냅샷 frontmatter(2026-07-30)가 불일치 — 지침대로 배정표 값 사용. ★ 백합은 고양이 급성 신부전의 대표 원인이지만 이 ASPCA 목록은 'Toxic' 표기만 하고 신부전을 언급하지 않아 effect 를 비웠다 — 신부전 기술은 S-010(Cornell) F-010-003 에 있다. 이 목록에 실린 Lilium 속·Hemerocallis 속 항목은 학명 기준 7종 전부(스냅샷 38·123·137·226·250·301·343·355행) F-008-001~007 로 행을 만들었다. 이름에 Lily 가 들어가지만 진성 백합이 아닌 항목도 F-008-008~014·059 로 담았는데, **두 계열만 60행 밖으로 밀렸다** — Adenium obesum(Impala Lily 212행·Kudu Lily 235행, 그리고 Desert Rose 126행·Desert Azalea 125행·Mock Azalea 278행·Sabi Star 357행으로 철쭉과도 이름이 겹친다)과 Cordyline australis(Palm Lily 307행·Grass Palm 190행·Giant Dracaena 177행). 국내 유통이 드물어 뺐으나 '릴리' 질의에서 걸려야 한다고 보면 팀장 판단으로 추가할 것."
F-008-002,S-008,ASPCA,toxicity_plant,cat,아시아틱 릴리,Lilium asiatica,,,,,,,,,,,,,,,독성 식물 목록 (Toxic to Cats) — Asian Lily 항목 (스냅샷 38행),2026-07-31,,ohb,"진성 백합(Lilium 속). 원문 과명 Liliaceae. '아시아틱 릴리'는 화훼 유통명으로, 학술 한국어명이 따로 확립돼 있지 않다 — 학명이 앵커다."
F-008-003,S-008,ASPCA,toxicity_plant,cat,부활절 백합(나팔나리),Lilium longiflorum,,,,,,,,,,,,,,,독성 식물 목록 (Toxic to Cats) — Easter Lily 항목 (스냅샷 137행),2026-07-31,,ohb,진성 백합(Lilium 속). 원문 과명 Liliaceae. 고양이 급성 신부전 사례로 가장 많이 보고되는 종이나 원문에는 'Toxic' 표기뿐이다.
F-008-004,S-008,ASPCA,toxicity_plant,cat,백합류(Japanese Show Lily),Lilium speciosum,,,,,,,,,,,,,,,독성 식물 목록 (Toxic to Cats) — Japanese Show Lily 항목 (스냅샷 226행),2026-07-31,,ohb,진성 백합(Lilium 속). 원문 과명 Liliaceae. 한국어 통용명이 확실치 않아 '백합류' + 원문 영문명을 병기했다. 같은 학명이 'Rubrum Lily'(스냅샷 355행)로 한 번 더 실려 있어 한 행으로 묶었다.
F-008-005,S-008,ASPCA,toxicity_plant,cat,백합류(Red Lily),Lilium umbellatum,,,,,,,,,,,,,,,독성 식물 목록 (Toxic to Cats) — Red Lily 항목 (스냅샷 343행),2026-07-31,,ohb,진성 백합(Lilium 속). 원문 과명 Liliaceae. 한국어 통용명이 확실치 않아 '백합류' + 원문 영문명을 병기했다.
F-008-006,S-008,ASPCA,toxicity_plant,cat,원추리(데이릴리),Hemerocallis spp.,,,,,,,,,,,,,,,독성 식물 목록 (Toxic to Cats) — Day Lilies (many varieties) 항목 (스냅샷 123행),2026-07-31,,ohb,"★ 원문 항목명이 'Day Lilies (many varieties)' 로 여러 품종을 한 줄에 묶고 있다. 원추리속(Hemerocallis)은 Lilium 속이 아니지만 고양이 신부전과 함께 거론되는 계열이라 기준 1에 따라 행을 만들었다. 원문 과명이 Xanthorrhoeaceae 로, 같은 속인 F-008-007(Orange Day Lily)의 Liliaceae 와 **원문 안에서 서로 다르다** — 고치지 않고 원문대로 두었다."
F-008-007,S-008,ASPCA,toxicity_plant,cat,원추리류(Orange Day Lily),Hemerocallis graminea,,,,,,,,,,,,,,,독성 식물 목록 (Toxic to Cats) — Orange Day Lily 항목 (스냅샷 301행),2026-07-31,,ohb,원추리속(Hemerocallis). 한국어 통용명(왕원추리 등)과의 대응이 확실치 않아 '원추리류' + 원문 영문명을 병기했다. 원문 과명이 Liliaceae 로 F-008-006(Xanthorrhoeaceae)과 다르다 — 원문 그대로.
F-008-008,S-008,ASPCA,toxicity_plant,cat,스파티필럼(피스 릴리),Spathiphyllum,,,,,,,,,,,,,,,독성 식물 목록 (Toxic to Cats) — Peace Lily 항목 (스냅샷 313행),2026-07-31,,ohb,★ 이름은 Lily 지만 **진성 백합이 아니다** — 원문 과명이 Araceae(천남성과)로 백합(Liliaceae)과 다르다. 고양이 백합 신부전과 혼동되기 쉬운 대표 항목이라 구분이 검색 결과에 드러나야 한다. 같은 학명이 'Mauna Loa Peace Lily'(스냅샷 267행)로 한 번 더 실려 있어 한 행으로 묶었다.
F-008-009,S-008,ASPCA,toxicity_plant,cat,은방울꽃,Convallaria majalis,,,,,,,,,,,,,,,독성 식물 목록 (Toxic to Cats) — Lily of the Valley 항목 (스냅샷 252행),2026-07-31,,ohb,★ 이름에 Lily 가 들어가지만 **진성 백합이 아니다** — 원문 과명이 Asparagaceae 로 백합(Liliaceae)과 다르다. 원문에 'Lily-of-the-Valley Bush'(스냅샷 253행)라는 별개 항목이 있으나 그것은 Pieris japonica(진달래과)로 전혀 다른 식물이다 — F-008-059 참조.
F-008-010,S-008,ASPCA,toxicity_plant,cat,칼라(카라·칼라 릴리),Zantedeschia aethiopica,,,,,,,,,,,,,,,독성 식물 목록 (Toxic to Cats) — Calla Lily 항목 (스냅샷 79행),2026-07-31,,ohb,★ 이름은 Lily 지만 **진성 백합이 아니다** — 원문 과명이 Araceae 로 백합(Liliaceae)과 다르다. 같은 학명이 Arum Lily(37행)·Florist's Calla(166행)·Garden Calla(170행)·Pig Lily(322행)로 네 번 더 실려 있어 한 행으로 묶었다.
F-008-011,S-008,ASPCA,toxicity_plant,cat,글로리오사(화염백합),Gloriosa superba,,,,,,,,,,,,,,,독성 식물 목록 (Toxic to Cats) — Gloriosa Lily 항목 (스냅샷 182행),2026-07-31,,ohb,★ 이름은 Lily 고 원문 과명도 Liliaceae 로 적혀 있지만 **Lilium 속이 아니다** (현행 분류는 Colchicaceae). 콜키쿰(F-008-056)과 같은 계열로 보는 것이 일반적이나 원문에 그런 기술이 없어 과명은 원문 그대로 두었다 — 팀장 확인. 같은 학명이 'Climbing Lily'(스냅샷 102행)로 한 번 더 실려 있어 한 행으로 묶었다.
F-008-012,S-008,ASPCA,toxicity_plant,cat,군자란(클리비아),Clivia spp.,,,,,,,,,,,,,,,독성 식물 목록 (Toxic to Cats) — Clivia Lily 항목 (스냅샷 104행),2026-07-31,,ohb,"★ 이름은 Lily 지만 **진성 백합이 아니다** — 원문 과명이 Amaryllidaceae(수선화과)다. 원문에 'Kaffir Lily | Clivia minata'(스냅샷 231행)가 따로 실려 있다(원문 철자 minata, 정식은 miniata로 보이나 고치지 않았다)."
F-008-013,S-008,ASPCA,toxicity_plant,cat,아마릴리스(히페아스트룸),Hippeastrum spp.,,,,,,,,,,,,,,,독성 식물 목록 (Toxic to Cats) — Barbados Lily 항목 (스냅샷 45행),2026-07-31,,ohb,"★ 이름은 Lily 지만 **진성 백합이 아니다** — 원문 과명이 Amaryllidaceae 다. 국내에서 '아마릴리스'로 유통되는 화분 구근이 대부분 이 속이며, 원문에는 별도로 'Amaryllis | Amaryllis spp.'(스냅샷 25행) 항목이 또 있다(F-008-038) — 두 항목은 학명이 다르므로 행을 나눴다. 같은 학명이 Fire Lily(161행)·Lily of the Palace(251행)·Ridderstjerne(350행)로 세 번 더 실려 있다."
F-008-014,S-008,ASPCA,toxicity_plant,cat,비비추(호스타),Hosta plantaginea,,,,,,,,,,,,,,,독성 식물 목록 (Toxic to Cats) — Plantain Lily 항목 (스냅샷 326행),2026-07-31,,ohb,★ 이름은 Lily 지만 진성 백합이 아니다. 원문 과명은 Liliaceae 로 적혀 있다(현행 분류는 Asparagaceae) — 원문 그대로 두었다. 원문에 'Hosta | Hosta plataginea'(스냅샷 208행)가 따로 실려 있는데 학명 철자가 plataginea 로 이 행(plantaginea)과 **원문 안에서 어긋난다** — 고치지 않았다.
F-008-015,S-008,ASPCA,toxicity_plant,cat,알로에(알로에 베라),Aloe vera,,,,,,,,,,,,,,,독성 식물 목록 (Toxic to Cats) — Aloe 항목 (스냅샷 24행),2026-07-31,,ohb,"★ 골든셋 대응 필수 항목. 이전 판(15행)에서 누락돼 '코퍼스에 없다'로 오판될 뻔했다. 원문 과명이 Liliaceae 로 적혀 있는데, 같은 알로에인 F-008-016(Barbados Aloe)은 Aloaceae 로 **원문 안에서 과명이 갈린다** — 고치지 않고 원문대로 두었다. 원문에는 학명 없이 과명만 Aloaceae 로 적힌 'Medicine Plant | Not specified'(스냅샷 271행)도 있는데, 통상 알로에의 다른 이름이지만 원문이 학명을 밝히지 않아 별도 행으로 만들지 않았다 — 팀장 확인."
F-008-016,S-008,ASPCA,toxicity_plant,cat,바베이도스 알로에,Aloe barbadensis,,,,,,,,,,,,,,,독성 식물 목록 (Toxic to Cats) — Barbados Aloe 항목 (스냅샷 44행),2026-07-31,,ohb,"★ 원문이 Aloe vera(스냅샷 24행)와 별개 항목·별개 학명·별개 과명(Aloaceae)으로 싣고 있어 행을 나눴다. 두 학명은 실제로는 같은 종의 이명으로 취급되는 경우가 많으나, 원문이 구분해 두었으므로 병합하지 않았다 — 검색 시 '알로에' 질의에 두 행이 함께 걸려야 한다."
F-008-017,S-008,ASPCA,toxicity_plant,cat,디펜바키아(덤케인),Dieffenbachia,,,,,,,,,,,,,,,독성 식물 목록 (Toxic to Cats) — Dieffenbachia 항목 (스냅샷 129행),2026-07-31,,ohb,원문 과명 Araceae. 같은 속이 Dumbcane(135행)·Charming Dieffenbachia(91행)·Giant Dumb Cane(178행)·Gold Dieffenbachia(183행)·Exotica(151행)로 다섯 번 더 실려 있어 대표 1행으로 묶었다(D-34).
F-008-018,S-008,ASPCA,toxicity_plant,cat,스킨답서스(골든 포토스),Epipremnum aureum,,,,,,,,,,,,,,,독성 식물 목록 (Toxic to Cats) — Golden Pothos 항목 (스냅샷 186행),2026-07-31,,ohb,"원문 과명 Araceae. 같은 학명이 Devils Ivy(128행)·Ivy Arum(223행)으로 두 번 더 실려 있어 한 행으로 묶었다. 원문에는 별개 학명의 사틴 포토스(Scindapsus pictus, 361행)와 Marble Queen(Scindapsus aureus, 264행)도 있으나 60행 범위에 넣지 않았다."
F-008-019,S-008,ASPCA,toxicity_plant,cat,몬스테라,Monstera deliciosa,,,,,,,,,,,,,,,독성 식물 목록 (Toxic to Cats) — Ceriman 항목 (스냅샷 88행),2026-07-31,,ohb,원문 과명 Araceae. 같은 학명이 Cutleaf Philodendron(117행)·Hurricane Plant(209행)·Mexican Breadfruit(273행)·Mother-in-Law(284행)로 네 번 더 실려 있어 한 행으로 묶었다. 원문 표제어가 'Monstera'가 아니라 'Ceriman'이라 한국어 통용명(몬스테라)으로 적었다.
F-008-020,S-008,ASPCA,toxicity_plant,cat,필로덴드론,Philodendron spp,,,,,,,,,,,,,,,독성 식물 목록 (Toxic to Cats) — Philodendron Pertusum 항목 (스냅샷 319행),2026-07-31,,ohb,원문 과명 Araceae. 속 단위 항목이다. 원문에 Philodendron bipennifolium 계열(Fiddle-Leaf 158행·Horsehead 205행·Panda Plant 308행·Red Emerald 342행·Red Princess 344행·Saddle Leaf 359행)과 Philodendron selloum(237행)·Philodendron oxycardium(111행)이 종 단위로 더 실려 있으나 D-34 에 따라 대표 행으로 묶었다.
F-008-021,S-008,ASPCA,toxicity_plant,cat,하트리프 필로덴드론,Philodendron hederaceum,,,,,,,,,,,,,,,독성 식물 목록 (Toxic to Cats) — Heartleaf Philodendron 항목 (스냅샷 198행),2026-07-31,,ohb,원문 과명 Araceae. 국내 실내 재배가 가장 흔한 필로덴드론이라 속 대표 행(F-008-020)과 별도로 남겼다.
F-008-022,S-008,ASPCA,toxicity_plant,cat,산세베리아,Sansevieria trifasciata,,,,,,,,,,,,,,,독성 식물 목록 (Toxic to Cats) — Mother-in-Law's Tongue 항목 (스냅샷 286행),2026-07-31,,ohb,원문 과명 Agavaceae. 같은 학명이 'Golden Birds Nest'(스냅샷 185행)로 한 번 더 실려 있다. 원문 표제어에 'Snake Plant'는 없다 — 스냅샷이 'Seven Bark'에서 잘려 S 이후 항목이 빠졌기 때문이다. 같은 이유로 Yucca(유카)도 원문에 없어 행을 만들지 않았다.
F-008-023,S-008,ASPCA,toxicity_plant,cat,아이비(잉글리시 아이비),Hedera helix,,,,,,,,,,,,,,,독성 식물 목록 (Toxic to Cats) — English Ivy 항목 (스냅샷 145행),2026-07-31,,ohb,원문 과명 Araliaceae. 같은 학명이 Branching Ivy(66행)·California Ivy(78행)·Glacier Ivy(180행)·Needlepoint Ivy(292행)·Hahn's Self Branching English Ivy(195행)로 다섯 번 더 실려 있어 한 행으로 묶었다.
F-008-024,S-008,ASPCA,toxicity_plant,cat,아스파라거스 고사리,Asparagus densiflorus cv sprengeri,,,,,,,,,,,,,,,독성 식물 목록 (Toxic to Cats) — Asparagus Fern 항목 (스냅샷 39행),2026-07-31,,ohb,"원문 과명 Liliaceae. 같은 학명이 Lace Fern(236행)·Plumosa Fern(328행)·Racemose asparagus(339행)로 세 번 더, 변종명 없는 Asparagus densiflorus 가 Emerald Feather(143행)로 한 번 더 실려 있어 한 행으로 묶었다."
F-008-025,S-008,ASPCA,toxicity_plant,cat,드라세나,Dracaena spp.,,,,,,,,,,,,,,,독성 식물 목록 (Toxic to Cats) — Dracaena 항목 (스냅샷 134행),2026-07-31,,ohb,원문 과명 Agavaceae. 속 단위 항목이다. 같은 학명이 'Ribbon Plant'(스냅샷 349행)로 한 번 더 실려 있다.
F-008-026,S-008,ASPCA,toxicity_plant,cat,행운목(드라세나 프라그란스),Dracaena fragrans,,,,,,,,,,,,,,,독성 식물 목록 (Toxic to Cats) — Corn Plant 항목 (스냅샷 112행),2026-07-31,,ohb,★ 같은 학명이 'Cornstalk Plant'(스냅샷 113행)로 바로 다음 줄에 또 나오는데 과명이 Asparagaceae(112행) / Agavaceae(113행)로 **원문 안에서 어긋난다** — 고치지 않고 첫 항목(112행)의 값을 기준으로 삼았다.
F-008-027,S-008,ASPCA,toxicity_plant,cat,드라세나 마지나타,Dracaena marginata,,,,,,,,,,,,,,,독성 식물 목록 (Toxic to Cats) — Madagascar Dragon Tree 항목 (스냅샷 259행),2026-07-31,,ohb,★ 같은 학명이 'Red-Marginated Dracaena'(스냅샷 345행)로 한 번 더 나오는데 과명이 Asparagaceae(259행) / Agavaceae(345행)로 **원문 안에서 어긋난다** — 원문 그대로 두었다.
F-008-028,S-008,ASPCA,toxicity_plant,cat,안스리움,Anthurium scherzeranum,,,,,,,,,,,,,,,독성 식물 목록 (Toxic to Cats) — Flamingo Flower 항목 (스냅샷 163행),2026-07-31,,ohb,원문 과명 Araceae. 같은 학명이 Oilcloth Flower(297행)·Painter's Pallette(306행)·Pigtail Plant(323행)로 세 번 더 실려 있어 한 행으로 묶었다. 원문 표제어에 'Anthurium'은 없어 한국어 통용명으로 적었다.
F-008-029,S-008,ASPCA,toxicity_plant,cat,칼라디움,Caladium hortulanum,,,,,,,,,,,,,,,독성 식물 목록 (Toxic to Cats) — Caladium 항목 (스냅샷 76행),2026-07-31,,ohb,"원문 과명 Araceae. 같은 학명이 'Elephant Ears (Caladium hortulanum)'(스냅샷 140행)로 한 번 더 실려 있다. 원문이 '코끼리 귀'라는 이름을 Colocasia esculenta(141행, F-008-030)와 **나눠 쓰고 있으므로** 두 행을 구분해야 한다."
F-008-030,S-008,ASPCA,toxicity_plant,cat,토란(콜로카시아),Colocasia esculenta,,,,,,,,,,,,,,,독성 식물 목록 (Toxic to Cats) — Elephant Ears (Colocasia esculenta) 항목 (스냅샷 141행),2026-07-31,,ohb,원문 과명 Araceae. 같은 학명이 'Malanga'(스냅샷 260행)로 한 번 더 실려 있다. F-008-029(Caladium)와 영문 통용명 'Elephant Ears'가 겹치므로 원문이 괄호로 학명을 붙여 구분했다 — 그 구분을 그대로 옮겼다.
F-008-031,S-008,ASPCA,toxicity_plant,cat,알로카시아,Alocasia spp.,,,,,,,,,,,,,,,독성 식물 목록 (Toxic to Cats) — Alocasia 항목 (스냅샷 23행),2026-07-31,,ohb,원문 과명 Araceae.
F-008-032,S-008,ASPCA,toxicity_plant,cat,아글라오네마,Aglaonema modestum,,,,,,,,,,,,,,,독성 식물 목록 (Toxic to Cats) — Chinese Evergreen 항목 (스냅샷 94행),2026-07-31,,ohb,원문 과명 Araceae. 원문 표제어는 'Chinese Evergreen'이며 'Aglaonema'라는 표기는 없다 — 국내 유통명으로 적었다.
F-008-033,S-008,ASPCA,toxicity_plant,cat,싱고니움,Syngonium podophyllum,,,,,,,,,,,,,,,독성 식물 목록 (Toxic to Cats) — Arrow-Head Vine 항목 (스냅샷 35행),2026-07-31,,ohb,원문 과명 Araceae. 같은 학명이 Green Gold Naphthysis(192행)·Nephthytis(293행)로 두 번 더 실려 있어 한 행으로 묶었다. 원문 표제어에 'Syngonium'은 없어 국내 유통명으로 적었다.
F-008-034,S-008,ASPCA,toxicity_plant,cat,염자(제이드 플랜트),Crassula argentea,,,,,,,,,,,,,,,독성 식물 목록 (Toxic to Cats) — Jade Plant 항목 (스냅샷 225행),2026-07-31,,ohb,원문 과명 Crassulaceae. 원문에 별개 학명의 'Chinese Jade | Crassula arborescens'(스냅샷 95행)가 따로 있다.
F-008-035,S-008,ASPCA,toxicity_plant,cat,쉐플레라(홍콩야자),Schefflera,,,,,,,,,,,,,,,독성 식물 목록 (Toxic to Cats) — Schefflera 항목 (스냅샷 363행),2026-07-31,,ohb,"원문 과명 Araliaceae. 원문 학명 칸이 속명 'Schefflera' 한 단어뿐이다 — 그대로 옮겼다. 관련 항목으로 Australian Ivy Palm(Brassaia actinophylla, 40행)과 Octopus Tree(Schefflera or Brassia actinoplylla, 296행)가 있는데 296행 학명은 'Schefflera or Brassia actinoplylla'라는 서술형·오타형 표기라 인용하지 않았다."
F-008-036,S-008,ASPCA,toxicity_plant,cat,벤자민 고무나무,Ficus benjamina,,,,,,,,,,,,,,,독성 식물 목록 (Toxic to Cats) — Fig 항목 (스냅샷 159행),2026-07-31,,ohb,원문 과명 Moraceae. 같은 학명이 'Indian Rubber Plant'(스냅샷 219행)로 한 번 더 실려 있다. 원문 표제어 'Fig'는 식용 무화과(Ficus carica)가 아니라 관엽수인 Ficus benjamina 를 가리킨다 — 학명으로 확인할 것.
F-008-037,S-008,ASPCA,toxicity_plant,cat,포인세티아,Euphorbia pulcherrima,,,,,,,,,,,,,,,독성 식물 목록 (Toxic to Cats) — Poinsettia 항목 (스냅샷 330행),2026-07-31,,ohb,원문 과명 Euphorbiaceae. 원문은 다른 항목과 똑같이 'Toxic' 표기만 하고 독성 강도를 구분하지 않는다 — 위험도 비교는 이 자료로 할 수 없다.
F-008-038,S-008,ASPCA,toxicity_plant,cat,아마릴리스,Amaryllis spp.,,,,,,,,,,,,,,,독성 식물 목록 (Toxic to Cats) — Amaryllis 항목 (스냅샷 25행),2026-07-31,,ohb,★ 원문 과명 Amaryllidaceae. 같은 학명이 'Naked Lady'(스냅샷 288행)로 한 번 더 실려 있다. 국내에서 '아마릴리스'로 파는 구근은 대개 Hippeastrum 속(F-008-013)이라 학명이 다르다 — 두 행을 함께 봐야 한다.
F-008-039,S-008,ASPCA,toxicity_plant,cat,시클라멘,Cyclamen spp,,,,,,,,,,,,,,,독성 식물 목록 (Toxic to Cats) — Cyclamen 항목 (스냅샷 119행),2026-07-31,,ohb,원문 과명 Primulaceae.
F-008-040,S-008,ASPCA,toxicity_plant,cat,칼랑코에,Kalanchoe spp,,,,,,,,,,,,,,,독성 식물 목록 (Toxic to Cats) — Kalanchoe 항목 (스냅샷 232행),2026-07-31,,ohb,원문 과명 Crassulaceae. 원문에 Kalanchoe tubiflora 가 Chandelier Plant(90행)·Devil's Backbone(127행)·Mother of Millions(283행)·Mother-In-Law Plant(285행)로 네 번 실려 있으나 학명이 달라 별도 행으로 만들지 않았다(D-34).
F-008-041,S-008,ASPCA,toxicity_plant,cat,히아신스,Hyacinthus orientalis,,,,,,,,,,,,,,,독성 식물 목록 (Toxic to Cats) — Hyacinth 항목 (스냅샷 210행),2026-07-31,,ohb,원문 과명 Liliaceae. 같은 학명이 'Garden Hyacinth'(스냅샷 172행)로 한 번 더 실려 있다. 같은 구근 화훼인 튤립(Tulip)은 스냅샷이 'Seven Bark'에서 잘려 원문에 없다 — S-010(F-010-006)에 이름만 있고 학명은 대조 불가.
F-008-042,S-008,ASPCA,toxicity_plant,cat,수선화,Narcissus spp,,,,,,,,,,,,,,,독성 식물 목록 (Toxic to Cats) — Daffodil 항목 (스냅샷 120행),2026-07-31,,ohb,"원문 과명 Amaryllidaceae. 같은 학명이 Narcissus(290행)·Paper White(309행)로 두 번 더, 근연종 Narcissus jonquilla 가 Jonquil(230행)로 실려 있다."
F-008-043,S-008,ASPCA,toxicity_plant,cat,국화,Chrysanthemum spp.,,,,,,,,,,,,,,,독성 식물 목록 (Toxic to Cats) — Chrysanthemum 항목 (스냅샷 99행),2026-07-31,,ohb,"원문 과명 Compositae. 같은 학명이 'Mum'(스냅샷 287행)으로, 속명 표기가 다른 Chrysanthemum species 가 'Daisy'(122행)로 실려 있어 한 행으로 묶었다."
F-008-044,S-008,ASPCA,toxicity_plant,cat,카네이션,Dianthus caryophyllus,,,,,,,,,,,,,,,독성 식물 목록 (Toxic to Cats) — Carnation 항목 (스냅샷 85행),2026-07-31,,ohb,"원문 과명 Caryophyllaceae. 같은 학명이 'Pinks'(스냅샷 325행)로, 속 단위 Dianthus spp. 가 'Eastern Star'(139행)로 실려 있다."
F-008-045,S-008,ASPCA,toxicity_plant,cat,글라디올러스,Gladiolus species,,,,,,,,,,,,,,,독성 식물 목록 (Toxic to Cats) — Gladiola 항목 (스냅샷 181행),2026-07-31,,ohb,원문 과명 Iridaceae.
F-008-046,S-008,ASPCA,toxicity_plant,cat,붓꽃(아이리스),Iris species,,,,,,,,,,,,,,,독성 식물 목록 (Toxic to Cats) — Iris 항목 (스냅샷 221행),2026-07-31,,ohb,"원문 과명 Iridaceae. 같은 학명이 'Flag'(스냅샷 162행)로, 근연종 Iris spuria 가 'Butterfly Iris'(75행)로 실려 있다."
F-008-047,S-008,ASPCA,toxicity_plant,cat,크리스마스 로즈(헬레보루스),Helleborus niger,,,,,,,,,,,,,,,독성 식물 목록 (Toxic to Cats) — Christmas Rose 항목 (스냅샷 98행),2026-07-31,,ohb,원문 과명 Ranunculaceae. 같은 학명이 Easter Rose(138행)·Hellebore(200행)·Lenten Rose(249행)로 세 번 더 실려 있어 한 행으로 묶었다.
F-008-048,S-008,ASPCA,toxicity_plant,cat,겨우살이(미국 겨우살이),Phoradendron flavescens,,,,,,,,,,,,,,,"독성 식물 목록 (Toxic to Cats) — Mistletoe ""American"" 항목 (스냅샷 277행)",2026-07-31,,ohb,원문 과명 Viscaceae. 원문 표제어에 큰따옴표가 들어 있어 그대로 옮겼다. 유럽종 겨우살이(Viscum album)는 원문에 없다.
F-008-049,S-008,ASPCA,toxicity_plant,cat,호랑가시나무(미국 홀리),Ilex opaca,,,,,,,,,,,,,,,독성 식물 목록 (Toxic to Cats) — American Holly 항목 (스냅샷 28행),2026-07-31,,ohb,"원문 과명 Aquifoliaceae. 같은 학명이 Holly(203행)·Inkberry(220행)·Oregon Holly(303행)로 세 번 더, 근연종 Ilex aquifolium 이 English Holly(144행)·European Holly(150행)로 실려 있다."
F-008-050,S-008,ASPCA,toxicity_plant,cat,진달래·철쭉류(로도덴드론),Rhododendron spp,,,,,,,,,,,,,,,독성 식물 목록 (Toxic to Cats) — Rhododendron 항목 (스냅샷 347행),2026-07-31,,ohb,원문 과명 Ericaceae. 같은 학명이 Azalea(42행)·Rosebay(354행)로 두 번 더 실려 있어 한 행으로 묶었다.
F-008-051,S-008,ASPCA,toxicity_plant,cat,협죽도,Nerium oleander,,,,,,,,,,,,,,,독성 식물 목록 (Toxic to Cats) — Oleander 항목 (스냅샷 298행),2026-07-31,,ohb,원문 과명 Apocynaceae.
F-008-052,S-008,ASPCA,toxicity_plant,cat,주목(일본주목),Taxus sp.,,,,,,,,,,,,,,,독성 식물 목록 (Toxic to Cats) — Japanese Yew 항목 (스냅샷 227행),2026-07-31,,ohb,"원문 과명 Taxaceae. 원문에 American Yew(Taxus canadensus, 30행)·English Yew(Taxus baccata, 146행)·Pacific Yew(Taxus brevifolia, 305행)가 따로 있으나 같은 속이라 대표 1행만 만들었다(D-34). 개 쪽 F-019-013 은 English Yew(Taxus baccata)로 잡혀 있어 학명이 다르다 — 병합 시 확인."
F-008-053,S-008,ASPCA,toxicity_plant,cat,소철(사고팜),"Cycas revoluta, zamia species",,,,,,,,,,,,,,,독성 식물 목록 (Toxic to Cats) — Sago Palm 항목 (스냅샷 360행),2026-07-31,,ohb,"원문 학명 칸에 쉼표가 든 서술형 표기('Cycas revoluta, zamia species')라 그대로 옮겼다. 원문에 Cycads(Cycas and Zamia species, 118행)·Cardboard Cycad(Zamia furfuracea, 82행)·Cardboard Palm(Zamia spp., 83행)·Coontie Palm(Zamia pumila, 109행)·Fern Palm(Zamia spp., 155행)이 더 있으나 대표 1행으로 묶었다."
F-008-054,S-008,ASPCA,toxicity_plant,cat,디기탈리스(폭스글로브),Digitalis purpurea,,,,,,,,,,,,,,,독성 식물 목록 (Toxic to Cats) — Foxglove 항목 (스냅샷 167행),2026-07-31,,ohb,원문 과명이 'Scrophalariaceae'로 적혀 있다 — 통상 표기 Scrophulariaceae 의 오식으로 보이나 고치지 않았다.
F-008-055,S-008,ASPCA,toxicity_plant,cat,수국(미국수국),Hydrangea arborescens,,,,,,,,,,,,,,,독성 식물 목록 (Toxic to Cats) — Hydrangea 항목 (스냅샷 211행),2026-07-31,,ohb,원문 과명 Hydrangeaceae. 같은 학명이 Hills of Snow(202행)·Hortensia(207행)·Seven Bark(365행)로 세 번 더 실려 있어 한 행으로 묶었다. Seven Bark 는 스냅샷의 **마지막 줄**이며 여기서 추출이 끊겼다.
F-008-056,S-008,ASPCA,toxicity_plant,cat,콜키쿰(가을크로커스),Colchicum autumnale,,,,,,,,,,,,,,,독성 식물 목록 (Toxic to Cats) — Autumn Crocus 항목 (스냅샷 41행),2026-07-31,,ohb,원문 과명 Liliaceae(현행 분류는 Colchicaceae) — 원문 그대로. 같은 학명이 'Meadow Saffron'(스냅샷 270행)으로 한 번 더 실려 있다.
F-008-057,S-008,ASPCA,toxicity_plant,cat,피마자(아주까리),Ricinus communis,,,,,,,,,,,,,,,독성 식물 목록 (Toxic to Cats) — Castor Bean Plant 항목 (스냅샷 86행),2026-07-31,,ohb,"★ 같은 학명이 African Wonder Tree(22행, 과명 'Not specified')·Mole Bean Plant(279행, 과명 'Euphobiaceae' — Euphorbiaceae 오식)로 두 번 더 실려 있고 세 항목의 과명 표기가 **원문 안에서 제각각이다**. 이 행은 정식 표기인 86행(Euphorbiaceae)을 기준으로 삼았다."
F-008-058,S-008,ASPCA,toxicity_plant,cat,남천,Nandina domestica,,,,,,,,,,,,,,,독성 식물 목록 (Toxic to Cats) — Heavenly Bamboo 항목 (스냅샷 199행),2026-07-31,,ohb,원문 과명 Berberidaceae. 같은 학명이 Nandina(289행)·Sacred Bamboo(358행)로 두 번 더 실려 있다.
F-008-059,S-008,ASPCA,toxicity_plant,cat,마취목(피어리스),Pieris japonica,,,,,,,,,,,,,,,독성 식물 목록 (Toxic to Cats) — Andromeda Japonica 항목 (스냅샷 31행),2026-07-31,,ohb,"원문 과명 Ericaceae. 같은 학명이 'Lily-of-the-Valley Bush'(스냅샷 253행)·'Pieris'(321행)로 두 번 더 실려 있다. ★ 253행의 이름 때문에 은방울꽃(Convallaria majalis, F-008-009)과 혼동되기 쉬우나 **과가 전혀 다른 별개 식물**이다."
F-008-060,S-008,ASPCA,toxicity_plant,cat,나팔꽃,Ipomoea spp,,,,,,,,,,,,,,,독성 식물 목록 (Toxic to Cats) — Morning Glory 항목 (스냅샷 280행),2026-07-31,,ohb,원문 과명 Convolvulaceae.
F-019-001,S-019,ASPCA,toxicity_plant,dog,소철(사고팜),"Cycas revoluta, zamia species",,,,,,,,,,,,,,,독성 식물 목록 (Toxic to Dogs) — Sago Palm 항목 (스냅샷 691행),2026-07-31,,ohb,"★ 이 자료 전체에 대한 메모(대표 행에 남긴다). ① 원문 목록이 '이름 (이명) | 학명 | 과명' 세 칸뿐이라 독성 성분·증상·용량·발현 시각 기술이 전혀 없다 — 이 자료의 60행 전부에서 effect·signs·dose·onset 이 빈 것은 원문에 없기 때문이며 채워 넣으면 그대로 환각이 된다. ② 원문에 행동 지시(수의사 연락·내원 등)가 없으므로 triage_level 을 전 행 비웠다. ③ 급여 가부를 말하는 자료가 아니므로 feeding_level 도 전 행 비웠다. ④ 스냅샷이 'Showy Daisy'(스냅샷 707행)에서 잘려 S~Z 구간과 Non-Toxic 목록이 통째로 빠져 있다(배정표 품질 '부분') — Tulip(튤립)·Yucca(유카)·Wandering Jew 등 S~Z 표제어는 원문에 없어 넣지 않았다. 산세베리아만은 'Mother-in-Law's Tongue'(547행) 이명에 Snake Plant 가 들어 있어 잡혔다(F-019-021). ⑤ 배정표 accessed_at(2026-07-31)과 스냅샷 frontmatter(2026-07-30)가 불일치 — 지침대로 배정표 값 사용. ★ 소철(이 행): 개 급성 간부전의 대표 사례로 알려져 있으나 이 ASPCA 목록은 다른 항목과 똑같이 'Toxic to Dogs' 로만 등재하고 간부전도 독성 성분(cycasin)도 언급하지 않는다 — effect 를 비웠다. 원문에 Cycads(215행)·Cardboard Cycad(145행)·Cardboard Palm(147행)·Coontie Palm(197행)·Fern Palm(285행)이 더 있으나 대표 1행으로 묶었다(D-34). ★ 진성 백합(Lilium 속)과 원추리(Hemerocallis 속)는 이 개 목록에 **한 항목도 등재돼 있지 않다** — 고양이 목록 S-008 에는 7종이 있다(F-008-001~007). 절단 구간(S~Z) 문제가 아니라 L 구간이 온전한데도 없는 것이므로 ASPCA 가 개 목록에서 제외한 것으로 보이나 원문이 그 이유를 밝히지 않는다 — 없는 종을 채우지 않았다. F-019-007~013 은 이름에 Lily 가 들어가지만 진성 백합이 아닌 항목이며, 각 행 note 에 고양이와 위험도가 다르다는 점을 적었다. ★ 60행 밖으로 밀린 것(S-008 과 같은 기준): Adenium obesum(Impala Lily 401행·Kudu Lily 445행·Desert Rose 229행·Desert Azalea 227행·Mock Azalea 531행·Sabi Star 685행), Cordyline australis(Palm Lily 587행·Grass Palm 355행·Giant Dracaena 329행), Cordyline terminalis(Baby Doll Ti Plant 65행), Scindapsus pictus(Satin Pothos 693행), Pelargonium species(Geranium 325행), Lantana camara(455행), Buxus spp.(111행), Philodendron bipennifolium 계열(291·387·589·659·661·689행), Philodendron selloum(449행). 팀장 판단으로 추가할 것. ★ 원문 자체의 오식으로 보이는 것: 'Hawaiian Ti'(369행)는 학명 칸에 학명이 아니라 통용명 'Giant Dracaena' 가 들어가 있다. 고치지 않았고 행도 만들지 않았다."
F-019-002,S-019,ASPCA,toxicity_plant,dog,마카다미아,Macadamia integrifolia,,,,,,,,,,,,,,,독성 식물 목록 (Toxic to Dogs) — Macadamia Nut 항목 (스냅샷 491행),2026-07-31,,ohb,★ 개에서 특히 문제되는 항목. 원문 과명 Proteaceae. 같은 학명이 Australian Nut(59행)·Queensland Nut(651행)로 두 번 더 실려 있어 한 행으로 묶었다. 개 마카다미아 중독의 후지 무력·고열 기술은 이 목록에 없다 — 원문은 'Toxic to Dogs' 표기뿐이라 effect·signs 를 비웠다.
F-019-003,S-019,ASPCA,toxicity_plant,dog,양파,Allium cepa,,,,,,,,,,,,,,,독성 식물 목록 (Toxic to Dogs) — Onion 항목 (스냅샷 573행),2026-07-31,,ohb,★ 개에서 특히 문제되는 항목. 원문 과명 Liliaceae(ASPCA 표기 그대로. 현행 분류는 Amaryllidaceae) — 고치지 않았다. 식품이지만 이 자료가 식물 목록이므로 doc_type 은 toxicity_plant 로 두었다 — 용혈성 빈혈 기술과 용량은 이 목록에 없고 식품 쪽 자료에서 와야 한다.
F-019-004,S-019,ASPCA,toxicity_plant,dog,마늘,Allium sativum,,,,,,,,,,,,,,,독성 식물 목록 (Toxic to Dogs) — Garlic 항목 (스냅샷 323행),2026-07-31,,ohb,"★ 개에서 특히 문제되는 항목. 원문 과명 Liliaceae(ASPCA 표기 그대로) — 고치지 않았다. 원문에 같은 속인 Chives(Allium schoenoprasum, 171행, 과명 Amaryllidaceae)·Leek(Allium ampeloprasum, 465행, 과명 Liliaceae)가 따로 있는데 **같은 속인데 과명 표기가 원문 안에서 갈린다** — 원문 그대로 두었다. 양파(F-019-003)와 함께 볼 것."
F-019-005,S-019,ASPCA,toxicity_plant,dog,대마(마리화나),Cannabis sativa,,,,,,,,,,,,,,,독성 식물 목록 (Toxic to Dogs) — Marijuana 항목 (스냅샷 505행),2026-07-31,,ohb,"★ 개에서 특히 문제되는 항목. 원문 과명 Cannabaceae. 같은 학명이 Hashish(367행)·Indian Hemp (Cannabis sativa)(411행)로 두 번 더 실려 있어 한 행으로 묶었다. 원문에 'Indian Hemp'라는 이름이 전혀 다른 식물(Apocynum androsaemifolium, 409행)에도 쓰이고 있어 이름만으로 검색하면 섞인다."
F-019-006,S-019,ASPCA,toxicity_plant,dog,홉,Humulus lupulus,,,,,,,,,,,,,,,독성 식물 목록 (Toxic to Dogs) — Hops 항목 (스냅샷 383행),2026-07-31,,ohb,★ 개에서 특히 문제되는 항목(수제맥주 원료·악성 고열 사례로 알려져 있다). 원문 과명이 'Cannabidaceae'로 적혀 있다 — 통상 표기 Cannabaceae 의 오식으로 보이나 고치지 않았다. 같은 목록의 Cannabis sativa(505행)는 'Cannabaceae'로 적혀 있어 **원문 안에서 표기가 어긋난다**. 고열·헐떡임 기술은 이 목록에 없다.
F-019-007,S-019,ASPCA,toxicity_plant,dog,스파티필럼(피스 릴리),Spathiphyllum,,,,,,,,,,,,,,,독성 식물 목록 (Toxic to Dogs) — Peace Lily 항목 (스냅샷 599행),2026-07-31,,ohb,"이름은 Lily 지만 **진성 백합이 아니다** — 원문 과명이 Araceae(천남성과)다. 같은 학명이 'Mauna Loa Peace Lily'(509행)로 한 번 더 실려 있어 한 행으로 묶었다. 원문 학명 칸이 속명 'Spathiphyllum' 한 단어뿐이라 그대로 옮겼다. ★ 개와 고양이의 위험도가 다르다 — 고양이에서 급성 신부전을 일으키는 진성 백합(Lilium 속)·원추리(Hemerocallis 속)는 이 개 목록에 아예 없고, 이 행은 이름만 Lily 인 별개 식물이다. 종 혼동이 실제 위험이므로 두 목록을 함께 볼 것."
F-019-008,S-019,ASPCA,toxicity_plant,dog,은방울꽃,Convallaria majalis,,,,,,,,,,,,,,,독성 식물 목록 (Toxic to Dogs) — Lily of the Valley 항목 (스냅샷 477행),2026-07-31,,ohb,"이름에 Lily 가 들어가지만 **진성 백합이 아니다** — 원문 과명이 Asparagaceae 다. 원문에 'Lily-of-the-Valley Bush'(479행)라는 별개 항목이 있으나 그것은 Pieris japonica(진달래과)로 전혀 다른 식물이다 — F-019-059 참조. ★ 개와 고양이의 위험도가 다르다 — 고양이에서 급성 신부전을 일으키는 진성 백합(Lilium 속)·원추리(Hemerocallis 속)는 이 개 목록에 아예 없고, 이 행은 이름만 Lily 인 별개 식물이다. 종 혼동이 실제 위험이므로 두 목록을 함께 볼 것."
F-019-009,S-019,ASPCA,toxicity_plant,dog,칼라(카라·칼라 릴리),Zantedeschia aethiopica,,,,,,,,,,,,,,,독성 식물 목록 (Toxic to Dogs) — Arum Lily 항목 (스냅샷 53행),2026-07-31,,ohb,"이름은 Lily 지만 **진성 백합이 아니다** — 원문 과명이 Araceae 다. 같은 학명이 Calla Lily(139행)·Florist's Calla(307행)·Garden Calla(315행)·Pig Lily(617행)로 네 번 더 실려 있어 한 행으로 묶었다(대표 표제어는 알파벳 순 첫 항목인 Arum Lily). ★ 개와 고양이의 위험도가 다르다 — 고양이에서 급성 신부전을 일으키는 진성 백합(Lilium 속)·원추리(Hemerocallis 속)는 이 개 목록에 아예 없고, 이 행은 이름만 Lily 인 별개 식물이다. 종 혼동이 실제 위험이므로 두 목록을 함께 볼 것."
F-019-010,S-019,ASPCA,toxicity_plant,dog,글로리오사(화염백합),Gloriosa superba,,,,,,,,,,,,,,,독성 식물 목록 (Toxic to Dogs) — Gloriosa Lily 항목 (스냅샷 339행),2026-07-31,,ohb,"이름은 Lily 고 원문 과명도 Liliaceae 로 적혀 있지만 **Lilium 속이 아니다**(현행 분류는 Colchicaceae). 콜키쿰(F-019-056)과 같은 계열로 보는 것이 일반적이나 원문에 그런 기술이 없어 과명은 원문 그대로 두었다 — 팀장 확인. 같은 학명이 'Climbing Lily'(183행)로 한 번 더 실려 있어 한 행으로 묶었다. ★ 개와 고양이의 위험도가 다르다 — 고양이에서 급성 신부전을 일으키는 진성 백합(Lilium 속)·원추리(Hemerocallis 속)는 이 개 목록에 아예 없고, 이 행은 이름만 Lily 인 별개 식물이다. 종 혼동이 실제 위험이므로 두 목록을 함께 볼 것."
F-019-011,S-019,ASPCA,toxicity_plant,dog,군자란(클리비아),Clivia spp.,,,,,,,,,,,,,,,독성 식물 목록 (Toxic to Dogs) — Clivia Lily 항목 (스냅샷 187행),2026-07-31,,ohb,"이름은 Lily 지만 **진성 백합이 아니다** — 원문 과명이 Amaryllidaceae(수선화과)다. 원문에 'Kaffir Lily | Clivia minata'(437행)가 따로 실려 있다(원문 철자 minata, 정식은 miniata 로 보이나 고치지 않았다 — S-008 F-008-012 와 같은 오식). ★ 개와 고양이의 위험도가 다르다 — 고양이에서 급성 신부전을 일으키는 진성 백합(Lilium 속)·원추리(Hemerocallis 속)는 이 개 목록에 아예 없고, 이 행은 이름만 Lily 인 별개 식물이다. 종 혼동이 실제 위험이므로 두 목록을 함께 볼 것."
F-019-012,S-019,ASPCA,toxicity_plant,dog,아마릴리스(히페아스트룸),Hippeastrum spp.,,,,,,,,,,,,,,,독성 식물 목록 (Toxic to Dogs) — Barbados Lily 항목 (스냅샷 69행),2026-07-31,,ohb,"이름은 Lily 지만 **진성 백합이 아니다** — 원문 과명이 Amaryllidaceae 다. 국내에서 '아마릴리스'로 유통되는 화분 구근이 대부분 이 속이며, 원문에는 별도로 'Amaryllis | Amaryllis spp.'(29행) 항목이 또 있다(F-019-038) — 두 항목은 학명이 다르므로 행을 나눴다. 같은 학명이 Fire Lily(297행)·Lily of the Palace(475행)·Ridderstjerne(673행)로 세 번 더 실려 있다. ★ 개와 고양이의 위험도가 다르다 — 고양이에서 급성 신부전을 일으키는 진성 백합(Lilium 속)·원추리(Hemerocallis 속)는 이 개 목록에 아예 없고, 이 행은 이름만 Lily 인 별개 식물이다. 종 혼동이 실제 위험이므로 두 목록을 함께 볼 것."
F-019-013,S-019,ASPCA,toxicity_plant,dog,비비추(호스타),Hosta plantaginea,,,,,,,,,,,,,,,독성 식물 목록 (Toxic to Dogs) — Plantain Lily 항목 (스냅샷 625행),2026-07-31,,ohb,"이름은 Lily 지만 진성 백합이 아니다. 원문 과명은 Liliaceae 로 적혀 있다(현행 분류는 Asparagaceae) — 원문 그대로 두었다. 원문에 'Hosta | Hosta plataginea'(393행)가 따로 실려 있는데 학명 철자가 plataginea 로 이 행(plantaginea)과 **원문 안에서 어긋난다** — 고치지 않았다(S-008 F-008-014 와 같은 어긋남). ★ 개와 고양이의 위험도가 다르다 — 고양이에서 급성 신부전을 일으키는 진성 백합(Lilium 속)·원추리(Hemerocallis 속)는 이 개 목록에 아예 없고, 이 행은 이름만 Lily 인 별개 식물이다. 종 혼동이 실제 위험이므로 두 목록을 함께 볼 것."
F-019-014,S-019,ASPCA,toxicity_plant,dog,알로에(알로에 베라),Aloe vera,,,,,,,,,,,,,,,독성 식물 목록 (Toxic to Dogs) — Aloe 항목 (스냅샷 27행),2026-07-31,,ohb,"★ 골든셋 대응 필수 항목. 고양이 쪽 이전 판(15행)에서 누락돼 '코퍼스에 없다'로 오판될 뻔했다. 원문 과명이 Liliaceae 로 적혀 있는데, 같은 알로에인 F-019-015(Barbados Aloe)는 Aloaceae 로 **원문 안에서 과명이 갈린다** — 고치지 않고 원문대로 두었다. 원문에는 학명 없이 과명만 Aloaceae 로 적힌 'Medicine Plant'(517행)도 있는데 원문이 학명을 밝히지 않아 별도 행으로 만들지 않았다."
F-019-015,S-019,ASPCA,toxicity_plant,dog,바베이도스 알로에,Aloe barbadensis,,,,,,,,,,,,,,,독성 식물 목록 (Toxic to Dogs) — Barbados Aloe 항목 (스냅샷 67행),2026-07-31,,ohb,"원문이 Aloe vera(27행)와 별개 항목·별개 학명·별개 과명(Aloaceae)으로 싣고 있어 행을 나눴다. 두 학명은 실제로는 같은 종의 이명으로 취급되는 경우가 많으나, 원문이 구분해 두었으므로 병합하지 않았다 — '알로에' 질의에 두 행이 함께 걸려야 한다."
F-019-016,S-019,ASPCA,toxicity_plant,dog,디펜바키아(덤케인),Dieffenbachia,,,,,,,,,,,,,,,독성 식물 목록 (Toxic to Dogs) — Dieffenbachia 항목 (스냅샷 235행),2026-07-31,,ohb,"원문 과명 Araceae. 원문 학명 칸이 속명 'Dieffenbachia' 한 단어뿐이다 — 그대로 옮겼다. 같은 표기가 Dumbcane(247행)으로 한 번 더, 종 단위로 Dieffenbachia amoena 가 Charming Dieffenbachia(161행)·Exotica(277행)·Giant Dumb Cane(331행), Dieffenbachia picta 가 Gold Dieffenbachia(341행)로 실려 있으나 대표 1행으로 묶었다(D-34)."
F-019-017,S-019,ASPCA,toxicity_plant,dog,스킨답서스(골든 포토스),Epipremnum aureum,,,,,,,,,,,,,,,독성 식물 목록 (Toxic to Dogs) — Golden Pothos 항목 (스냅샷 347행),2026-07-31,,ohb,"원문 과명 Araceae. 같은 학명이 Devils Ivy(233행)·Ivy Arum(423행)으로 두 번 더 실려 있어 한 행으로 묶었다. 원문에는 별개 학명의 Satin Pothos(Scindapsus pictus, 693행)와 Marble Queen(Scindapsus aureus, 503행)도 있으나 60행 범위에 넣지 않았다."
F-019-018,S-019,ASPCA,toxicity_plant,dog,몬스테라,Monstera deliciosa,,,,,,,,,,,,,,,독성 식물 목록 (Toxic to Dogs) — Ceriman 항목 (스냅샷 155행),2026-07-31,,ohb,원문 과명 Araceae. 같은 학명이 Cutleaf Philodendron(213행)·Hurricane Plant(395행)·Mexican Breadfruit(521행)·Mother-in-Law(543행)로 네 번 더 실려 있어 한 행으로 묶었다. 원문 표제어가 'Monstera'가 아니라 'Ceriman'이라 한국어 통용명(몬스테라)으로 적었다. 543행 'Mother-in-Law'는 칼랑코에(F-019-040)·산세베리아(F-019-021)의 이명과 겹쳐 이름 검색이 섞인다.
F-019-019,S-019,ASPCA,toxicity_plant,dog,필로덴드론,Philodendron spp,,,,,,,,,,,,,,,독성 식물 목록 (Toxic to Dogs) — Philodendron Pertusum 항목 (스냅샷 611행),2026-07-31,,ohb,원문 과명 Araceae. 속 단위 항목이다. 원문에 Philodendron bipennifolium 계열(Fiddle-Leaf 291행·Horsehead 387행·Panda Plant 589행·Red Emerald 659행·Red Princess 661행·Saddle Leaf 689행)과 Philodendron selloum(449행)·Philodendron oxycardium(201행)이 종 단위로 더 실려 있으나 D-34 에 따라 대표 행으로 묶었다.
F-019-020,S-019,ASPCA,toxicity_plant,dog,하트리프 필로덴드론,Philodendron hederaceum,,,,,,,,,,,,,,,독성 식물 목록 (Toxic to Dogs) — Heartleaf Philodendron 항목 (스냅샷 371행),2026-07-31,,ohb,원문 과명 Araceae. 국내 실내 재배가 가장 흔한 필로덴드론이라 속 대표 행(F-019-019)과 별도로 남겼다.
F-019-021,S-019,ASPCA,toxicity_plant,dog,산세베리아,Sansevieria trifasciata,,,,,,,,,,,,,,,독성 식물 목록 (Toxic to Dogs) — Mother-in-Law's Tongue 항목 (스냅샷 547행),2026-07-31,,ohb,★ 원문 과명 Agavaceae. 같은 학명이 'Golden Birds Nest'(345행)로 한 번 더 실려 있다. 개 목록은 두 항목 모두 이명에 'Snake Plant'를 달고 있어 스네이크플랜트 질의가 걸린다 — 고양이 목록 S-008 은 절단 때문에 이 이름이 없었다(F-008-022 note).
F-019-022,S-019,ASPCA,toxicity_plant,dog,아이비(잉글리시 아이비),Hedera helix,,,,,,,,,,,,,,,독성 식물 목록 (Toxic to Dogs) — English Ivy 항목 (스냅샷 265행),2026-07-31,,ohb,원문 과명 Araliaceae. 같은 학명이 Branching Ivy(113행)·California Ivy(137행)·Glacier Ivy(335행)·Hahn's Self Branching English Ivy(365행)·Needlepoint Ivy(559행)로 다섯 번 더 실려 있어 한 행으로 묶었다.
F-019-023,S-019,ASPCA,toxicity_plant,dog,아스파라거스 고사리,Asparagus densiflorus cv sprengeri,,,,,,,,,,,,,,,독성 식물 목록 (Toxic to Dogs) — Asparagus Fern 항목 (스냅샷 55행),2026-07-31,,ohb,"원문 과명 Liliaceae. 같은 학명이 Lace Fern(447행)·Plumosa Fern(629행)·Racemose asparagus(653행)·Shatavari(705행)로 네 번 더, 변종명 없는 Asparagus densiflorus 가 Emerald Feather(261행)로 한 번 더 실려 있어 한 행으로 묶었다."
F-019-024,S-019,ASPCA,toxicity_plant,dog,드라세나,Dracaena spp.,,,,,,,,,,,,,,,독성 식물 목록 (Toxic to Dogs) — Dracaena 항목 (스냅샷 245행),2026-07-31,,ohb,원문 과명 Agavaceae. 속 단위 항목이다. 같은 학명이 'Ribbon Plant'(671행)로 한 번 더 실려 있다. 원문에 Dracaena surculosa(Florida Beauty 305행·Gold Dust Dracaena 343행)·Dracaena reflexa(Malaysian Dracaena 497행)도 있으나 대표 행으로 묶었다.
F-019-025,S-019,ASPCA,toxicity_plant,dog,행운목(드라세나 프라그란스),Dracaena fragrans,,,,,,,,,,,,,,,독성 식물 목록 (Toxic to Dogs) — Corn Plant 항목 (스냅샷 203행),2026-07-31,,ohb,★ 같은 학명이 'Cornstalk Plant'(205행)로 바로 다음 줄에 또 나오는데 과명이 Asparagaceae(203행) / Agavaceae(205행)로 **원문 안에서 어긋난다** — 고치지 않고 첫 항목(203행)의 값을 기준으로 삼았다. 고양이 목록 S-008 도 같은 어긋남이 있다(F-008-026).
F-019-026,S-019,ASPCA,toxicity_plant,dog,드라세나 마지나타,Dracaena marginata,,,,,,,,,,,,,,,독성 식물 목록 (Toxic to Dogs) — Madagascar Dragon Tree 항목 (스냅샷 493행),2026-07-31,,ohb,★ 같은 학명이 'Red-Marginated Dracaena'(663행)로 한 번 더 나오는데 과명이 Asparagaceae(493행) / Agavaceae(663행)로 **원문 안에서 어긋난다** — 원문 그대로 두었다.
F-019-027,S-019,ASPCA,toxicity_plant,dog,안스리움,Anthurium scherzeranum,,,,,,,,,,,,,,,독성 식물 목록 (Toxic to Dogs) — Flamingo Flower 항목 (스냅샷 301행),2026-07-31,,ohb,원문 과명 Araceae. 같은 학명이 Oilcloth Flower(569행)·Painter's Pallette(585행)·Pigtail Plant(619행)로 세 번 더 실려 있어 한 행으로 묶었다. 원문 표제어에 'Anthurium'은 없어 한국어 통용명으로 적었다.
F-019-028,S-019,ASPCA,toxicity_plant,dog,칼라디움,Caladium hortulanum,,,,,,,,,,,,,,,독성 식물 목록 (Toxic to Dogs) — Caladium 항목 (스냅샷 133행),2026-07-31,,ohb,"원문 과명 Araceae. 같은 학명이 'Elephant Ears (Caladium hortulanum)'(255행)로 한 번 더 실려 있다. 원문이 '코끼리 귀'라는 이름을 Colocasia esculenta(257행, F-019-029)와 **나눠 쓰고 있으므로** 두 행을 구분해야 한다."
F-019-029,S-019,ASPCA,toxicity_plant,dog,토란(콜로카시아),Colocasia esculenta,,,,,,,,,,,,,,,독성 식물 목록 (Toxic to Dogs) — Elephant Ears (Colocasia esculenta) 항목 (스냅샷 257행),2026-07-31,,ohb,원문 과명 Araceae. 같은 학명이 'Malanga'(495행)로 한 번 더 실려 있다. F-019-028(Caladium)과 영문 통용명 'Elephant Ears'가 겹치므로 원문이 괄호로 학명을 붙여 구분했다 — 그 구분을 그대로 옮겼다.
F-019-030,S-019,ASPCA,toxicity_plant,dog,알로카시아,Alocasia spp.,,,,,,,,,,,,,,,독성 식물 목록 (Toxic to Dogs) — Alocasia 항목 (스냅샷 25행),2026-07-31,,ohb,"원문 과명 Araceae. 원문 이명이 'Elephant's Ear'로, F-019-028·029 와 이름이 또 겹친다 — 학명으로 구분할 것."
F-019-031,S-019,ASPCA,toxicity_plant,dog,아글라오네마,Aglaonema modestum,,,,,,,,,,,,,,,독성 식물 목록 (Toxic to Dogs) — Chinese Evergreen 항목 (스냅샷 167행),2026-07-31,,ohb,원문 과명 Araceae. 원문 표제어는 'Chinese Evergreen'이며 'Aglaonema'라는 표기는 없다 — 국내 유통명으로 적었다.
F-019-032,S-019,ASPCA,toxicity_plant,dog,싱고니움,Syngonium podophyllum,,,,,,,,,,,,,,,독성 식물 목록 (Toxic to Dogs) — Arrow-Head Vine 항목 (스냅샷 49행),2026-07-31,,ohb,원문 과명 Araceae. 같은 학명이 Green Gold Naphthysis(359행)·Nephthytis(561행)로 두 번 더 실려 있어 한 행으로 묶었다. 원문 표제어에 'Syngonium'은 없어 국내 유통명으로 적었다.
F-019-033,S-019,ASPCA,toxicity_plant,dog,염자(제이드 플랜트),Crassula argentea,,,,,,,,,,,,,,,독성 식물 목록 (Toxic to Dogs) — Jade Plant 항목 (스냅샷 427행),2026-07-31,,ohb,원문 과명 Crassulaceae. 원문에 별개 학명의 'Chinese Jade | Crassula arborescens'(169행)가 따로 있다.
F-019-034,S-019,ASPCA,toxicity_plant,dog,쉐플레라(홍콩야자),Schefflera,,,,,,,,,,,,,,,독성 식물 목록 (Toxic to Dogs) — Schefflera 항목 (스냅샷 697행),2026-07-31,,ohb,"원문 과명 Araliaceae. 원문 학명 칸이 속명 'Schefflera' 한 단어뿐이다 — 그대로 옮겼다. 관련 항목으로 Australian Ivy Palm(Brassaia actinophylla, 57행)과 Octopus Tree(Schefflera or Brassia actinoplylla, 567행)가 있는데 567행 학명은 'Schefflera or Brassia actinoplylla'라는 서술형·오타형 표기라 인용하지 않았다."
F-019-035,S-019,ASPCA,toxicity_plant,dog,벤자민 고무나무,Ficus benjamina,,,,,,,,,,,,,,,독성 식물 목록 (Toxic to Dogs) — Fig 항목 (스냅샷 293행),2026-07-31,,ohb,원문 과명 Moraceae. 같은 학명이 'Indian Rubber Plant'(415행)로 한 번 더 실려 있다. 원문 표제어 'Fig'는 식용 무화과(Ficus carica)가 아니라 관엽수인 Ficus benjamina 를 가리킨다 — 학명으로 확인할 것.
F-019-036,S-019,ASPCA,toxicity_plant,dog,베고니아,Begonia spp.,,,,,,,,,,,,,,,독성 식물 목록 (Toxic to Dogs) — Begonia 항목 (스냅샷 79행),2026-07-31,,ohb,"원문 과명 Begoniaceae. 속 단위 항목이며 원문이 이명 칸에 'Over 1,000 species and 10,000 hybrids'라고 적어 두었다. 종 단위로 Begonia scharfii(259행)·masoniana(421행, 과명 칸이 비어 있다)·cleopatra(501행)·metallica(519행)·rex 'peace'(597행)·semperflorens cultivar(621행)·rex(665행)가 더 있으나 대표 1행으로 묶었다(D-34). 고양이 목록 S-008 60행에는 없던 항목이다."
F-019-037,S-019,ASPCA,toxicity_plant,dog,포인세티아,Euphorbia pulcherrima,,,,,,,,,,,,,,,독성 식물 목록 (Toxic to Dogs) — Poinsettia 항목 (스냅샷 633행),2026-07-31,,ohb,원문 과명 Euphorbiaceae. 원문은 다른 항목과 똑같이 'Toxic to Dogs' 표기만 하고 독성 강도를 구분하지 않는다 — 위험도 비교는 이 자료로 할 수 없다.
F-019-038,S-019,ASPCA,toxicity_plant,dog,아마릴리스,Amaryllis spp.,,,,,,,,,,,,,,,독성 식물 목록 (Toxic to Dogs) — Amaryllis 항목 (스냅샷 29행),2026-07-31,,ohb,★ 원문 과명 Amaryllidaceae. 같은 학명이 'Naked Lady'(551행)로 한 번 더 실려 있다. 국내에서 '아마릴리스'로 파는 구근은 대개 Hippeastrum 속(F-019-012)이라 학명이 다르다 — 두 행을 함께 봐야 한다.
F-019-039,S-019,ASPCA,toxicity_plant,dog,시클라멘,Cyclamen spp,,,,,,,,,,,,,,,독성 식물 목록 (Toxic to Dogs) — Cyclamen 항목 (스냅샷 217행),2026-07-31,,ohb,원문 과명 Primulaceae.
F-019-040,S-019,ASPCA,toxicity_plant,dog,칼랑코에,Kalanchoe spp,,,,,,,,,,,,,,,독성 식물 목록 (Toxic to Dogs) — Kalanchoe 항목 (스냅샷 439행),2026-07-31,,ohb,원문 과명 Crassulaceae. 원문에 Kalanchoe tubiflora 가 Chandelier Plant(159행)·Devil's Backbone(231행)·Mother of Millions(541행)·Mother-In-Law Plant(545행)로 네 번 실려 있으나 학명이 달라 별도 행으로 만들지 않았다(D-34).
F-019-041,S-019,ASPCA,toxicity_plant,dog,히아신스,Hyacinthus orientalis,,,,,,,,,,,,,,,독성 식물 목록 (Toxic to Dogs) — Hyacinth 항목 (스냅샷 397행),2026-07-31,,ohb,원문 과명 Liliaceae. 같은 학명이 'Garden Hyacinth'(319행)로 한 번 더 실려 있다. ★ 같은 구근 화훼인 튤립(Tulip)은 스냅샷이 'Showy Daisy'에서 잘려 원문에 없다 — 넣지 않았다.
F-019-042,S-019,ASPCA,toxicity_plant,dog,수선화,Narcissus spp,,,,,,,,,,,,,,,독성 식물 목록 (Toxic to Dogs) — Daffodil 항목 (스냅샷 219행),2026-07-31,,ohb,"원문 과명 Amaryllidaceae. 같은 학명이 Narcissus(555행)·Paper White(591행)로 두 번 더, 근연종 Narcissus jonquilla 가 Jonquil(435행)로 실려 있다."
F-019-043,S-019,ASPCA,toxicity_plant,dog,국화,Chrysanthemum spp.,,,,,,,,,,,,,,,독성 식물 목록 (Toxic to Dogs) — Chrysanthemum 항목 (스냅샷 177행),2026-07-31,,ohb,"원문 과명 Compositae. 같은 학명이 'Mum'(549행)으로, 속명 표기가 다른 Chrysanthemum species 가 'Daisy'(223행)로 실려 있어 한 행으로 묶었다."
F-019-044,S-019,ASPCA,toxicity_plant,dog,카네이션,Dianthus caryophyllus,,,,,,,,,,,,,,,독성 식물 목록 (Toxic to Dogs) — Carnation 항목 (스냅샷 151행),2026-07-31,,ohb,"원문 과명 Caryophyllaceae. 같은 학명이 'Pinks'(623행)로, 속 단위 Dianthus spp. 가 'Eastern Star'(253행)로 실려 있다."
F-019-045,S-019,ASPCA,toxicity_plant,dog,글라디올러스,Gladiolus species,,,,,,,,,,,,,,,독성 식물 목록 (Toxic to Dogs) — Gladiola 항목 (스냅샷 337행),2026-07-31,,ohb,원문 과명 Iridaceae.
F-019-046,S-019,ASPCA,toxicity_plant,dog,붓꽃(아이리스),Iris species,,,,,,,,,,,,,,,독성 식물 목록 (Toxic to Dogs) — Iris 항목 (스냅샷 419행),2026-07-31,,ohb,"원문 과명 Iridaceae. 같은 학명이 'Flag'(299행)로, 근연종 Iris spuria 가 'Butterfly Iris'(131행)로 실려 있다. 원문 이명에 'Snake Lily'가 있어 Lily 질의에도 걸린다 — 진성 백합이 아니다."
F-019-047,S-019,ASPCA,toxicity_plant,dog,크리스마스 로즈(헬레보루스),Helleborus niger,,,,,,,,,,,,,,,독성 식물 목록 (Toxic to Dogs) — Christmas Rose 항목 (스냅샷 175행),2026-07-31,,ohb,원문 과명 Ranunculaceae. 같은 학명이 Easter Rose(251행)·Hellebore(375행)·Lenten Rose(473행)로 세 번 더 실려 있어 한 행으로 묶었다.
F-019-048,S-019,ASPCA,toxicity_plant,dog,겨우살이(미국 겨우살이),Phoradendron flavescens,,,,,,,,,,,,,,,"독성 식물 목록 (Toxic to Dogs) — Mistletoe ""American"" 항목 (스냅샷 529행)",2026-07-31,,ohb,원문 과명 Viscaceae. 원문 표제어에 큰따옴표가 들어 있어 그대로 옮겼다. 유럽종 겨우살이(Viscum album)는 원문에 없다.
F-019-049,S-019,ASPCA,toxicity_plant,dog,호랑가시나무(미국 홀리),Ilex opaca,,,,,,,,,,,,,,,독성 식물 목록 (Toxic to Dogs) — American Holly 항목 (스냅샷 35행),2026-07-31,,ohb,"원문 과명 Aquifoliaceae. 같은 학명이 Holly(381행)·Inkberry(417행)·Oregon Holly(579행)로 세 번 더, 근연종 Ilex aquifolium 이 English Holly(263행)·European Holly(275행)로 실려 있다."
F-019-050,S-019,ASPCA,toxicity_plant,dog,진달래·철쭉류(로도덴드론),Rhododendron spp,,,,,,,,,,,,,,,독성 식물 목록 (Toxic to Dogs) — Rhododendron 항목 (스냅샷 667행),2026-07-31,,ohb,원문 과명 Ericaceae. 같은 학명이 Azalea(63행)·Rosebay(681행)로 두 번 더 실려 있어 한 행으로 묶었다.
F-019-051,S-019,ASPCA,toxicity_plant,dog,협죽도,Nerium oleander,,,,,,,,,,,,,,,독성 식물 목록 (Toxic to Dogs) — Oleander 항목 (스냅샷 571행),2026-07-31,,ohb,"원문 과명 Apocynaceae. 원문 이명은 'Rose-Bay'로, 진달래속의 Rosebay(681행)와 이름이 겹친다 — 학명으로 구분할 것."
F-019-052,S-019,ASPCA,toxicity_plant,dog,주목(일본주목),Taxus sp.,,,,,,,,,,,,,,,독성 식물 목록 (Toxic to Dogs) — Japanese Yew 항목 (스냅샷 429행),2026-07-31,,ohb,원문 과명 Taxaceae. 원문 학명 표기가 'Taxus sp.' 로 종을 특정하지 않는다 — 그대로 옮겼다. 고양이 목록 S-008 의 주목 행(F-008-052)과 같은 학명이라 병합 시 대조가 된다. 서양주목(Taxus baccata)은 F-019-053 으로 따로 두었다.
F-019-053,S-019,ASPCA,toxicity_plant,dog,서양주목,Taxus baccata,,,,,,,,,,,,,,,독성 식물 목록 (Toxic to Dogs) — English Yew 항목 (스냅샷 267행),2026-07-31,,ohb,"★ 원문 과명 Taxaceae. 이전 15행 판의 F-019-013 이 이 항목이었다 — 학명이 F-019-052(Taxus sp.)와 달라 행을 유지했다. 원문에 American Yew(Taxus canadensus, 39행)·Pacific Yew(Taxus brevifolia, 583행)도 있으나 대표 두 행만 만들었다(D-34). 원문이 English Yew 의 이명에 'Japanese Yew'를 넣어 두어 이름만으로는 F-019-052 와 구분되지 않는다."
F-019-054,S-019,ASPCA,toxicity_plant,dog,디기탈리스(폭스글로브),Digitalis purpurea,,,,,,,,,,,,,,,독성 식물 목록 (Toxic to Dogs) — Foxglove 항목 (스냅샷 309행),2026-07-31,,ohb,원문 과명이 'Scrophalariaceae'로 적혀 있다 — 통상 표기 Scrophulariaceae 의 오식으로 보이나 고치지 않았다(고양이 목록 S-008 도 같은 오식).
F-019-055,S-019,ASPCA,toxicity_plant,dog,수국(미국수국),Hydrangea arborescens,,,,,,,,,,,,,,,독성 식물 목록 (Toxic to Dogs) — Hydrangea 항목 (스냅샷 399행),2026-07-31,,ohb,원문 과명 Hydrangeaceae. 같은 학명이 Hills of Snow(379행)·Hortensia(391행)·Seven Bark(701행)로 세 번 더 실려 있어 한 행으로 묶었다.
F-019-056,S-019,ASPCA,toxicity_plant,dog,콜키쿰(가을크로커스),Colchicum autumnale,,,,,,,,,,,,,,,독성 식물 목록 (Toxic to Dogs) — Autumn Crocus 항목 (스냅샷 61행),2026-07-31,,ohb,원문 과명 Liliaceae(현행 분류는 Colchicaceae) — 원문 그대로. 같은 학명이 'Meadow Saffron'(515행)으로 한 번 더 실려 있다.
F-019-057,S-019,ASPCA,toxicity_plant,dog,피마자(아주까리),Ricinus communis,,,,,,,,,,,,,,,독성 식물 목록 (Toxic to Dogs) — Castor Bean Plant 항목 (스냅샷 153행),2026-07-31,,ohb,"★ 같은 학명이 African Wonder Tree(23행, 과명 칸이 통째로 비어 있다)·Mole Bean Plant(533행, 과명 'Euphobiaceae' — Euphorbiaceae 오식)로 두 번 더 실려 있고 세 항목의 과명 표기가 **원문 안에서 제각각이다**. 이 행은 정식 표기인 153행(Euphorbiaceae)을 기준으로 삼았다."
F-019-058,S-019,ASPCA,toxicity_plant,dog,남천,Nandina domestica,,,,,,,,,,,,,,,독성 식물 목록 (Toxic to Dogs) — Heavenly Bamboo 항목 (스냅샷 373행),2026-07-31,,ohb,원문 과명 Berberidaceae. 같은 학명이 Nandina(553행)·Sacred Bamboo(687행)로 두 번 더 실려 있다.
F-019-059,S-019,ASPCA,toxicity_plant,dog,마취목(피어리스),Pieris japonica,,,,,,,,,,,,,,,독성 식물 목록 (Toxic to Dogs) — Andromeda Japonica 항목 (스냅샷 41행),2026-07-31,,ohb,"원문 과명 Ericaceae. 같은 학명이 'Lily-of-the-Valley Bush'(479행)·'Pieris'(615행)로 두 번 더 실려 있다. ★ 479행의 이름 때문에 은방울꽃(Convallaria majalis, F-019-008)과 혼동되기 쉬우나 **과가 전혀 다른 별개 식물**이다."
F-019-060,S-019,ASPCA,toxicity_plant,dog,나팔꽃,Ipomoea spp,,,,,,,,,,,,,,,독성 식물 목록 (Toxic to Dogs) — Morning Glory 항목 (스냅샷 535행),2026-07-31,,ohb,원문 과명 Convolvulaceae.
F-070-001,S-070,Frontiers in Veterinary Science,emergency,bird,구토 유도(최토),,,,,,,,,,,흡인성 폐렴 위험,,,,,General notes 절,2026-08-01,,ohb,원문은 조류에서 구토 유도를 권장하지 않는다고 명시(금기). 보호자 행동 지시가 아니라 임상 처치 원칙이므로 triage_level 은 비움.
F-070-002,S-070,Frontiers in Veterinary Science,emergency,bird,소낭 세척(crop lavage),,,,,,,,,,,,,섭취 후 1-3시간,,,General notes 절,2026-08-01,,ohb,최근 섭취(1-3시간) 시 마취·기관튜브 하에 온수/생리식염수로 소낭 세척. 유성·부식성 물질에는 시행하지 않는다. 수의사 시술이며 보호자 지시가 아니다.
F-070-003,S-070,Frontiers in Veterinary Science,emergency,bird,활성탄(흡착제),,,,,,,,,,,,,,,,General notes 절,2026-08-01,,ohb,독소 흡착제로 사용. ⚠️ 원문 General notes 절에 '1-3 g/kg body weight' 체중당 투여량 있음 — D-09 재검토 필요. 단 이것은 중독 임계치가 아니라 치료 용량이므로 dose 는 비움.
F-070-004,S-070,Frontiers in Veterinary Science,toxicity_food,bird,초콜릿(테오브로민·카페인),,,,,,,,,NEVER,,중추신경 자극|빈맥·부정맥|돌연사,안절부절|과다행동|심박수 증가|근육 진전|경련|구토|설사,,,,Chocolate / Methylxanthines 절,2026-08-01,,ohb,"메틸잔틴이 아데노신 수용체 길항 작용. 원문은 조류가 체구가 작고 대사율이 높아 '적은 양으로도 중증 징후'라고만 하고 수치를 주지 않음 — dose·threshold_type 공란. 보고된 조류 초콜릿 중독은 대부분 사망으로 종결(디펜히드라민 치료 후 4일 만에 완전 회복한 common mynah 1례 예외), kea 사망례 문서화."
F-070-005,S-070,Frontiers in Veterinary Science,toxicity_food,bird,커피(카페인),,,,,,,,,NEVER,,중추신경 자극|빈맥·부정맥,안절부절|과다행동|심박수 증가|근육 진전|경련,,,,Chocolate / Methylxanthines 절,2026-08-01,,ohb,원문은 초콜릿과 커피를 메틸잔틴으로 묶어 서술 — 커피 단독 증례·수치는 없음. 초콜릿 행(F-070-004)과 근거 문장이 같다.
F-070-006,S-070,Frontiers in Veterinary Science,toxicity_food,bird,아보카도(퍼신),Persea americana,잎|나무껍질|껍질|씨,,,,,,,NEVER,,폐·간 울혈|폐수종·피하부종|심낭·체강 삼출|심근 변성,호흡곤란|호흡수 증가|쇠약|침울|식욕부진|돌연사|구토|설사|복통,,,,Avocado (Persea americana) 절 · Table 2,2026-08-01,,ohb,앵무류(Psittaciformes)에서 보고. 독성 성분은 persin 으로 '추정(believed to be)' — 원문 표현 그대로 둠. 심근 변성은 타조에서 흔하다고 별도 기술. 원문은 섭취량과 개체 감수성에 따라 중증도가 달라진다고만 하고 수치 없음.
F-070-007,S-070,Frontiers in Veterinary Science,toxicity_food,bird,알코올(에탄올),,,,,,,,,NEVER,,중추신경 억제|젖산산증|저혈당|케톤산증|지방간,비행 장애|운동실조,,,,Alcohol (ethanol) 절,2026-08-01,,ohb,"GABA 증강·글루타메이트 억제로 CNS 억제. 야생 식과성 조류(waxwings)가 발효 과일로, 반려 앵무는 우발적 또는 고의 급여로 노출된다고 기술. 수치 없음."
F-070-008,S-070,Frontiers in Veterinary Science,toxicity_food,bird,식염(염화나트륨) — 고염 사료,,,,,,,,육계 병아리(broiler chicks),NEVER,,고나트륨혈증,중증 침울|무기력|운동실조|후궁반장|호흡곤란,,,,Sodium Chloride (NaCl) 절,2026-08-01,,ohb,"원문 Sodium Chloride 절에 '0.4-0.9% NaCl 사료'에서 발증, 어린 개체군 폐사율 최대 20% 라는 수치 있음 — 다만 이는 체중당 용량이 아니라 사료 내 농도다. 육계 병아리 자료이므로 반려 앵무에 그대로 적용하지 말 것. 특이 해독제 없음."
F-070-009,S-070,Frontiers in Veterinary Science,toxicity_food,bird,식염(염화나트륨) — 제설염 등 급성 노출,,,,,,,,집참새(house sparrows),NEVER,,급성 나트륨 중독·사망,기면|운동 협응 저하|비행 불능,노출 30분 후부터,,,Sodium Chloride (NaCl) 절,2026-08-01,,ohb,⚠️ 원문 Sodium Chloride 절에 '집참새에서 ≥1500 mg/kg 용량에서 노출 30분 후부터 사망' 이라는 체중당 수치 있음 — D-09 재검토 필요. 코퍼스 최초의 조류 체중당 중독 수치다. 다만 야생 집참새 대상이며 앵무류 자료가 아니다. 지침대로 dose 는 비움.
F-070-010,S-070,Frontiers in Veterinary Science,toxicity_food,bird,곰팡이 독소(마이코톡신),,,,,,,,,CAUTION,,간독성|신독성|신경독성|면역억제|내분비 교란,사료 섭취 감소|성장 저하|설사|면역억제|신경증상|번식 장애|돌연사,,,,Mycotoxins 절,2026-08-01,,ohb,"Aspergillus·Fusarium·Penicillium 오염 사료가 원인. ⚠️ 원문은 조류가 개·소·돼지·사람보다 아플라톡신에 더 민감하다고 명시 — 종간 외삽 시 주의. 특이 치료 없음, 글루코만난+유기 셀레늄 보충이 도움될 수 있다고만 기술."
F-070-011,S-070,Frontiers in Veterinary Science,toxicity_food,bird,요소(urea),,,,,,,,,,,신경독성|소화기 장애,침울|쇠약|지남력 상실|진전|경련|운동실조|구토|설사|식욕부진|체중 감소|호흡곤란,,,,Urea 절,2026-08-01,,ohb,육계 농장에서 흔하며 사료 불균형 또는 요소 비료 노출로 발생. 반려 앵무 사례 아님. 호흡곤란은 '고농도에서' 발생한다고만 기술 — 수치 없음. 대증·영양 치료.
F-070-012,S-070,Frontiers in Veterinary Science,toxicity_food,bird,비타민 D 과잉(hypervitaminosis D),,,,,,,,,CAUTION,,고칼슘혈증|연부조직 석회화|신석회증|내장통풍,,,,,Hypervitaminosis A and D 절,2026-08-01,,ohb,과잉 보충 또는 사료 불균형이 원인. 원문은 마코·회색앵무·왕관앵무가 더 감수성이 높다고 명시. 권장 상한 수치는 원문에 없음 — max_value 공란. doc_type 은 영양이지만 이번 배정 지시에 따라 toxicity_food 로 둠. 팀장 확인.
F-070-013,S-070,Frontiers in Veterinary Science,toxicity_food,bird,비타민 A 과잉(hypervitaminosis A),,,,,,,,,CAUTION,,골 병변|골이영양증,눈 부종·발적|결막염|피부 건조·균열|피부 진한 주황색 변색,,,,Hypervitaminosis A and D 절,2026-08-01,,ohb,과잉 보충 또는 비타민 A 가 많은 식품(예: 간) 급여가 원인. 수치 없음. doc_type 은 영양이지만 이번 배정 지시에 따라 toxicity_food 로 둠. 팀장 확인.
F-070-014,S-070,Frontiers in Veterinary Science,toxicity_plant,bird,크라운 베치,Coronilla varia,,,,,,,,,,,,,,,Toxic Plants 절 · Table 2,2026-08-01,,ohb,Table 2 에서 사랑앵무·왕관앵무·러브버드에 대해 임상(clinical) 보고로 분류 — 실험 노출이 아니라 실제 증례가 있는 항목이다. 구체 증상은 원문 표에 없음.
F-070-015,S-070,Frontiers in Veterinary Science,toxicity_plant,bird,로도덴드론(진달래속),Rhododendron spp.,,,,,,,,,,그레이아노톡신 중독|심장 독성,경련|운동실조|마비|혼수,,,,Toxic Plants 절 · Table 2,2026-08-01,,ohb,Ericaceae 과가 greyanotoxin 을 함유. Table 2 에서 사랑앵무는 실험(experimental) 노출 기록만 있음 — 자연 발생 증례 근거는 약하다.
F-070-016,S-070,Frontiers in Veterinary Science,toxicity_plant,bird,칼랑코에,Kalanchoe spp.,,,,,,,,,,,운동실조|침울|근육 진전|경련|마비|사망,,,,Toxic Plants 절,2026-08-01,,ohb,원문은 증상만 나열하고 종별 보고는 Table 2 에 없음. 수치 없음.
F-070-017,S-070,Frontiers in Veterinary Science,toxicity_plant,bird,협죽도(oleander),Nerium oleander,,,,,,,,,,심장 독성,,,,,Toxic Plants 절 · Table 2,2026-08-01,,ohb,Table 2 에서 사랑앵무·카나리아에 실험(experimental) 기록. 구체 증상 서술은 'cardiac toxicity' 뿐이다.
F-070-018,S-070,Frontiers in Veterinary Science,toxicity_plant,bird,주목(yew),Taxus media,,,,,,,,,,심장 독성,,,,,Toxic Plants 절 · Table 2,2026-08-01,,ohb,"Table 2 에서 꿩은 실험, 카나리아는 임상(clinical) 보고. 본문 학명은 Taxus media 로 표기되어 있어 원문 그대로 옮김(속 전체가 아님)."
F-070-019,S-070,Frontiers in Veterinary Science,toxicity_plant,bird,디기탈리스(폭스글러브),Digitalis purpurea,,,,,,,,,,심장 독성,,,,,Toxic Plants 절 · Table 2,2026-08-01,,ohb,Table 2 에서 카나리아 실험 기록. 앵무류 증례는 원문에 없음.
F-070-020,S-070,Frontiers in Veterinary Science,toxicity_plant,bird,포인세티아,Euphorbia pulcherrima,,,,,,,,,,,구토|설사,,,,Toxic Plants 절 · Table 2,2026-08-01,,ohb,원문은 소화기 증상(GI signs)만 기술. Table 2 에서 사랑앵무 실험 기록. 본문 앞부분 철자는 'Euphorbia pulcherima'(r 누락)로 되어 있어 표기 흔들림 있음 — 표준 철자로 적되 원문 오식을 여기 남긴다.
F-070-021,S-070,Frontiers in Veterinary Science,toxicity_plant,bird,은방울꽃(lily of the valley),,,,,,,,,,,,,,,,Table 2,2026-08-01,,ohb,Table 2 에서 비둘기에 임상+실험 양쪽 기록 — 표에서 근거가 가장 강한 항목 중 하나. 다만 앵무류가 아니라 비둘기 자료다. 증상 서술은 원문에 없음.
F-070-022,S-070,Frontiers in Veterinary Science,toxicity_plant,bird,디펜바키아,,,,,,,,,,,,,,,,Table 2,2026-08-01,,ohb,Table 2 에서 카나리아 실험 기록만 있음. 증상 서술 없음.
F-070-023,S-070,Frontiers in Veterinary Science,toxicity_plant,bird,필로덴드론,,,,,,,,,,,,,,,,Table 2,2026-08-01,,ohb,Table 2 에서 사랑앵무 실험 기록만 있음. 증상 서술 없음.
F-070-024,S-070,Frontiers in Veterinary Science,toxicity_plant,bird,아까시나무(black locust),,,,,,,,,,,,,,,,Table 2,2026-08-01,,ohb,Table 2 에서 사랑앵무 실험 기록만 있음. 증상 서술 없음.
F-070-025,S-070,Frontiers in Veterinary Science,toxicity_plant,bird,파슬리,,,,,,,,,,,,,,,,Table 2,2026-08-01,,ohb,"Table 2 에서 타조는 임상, 오리는 실험 기록. ⚠️ 파슬리는 다른 자료에서 급여 가능 채소로 다뤄질 수 있어 등급 충돌 위험이 있다 — 원문이 급여 가부를 말하지 않으므로 feeding_level 공란으로 두고 팀장 확인 요망."
F-070-026,S-070,Frontiers in Veterinary Science,toxicity_plant,bird,담쟁이덩굴(Virginia Creeper),,,,,,,,,,,,,,,,Table 2,2026-08-01,,ohb,Table 2 에서 사랑앵무 실험 기록만 있음. 증상 서술 없음.
F-070-027,S-070,Frontiers in Veterinary Science,toxicity_plant,bird,클레마티스,,,,,,,,,,,,,,,,Table 2,2026-08-01,,ohb,Table 2 에서 사랑앵무 실험 기록만 있음. 증상 서술 없음.
F-070-028,S-070,Frontiers in Veterinary Science,toxicity_plant,bird,루핀(lupine),,,,,,,,,,,,,,,,Table 2,2026-08-01,,ohb,Table 2 에서 카나리아 실험 기록만 있음. 증상 서술 없음.
F-070-029,S-070,Frontiers in Veterinary Science,toxicity_plant,bird,타닌 함유 식물,,,,,,,,,,,간독성,,,,,Toxic Plants 절,2026-08-01,,ohb,원문은 'tannic-acid plants: hepatotoxic' 한 줄만 기술하고 종을 특정하지 않음. 구체 식물명이 없어 substance 를 범주명으로 둠.
F-070-030,S-070,Frontiers in Veterinary Science,emergency,bird,납(Pb) 중독,,,,,,,,,,,위장관·신경·신장 손상|빈혈,토출|설사|식욕부진|쇠약|진전|경련|지남력 상실|다뇨|다음|탈수|암녹색 분변|혈색소뇨,,,,Heavy Metals 절,2026-08-01,,ohb,"가정에서는 금속 물체·케이지 도장 섭취, 야생에서는 납 탄환·낚시추가 주요 노출원. 맹금류에서는 wing drop(날개 처짐) 형태의 중증 신경 결손이 나타난다고 기술. 진단은 신체검사·병력·혈액검사·방사선. 금속 이물이 있으면 외과적/내시경적 제거."
F-070-031,S-070,Frontiers in Veterinary Science,emergency,bird,아연(Zn) 중독,,,,,,,,,,,췌장·신장 손상,극심한 다뇨|다음|깃털 빠짐|청색증|토출|설사|식욕부진,,,,Heavy Metals 절,2026-08-01,,ohb,"원문은 납과 아연이 조류에서 가장 흔한 중금속이라고 명시하고, 납은 암녹색 분변·혈색소뇨· 중증 신경 결손·빈혈, 아연은 극심한 다뇨다음·췌장신장 손상·깃털 손실 청색증으로 감별."
F-070-032,S-070,Frontiers in Veterinary Science,emergency,bird,중금속(수은·카드뮴·구리·비소),,,,,,,,,,,위장관·신경·신장 손상,토출|설사|식욕부진|쇠약|진전|경련|지남력 상실|다뇨|다음,,,,Heavy Metals 절,2026-08-01,,ohb,원문은 납·아연보다 드물다(less common)고만 기술하고 금속별 구분은 하지 않음. 금속별 상세는 S-094 참조.
F-070-033,S-070,Frontiers in Veterinary Science,emergency,bird,킬레이션 치료(CaEDTA·DMSA·D-페니실라민),,,,,,,,,,,,,,,,Heavy Metals 절,2026-08-01,,ohb,"⚠️ 원문 Heavy Metals 절에 체중당 투여량 4건 있음 — D-09 재검토 필요: CaEDTA 35-40 mg/kg IM q12h 5일, DMSA 25-35 mg/kg PO q12h 7-10일, D-penicillamine 30-55 mg/kg PO q12h 1주 on/off, 그리고 'DMSA ≥80 mg/kg 는 치사'. 앞 셋은 치료 용량이고 마지막 하나는 체중당 치사 임계치다. 치사 수치는 별도 행(F-070-034)으로 분리. 장기 킬레이션은 아연·철·망간을 고갈시키므로 모니터링 필요. 모두 수의사 처방 영역이며 보호자 지시가 아니다."
F-070-034,S-070,Frontiers in Veterinary Science,emergency,bird,DMSA 과량(디메르캅토숙신산),,,,,,,,,,,사망,,,,,Heavy Metals 절,2026-08-01,,ohb,⚠️ 원문 Heavy Metals 절에 'Doses of DMSA ≥80 mg/kg lethal' 이라는 체중당 치사 수치 있음 — D-09 재검토 필요. 조류 체중당 임계치가 코퍼스에 0건이라는 전제를 직접 반박하는 행이다. 지침대로 dose·threshold_type 은 비웠다. 치료 약물의 과량 독성이므로 보호자 질의보다는 임상 참고용.
F-070-035,S-070,Frontiers in Veterinary Science,emergency,bird,티트리 오일(멜라루카 오일),Melaleuca alternifolia,,,,,,,,,,중추신경 억제|혼수,무기력·침울|경련|구토|혼수,도포 30분 후,,,Tea Tree Oil (Melaleuca alternifolia) 절,2026-08-01,"Vetere et al. 2020 (BMC Vet Res, S-093)",ohb,"이 리뷰가 인용한 왕관앵무 증례 1건(3방울 0.15ml 국소 도포, 48시간 입원 후 회복). 원 증례 논문은 S-093 이며 같은 사건이므로 병합 시 중복 확인 필요. 0.15 ml 는 절대량이고 체중당 수치가 아니다."
F-070-036,S-070,Frontiers in Veterinary Science,emergency,bird,항응고성 살서제(쥐약),,,,,,,,,,,비타민 K 에폭사이드 환원효소 억제|출혈 장애,쇠약|기면|점막 창백|체공(orifice) 출혈|멍,,,,Rodenticides 절,2026-08-01,,ohb,맹금류가 중독된 설치류를 먹고 2차 중독되는 경로가 흔하다고 기술. ⚠️ 원문에 치료제 비타민 K1 '2.2 mg/kg IM q4-8h → 이후 PO q24h 3주' 체중당 용량 있음 — D-09 재검토 필요. 중독 임계치가 아니라 치료 용량이다. 중증 시 수혈.
F-070-037,S-070,Frontiers in Veterinary Science,emergency,bird,비항응고성 살서제(인화아연·브로메탈린),,,,,,,,,,,중추신경 독성,진전|경련|운동실조|하반신 부전마비,,,,Rodenticides 절,2026-08-01,,ohb,항응고성과 기전이 다르므로 비타민 K1 이 듣지 않는다 — 별도 행으로 분리. 수치 없음.
F-070-038,S-070,Frontiers in Veterinary Science,emergency,bird,디클로페낙(NSAID),,,,,,,,,,,신부전|내장통풍,,,,,Drugs: Diclofenac and Barbiturates 절,2026-08-01,,ohb,남아시아(인도·네팔·파키스탄) 독수리 개체군 붕괴의 원인. 오염된 가축 사체 섭취 경로. 야생 독수리 자료이며 반려조 상황이 아니다 — 검색 노출 시 오해 주의.
F-070-039,S-070,Frontiers in Veterinary Science,emergency,bird,바르비투르산염,,,,,,,,,,,중추신경·호흡 억제|심혈관 영향|소화기 증상,,,,,Drugs: Diclofenac and Barbiturates 절,2026-08-01,,ohb,안락사된 사체 섭취 등으로 노출. 유럽그리폰독수리에서 가장 많이 보고. 야생 조류 자료다. 수치 없음.
F-070-040,S-070,Frontiers in Veterinary Science,emergency,bird,남조류 독소(마이크로시스틴·삭시톡신·도모산),,,,,,,,,,,간독성|신경독성,,,,,Cyanobacterial/Algal Toxins 절,2026-08-01,,ohb,"유해 조류 대증식(HAB) 유래. 사육 아메리카흰사다새에서 마이크로시스틴 치사 사례, 야생 바닷새에서 STX/DA 가 아사와 함께 집단 폐사에 기여. 반려 앵무 사례 아님. 물질 성격상 doc_type 을 emergency 로 두었으나 경구 노출이므로 분류 재검토 여지 있음."
F-093-001,S-093,BMC Veterinary Research,emergency,bird,티트리 오일(멜라루카 오일) 피부 도포,Melaleuca alternifolia,,,,,,,,NEVER,,중증 간손상|경증 신장 침범|중추신경 억제,심한 무기력·침울|경련|구토|혼수|서맥성 호흡(36회/분)|도포 부위 발적,도포 30분 후,,,Case presentation · Case Details 절,2026-08-01,,ohb,"⚠️ 반려조 티트리 오일 중독 증례 보고 1건(세계 최초 보고)이다 — 일반화 금지. 1년령 수컷 왕관앵무 80g 1마리의 경과이며 발생률·용량반응을 말하지 않는다. 노출량은 100% 원액 3방울(0.15 ml)을 오른쪽 날개(상완부)와 흉부 일부 피부에 직접 도포. 체중(80 g)은 있으나 원문에 체중당 환산 용량은 없다 — 임의 환산 금지. 경련·구토 약 15분 지속 후 혼수, 침울 삽화 총 약 4시간."
F-093-002,S-093,BMC Veterinary Research,emergency,bird,에센셜 오일(정유) 전반 — 반려조 피부 도포,,,,,,,,,NEVER,,경피·경구 동시 흡수에 의한 전신 독성,,,,,Discussion 절,2026-08-01,,ohb,"⚠️ 반려조 티트리 오일 중독 증례 보고 1건(세계 최초 보고)이다 — 일반화 금지. 1년령 수컷 왕관앵무 80g 1마리의 경과이며 발생률·용량반응을 말하지 않는다. 원문은 테르펜의 높은 지용성 때문에 피부와 소화관 양쪽으로 빠르게 흡수된다고 설명하고, 이 증례의 독성은 경피+경구 흡수 양쪽에서 왔을 것으로 본다. 티트리 오일은 100종 이상 성분을 함유하며 독성 원인 성분은 특정되지 않았다. '에센셜 오일 전반'은 원문의 일반화가 아니라 기전 서술에서 온 범주이므로 단정적 문장 생성 시 주의 — 팀장 확인."
F-093-003,S-093,BMC Veterinary Research,emergency,bird,깃 고르기(preening)에 의한 경구 재노출,,,,,,,,,,,피부 도포 물질의 이차 섭취,,,,,Discussion 절,2026-08-01,,ohb,⚠️ 반려조 티트리 오일 중독 증례 보고 1건(세계 최초 보고)이다 — 일반화 금지. 1년령 수컷 왕관앵무 80g 1마리의 경과이며 발생률·용량반응을 말하지 않는다. 원문은 앵무의 preening 행동이 깃털·피부에 남은 오일을 삼키게 했을 가능성을 제기한다('could have caused' — 추정 표현 그대로). 조류에서 '피부에만 발랐다'가 경구 노출 배제 근거가 되지 않는다는 점이 요지.
F-093-004,S-093,BMC Veterinary Research,symptom,bird,간효소 상승(AST·CK·LDH),,,,,,,,,,,급성 간손상 지표,담녹색(biliverdin) 요산염|무른 분변,,,,Key lab values 절,2026-08-01,,ohb,"⚠️ 반려조 티트리 오일 중독 증례 보고 1건(세계 최초 보고)이다 — 일반화 금지. 1년령 수컷 왕관앵무 80g 1마리의 경과이며 발생률·용량반응을 말하지 않는다. 입원 시 수치: AST 742 U/l(참고 100-350), CK 4806 U/l(참고 44-108, 비색법), LDH 955 U/l(참고 24-48), 총단백 23 g/l, 이형백혈구 84%(참고 40-70%). 이 값들은 체중당 섭취량이 아니라 혈액 검사 소견이므로 dose 에 넣지 않았다. 총단백 참고범위는 원문 OCR 불확실 표시가 있어 옮기지 않음. 2주 후 재검에서 AST·CK·LDH 정상화."
F-093-005,S-093,BMC Veterinary Research,symptom,bird,혼수·무반응 상태,,,,,,,,,,,,혼수|자극 무반응|서맥성 호흡|저체온 대비 보온 필요,도포 30분 후,,,Case Details · Treatment 절,2026-08-01,,ohb,"⚠️ 반려조 티트리 오일 중독 증례 보고 1건(세계 최초 보고)이다 — 일반화 금지. 1년령 수컷 왕관앵무 80g 1마리의 경과이며 발생률·용량반응을 말하지 않는다. 산소치료(28°C 실온, 4 L/min) 8시간 후 호흡 65회/분으로 정상화되고 의식이 혼수→각성 저하 수준으로 회복. 온도·유량 수치는 원문 그대로이며 환산하지 않았다."
F-093-006,S-093,BMC Veterinary Research,emergency,bird,티트리 오일 중독 — 특이 해독제 없음,,,,,,,,,,,대증치료만 가능,,,,,Discussion 절,2026-08-01,,ohb,"⚠️ 반려조 티트리 오일 중독 증례 보고 1건(세계 최초 보고)이다 — 일반화 금지. 1년령 수컷 왕관앵무 80g 1마리의 경과이며 발생률·용량반응을 말하지 않는다. 특이 해독제가 없고 대증치료(피하 수액·보온·간신장 회복 모니터링)뿐이다. ⚠️ 원문 Treatment 절에 체중당 투여량 3건 있음 — D-09 재검토 필요: Ringer 수액 50 ml/kg SC, 비타민 B12 0.5 mg/kg IM, 간보호제(Birdetox) 1 ml/kg PO. 모두 치료 용량이며 중독 임계치가 아니다. 48시간 입원 후 안정 상태로 퇴원, 간보호제 최소 1개월 유지."
F-093-007,S-093,BMC Veterinary Research,emergency,bird,'천연·안전' 표방 허브 제품,,,,,,,,,CAUTION,,,,,,,Discussion 절,2026-08-01,,ohb,⚠️ 반려조 티트리 오일 중독 증례 보고 1건(세계 최초 보고)이다 — 일반화 금지. 1년령 수컷 왕관앵무 80g 1마리의 경과이며 발생률·용량반응을 말하지 않는다. 원문은 허브·천연 제품이 '안전하다'고 마케팅되지만 실제로는 규제·시험·허가가 되지 않은 약리 활성 물질이며 수의사가 보호자를 교육해야 한다고 지적. 행동 지시가 아니라 수의사 대상 권고이므로 triage_level 은 비움.
F-093-008,S-093,BMC Veterinary Research,emergency,bird,PTFE(테플론) 흄,,,,,,,,,,,치명적 호흡기 손상,,,,,Related toxicoses 절,2026-08-01,,ohb,⚠️ 반려조 티트리 오일 중독 증례 보고 1건(세계 최초 보고)이다 — 일반화 금지. 1년령 수컷 왕관앵무 80g 1마리의 경과이며 발생률·용량반응을 말하지 않는다. 이 논문에서는 반려조의 알려진 치명적 위험으로 한 줄 상호참조만 되어 있다 — 이 자료를 PTFE 의 1차 근거로 쓰지 말 것. 상세는 S-074 참조.
F-094-001,S-094,Biology (MDPI),emergency,bird,수은(Hg) 중독,,,,,,,,,,,중추신경 손상|번식 실패,행동 변화|경련|공간 지남력 상실|비행 능력 저하|사회성·발성 능력 상실|진전|부분 마비,,,,Table(금속별 표적장기) · Mechanism 절,2026-08-01,,ohb,"야생 아마존 유역 개체군 대상 리뷰 — 반려 앵무에 그대로 적용되지 않는다. 원문도 사육 개체 적용은 '유사한 감수성' 수준의 서술에 그친다. 노출원은 불법 금 채굴(지역 수은 배출의 약 71%)로 메틸수은화되어 어류·무척추동물에 생물농축. 혈뇌장벽 통과, 세로토닌 등 신경전달물질 억제. 간 반감기 2년 초과. 모체 수은의 40-60%가 난황으로 전이되어 Amazona ochrocephala 노출 배아의 55%가 부화 실패, 부화 개체의 30%가 초기 수주 내 심장 기형으로 폐사. Amazona aestiva 에서 소뇌 손상. 반려 앵무에게 이 노출 경로(어류 섭취·광산 오염)는 해당되지 않는다."
F-094-002,S-094,Biology (MDPI),emergency,bird,납(Pb) 중독,,,,,,,,,,,간부전·간경변|헴 합성 장애|용혈성 빈혈,빈혈|저색소증|적혈구 형태 이상|저산소증|녹색변,,,,Table(금속별 표적장기) · Mechanism 절,2026-08-01,,ohb,"야생 아마존 유역 개체군 대상 리뷰 — 반려 앵무에 그대로 적용되지 않는다. 원문도 사육 개체 적용은 '유사한 감수성' 수준의 서술에 그친다. 이 리뷰는 납의 표적장기를 간(oxidative stress, liver failure, cirrhosis), 노출원을 농약으로 제시한다 — ⚠️ S-070 은 납 노출원을 금속 이물·케이지 도장·납 탄환으로, 주요 병태를 신경·혈액 손상으로 기술한다. 자료 간 강조점이 다르므로 병합 시 대조 필요. 일부는 분변으로 배설."
F-094-003,S-094,Biology (MDPI),emergency,bird,아연(Zn) 중독,,,,,,,,,,,위장관·중추신경 손상,기면|다뇨|설사|토출|행동 변화,,,,Table(금속별 표적장기) · Mechanism 절,2026-08-01,,ohb,야생 아마존 유역 개체군 대상 리뷰 — 반려 앵무에 그대로 적용되지 않는다. 원문도 사육 개체 적용은 '유사한 감수성' 수준의 서술에 그친다. 노출원은 산업 폐수·아연도금 자재·도시 폐기물·오염된 먹이와 물(특히 도시 근교). 금속 유발 식욕 저하와 겹치면 영양실조로 패혈증이나 저혈당성 쇼크까지 갈 수 있다고 기술.
F-094-004,S-094,Biology (MDPI),emergency,bird,카드뮴(Cd) 중독,,,,,,,,,,,급성·만성 신부전|신세뇨관 괴사,탈수|전해질 소실,,,,Table(금속별 표적장기) · Mechanism 절,2026-08-01,,ohb,"야생 아마존 유역 개체군 대상 리뷰 — 반려 앵무에 그대로 적용되지 않는다. 원문도 사육 개체 적용은 '유사한 감수성' 수준의 서술에 그친다. 비료·배터리가 노출원. 신세뇨관에 축적되어 필수 효소의 아연을 치환하고 산화 스트레스를 유발, 신장에 수십 년 잔류. 원문에 'Cd >5 μg/g 인 Amazona farinosa 의 68% 에서 신장 괴사'라는 조직 농도 수치가 있으나 섭취 임계치가 아니다. 건기에 예후 악화."
F-094-005,S-094,Biology (MDPI),emergency,bird,비소(As) 중독,,,,,,,,,,,면역억제,감염 감수성 증가|체중 감소|신경독성 징후,,,,Table(금속별 표적장기) · Mechanism 절,2026-08-01,,ohb,"야생 아마존 유역 개체군 대상 리뷰 — 반려 앵무에 그대로 적용되지 않는다. 원문도 사육 개체 적용은 '유사한 감수성' 수준의 서술에 그친다. 도시·산업 폐기물, 화석연료가 노출원. T림프구 증식과 항체 생성을 억제해 살모넬라 등 세균과 circovirus·herpesvirus 감수성이 올라간다. 원문에 '깃털 As >2 μg/g 지역의 Ara ararauna 에서 감염성 질환 사망률 40% 증가'라는 조직 농도 기반 수치가 있다."
F-094-006,S-094,Biology (MDPI),emergency,bird,납 — 혈중 진단 기준,,,기타,,,,,,,,신경증상|빈혈|면역억제,,,,,Table: Reference toxicity thresholds in birds,2026-08-01,,ohb,"야생 아마존 유역 개체군 대상 리뷰 — 반려 앵무에 그대로 적용되지 않는다. 원문도 사육 개체 적용은 '유사한 감수성' 수준의 서술에 그친다. ⚠️ 원문 표에 '혈액 >20 μg/dL' 이라는 수치가 있으나 이는 섭취 임계치가 아니라 조직·체액 농도 기반 진단 기준이다 — dose 에 넣지 않고 threshold_type=기타 로 둔다. 원문 표 자체가 '사육/실험 조류의 참고값이므로 야생 외삽에 주의'라고 단서를 단다. 간 >6 μg/g dry weight 는 일부 종에서 치사, 뼈 >10 μg/g 은 만성 축적 지표."
F-094-007,S-094,Biology (MDPI),emergency,bird,아연 — 혈청 진단 기준,,,기타,,,,,,,,면역억제|췌장염|위장관 장애,,,,,Table: Reference toxicity thresholds in birds,2026-08-01,,ohb,"야생 아마존 유역 개체군 대상 리뷰 — 반려 앵무에 그대로 적용되지 않는다. 원문도 사육 개체 적용은 '유사한 감수성' 수준의 서술에 그친다. ⚠️ 원문 표의 '혈청/혈장 >2000 μg/L', '간 >300 μg/g dry weight' 는 섭취 임계치가 아니라 진단 기준이다 — dose 공란, threshold_type=기타. 단위가 μg/L·μg/g dry weight 로 코퍼스 표준 단위와 다르므로 환산하지 않고 note 에만 둔다."
F-094-008,S-094,Biology (MDPI),emergency,bird,카드뮴 — 조직 진단 기준,,,기타,,,,,,,,신장 손상|번식 독성,,,,,Table: Reference toxicity thresholds in birds,2026-08-01,,ohb,"야생 아마존 유역 개체군 대상 리뷰 — 반려 앵무에 그대로 적용되지 않는다. 원문도 사육 개체 적용은 '유사한 감수성' 수준의 서술에 그친다. ⚠️ 원문 표의 '신장 >3 μg/g dry weight'(신장 손상·번식 독성), '간 >1-2 μg/g dry weight'(만성 축적)는 부검·조직 분석 기준이며 섭취 임계치가 아니다. 생체 진단에 바로 쓸 수 없는 값이다."
F-094-009,S-094,Biology (MDPI),emergency,bird,수은 — 조직 진단 기준,,,기타,,,,,,,,신경독성|번식 실패,,,,,Table: Reference toxicity thresholds in birds,2026-08-01,,ohb,"야생 아마존 유역 개체군 대상 리뷰 — 반려 앵무에 그대로 적용되지 않는다. 원문도 사육 개체 적용은 '유사한 감수성' 수준의 서술에 그친다. ⚠️ 원문 표의 '간 >5 μg/g dry weight', '깃털 >5 μg/g dry weight'(만성 노출 지표)는 섭취 임계치가 아니다. 깃털 값은 비침습 모니터링용 지표로 야생 개체군 조사에서 쓰이는 것이며 반려조 진료에 그대로 적용되는 값이 아니다."
F-094-010,S-094,Biology (MDPI),emergency,bird,비소 — 조직 진단 기준,,,기타,,,,,,,,체중 감소|신경독성|면역독성,,,,,Table: Reference toxicity thresholds in birds,2026-08-01,,ohb,"야생 아마존 유역 개체군 대상 리뷰 — 반려 앵무에 그대로 적용되지 않는다. 원문도 사육 개체 적용은 '유사한 감수성' 수준의 서술에 그친다. ⚠️ 원문 표의 '간 >3 μg/g dry weight', '깃털 >1 μg/g dry weight'(만성 노출 지표)는 섭취 임계치가 아니다."
F-094-011,S-094,Biology (MDPI),emergency,bird,금속 이물 섭취(방사선 불투과성 이물),,,,,,,,,,,중금속 중독,토출|무기력·무감동|지남력 상실 행동|운동실조,,,,Clinical case examples 절,2026-08-01,Pinheiro et al. (원문 인용),ohb,"야생 아마존 유역 개체군 대상 리뷰 — 반려 앵무에 그대로 적용되지 않는다. 원문도 사육 개체 적용은 '유사한 감수성' 수준의 서술에 그친다. 브라질 UFPA 수의병원 증례 3건 요약: Aratinga jandaya(체강 내 방사선 불투과성 이물), Nymphicus hollandicus(왕관앵무, Pinheiro 등 보고), Brotogeris chiriri(운동 실조). 모두 대증·킬레이션 치료로 호전. 증례 수가 적어 일반화 불가."
F-094-012,S-094,Biology (MDPI),emergency,bird,중금속 킬레이션 치료(Ca-EDTA),,,,,,,,,,,,,,,,Clinical case examples · Practical takeaway 절,2026-08-01,,ohb,"야생 아마존 유역 개체군 대상 리뷰 — 반려 앵무에 그대로 적용되지 않는다. 원문도 사육 개체 적용은 '유사한 감수성' 수준의 서술에 그친다. ⚠️ 원문 임상 증례에 'Ca-EDTA 70 mg/kg PO BID 7일' 체중당 투여량 있음 — D-09 재검토 필요. 중독 임계치가 아니라 치료 용량이며, S-070 의 CaEDTA 35-40 mg/kg IM 과 투여 경로·용량이 다르다(경구 vs 근육). 병합 시 두 값을 하나로 합치지 말 것. 병용: 젖산링거 수액, 비타민 B 복합제+오메가3, 네뷸라이제이션."
F-094-013,S-094,Biology (MDPI),emergency,bird,반려·도시 적응 앵무의 중금속 노출원,,,,,,,,,,,중금속 중독,,,,,Clinical case examples · Practical takeaway 절,2026-08-01,,ohb,"야생 아마존 유역 개체군 대상 리뷰 — 반려 앵무에 그대로 적용되지 않는다. 원문도 사육 개체 적용은 '유사한 감수성' 수준의 서술에 그친다. 다만 이 항목은 원문이 명시적으로 반려조를 향해 쓴 부분이다 — 사육·가정·도시 적응 앵무도 중금속 노출에서 자유롭지 않으며, 도장(페인트)·배터리·오염된 물과 먹이 등 인공물 접촉 때문에 오히려 위험이 높을 수 있다고 기술. 원문은 이를 '과소진단되고 있는 실제 위험'으로 표현. 그래도 정량 근거는 야생 개체군 데이터에서 온 것이다."
F-094-014,S-094,Biology (MDPI),symptom,bird,중금속 중독 의심 징후,,,,,,,,,,,,토출|무기력·무감동|지남력 상실·이상 행동|진전|경련|운동실조|설사|식욕부진,,,,Practical takeaway 절,2026-08-01,,ohb,야생 아마존 유역 개체군 대상 리뷰 — 반려 앵무에 그대로 적용되지 않는다. 원문도 사육 개체 적용은 '유사한 감수성' 수준의 서술에 그친다. 원문이 보호자·수의사용으로 정리한 '관찰해야 할 임상 징후' 목록. 방사선상 소화관 내 방사선 불투과성 물질도 포함된다. ⚠️ 원문은 징후를 나열할 뿐 '병원에 가라'는 행동 지시를 하지 않으므로 지침 §4 에 따라 triage_level 을 비웠다 — 등급이 필요하면 팀장 판단 요망.
F-094-015,S-094,Biology (MDPI),emergency,bird,중금속 상승작용(복합 노출),,,,,,,,,,,신경독성 증폭|장내 흡수 증가,,,,,Mechanism 절,2026-08-01,,ohb,"야생 아마존 유역 개체군 대상 리뷰 — 반려 앵무에 그대로 적용되지 않는다. 원문도 사육 개체 적용은 '유사한 감수성' 수준의 서술에 그친다. 수은+유기인계 농약은 아세틸콜린에스터라제를 함께 억제해 신경독성이 악화되고, 산성 토양에서 납+카드뮴은 장내 흡수가 30-50% 증가한다고 기술. 이 30-50% 는 흡수율 증가폭이지 섭취 임계치가 아니다. 단일 금속 기준으로 안전을 판단하면 과소평가가 될 수 있다는 점이 요지."
F-094-016,S-094,Biology (MDPI),emergency,bird,중금속의 조직 잔류·비생분해성,,,,,,,,,,,오염원 제거 후에도 수십 년 조직 잔류,,,,,Key exposure sources 절,2026-08-01,,ohb,"야생 아마존 유역 개체군 대상 리뷰 — 반려 앵무에 그대로 적용되지 않는다. 원문도 사육 개체 적용은 '유사한 감수성' 수준의 서술에 그친다. 금속은 비생분해성이라 오염원이 제거된 뒤에도 조직에 수십 년 남는다. 카드뮴은 신장, 수은은 간(반감기 2년 초과)에 잔류. 회복 판정이 노출 중단만으로 이뤄질 수 없다는 근거. 야생 개체군 관찰에서 온 서술이다."
F-095-001,S-095,香港漁農自然護理署 (AFCD),toxicity_plant,cat,수선화,,,,,,,,,,CALL_NOW,"소화기 자극, 중증 시 중추신경계 영향",구토|설사|복통|식욕부진|전신 경련|심박 이상,,,,「水仙 Narcissuse」 절,2026-08-01,,ohb,원문 표기: 水仙 Narcissuse (중국어 번체). 영문 병기가 'Narcissuse'로 원문 오식(Narcissus)이나 지침대로 고치지 않고 note 에만 적는다. ★이 자료 전체 공통 메모(대표 행): ① triage_level=CALL_NOW 는 개별 식물 항목이 아니라 머리말의 행동 지시 '如果你懷疑你的寵物誤食了下列植物並出現不良反應，請立刻聯絡你的獸醫尋求意見或進行治療' (오식이 의심되고 이상 반응이 있으면 즉시 수의사에게 연락) 에서 왔다 — 전 행에 동일하게 적용했다. ② 원문에 용량·발현 시각 기술이 전혀 없어 dose·onset 은 전 행 비웠다. ③ 급여 가부를 말하는 자료가 아니므로 feeding_level 은 전 행 비웠다(S-008 과 동일 처리). ④ 학명은 富貴竹(Dracaena sanderiana) 한 곳에만 있고 나머지는 영문 통용명 병기뿐이다.
F-095-002,S-095,香港漁農自然護理署 (AFCD),toxicity_plant,cat,백합,,,역치 없음,,,,,,,CALL_NOW,"심장·폐·신장 손상, 중증 시 혼수·사망",혼수,,,,「百合花 Lily」 절,2026-08-01,,ohb,원문 표기: 百合花 Lily (중국어 번체). 원문 '對貓來說是第一劇毒，即使食用少量亦可引致中毒' (고양이에게 가장 독성이 강하며 소량 섭취로도 중독) → threshold_type=역치 없음. 수치는 없다. 종 수준(백합속) 서술이라 학명은 비웠다 — 종별 학명은 S-008 F-008-001~005 에 있다.
F-095-003,S-095,香港漁農自然護理署 (AFCD),toxicity_plant,cat,개운죽(럭키뱀부),Dracaena sanderiana,,,,,,,,,CALL_NOW,중독,유연(침흘림)|구토|식욕부진,,,,「富貴竹 Lucky Bamboo」 절,2026-08-01,,ohb,원문 표기: 富貴竹 Lucky Bamboo (중국어 번체). 원문에 학명 Dracaena sanderiana 가 병기돼 있어 학명을 앵커로 한국어명을 정했다(개운죽). 원문 '視乎攝取量，可能會導致更嚴重的症狀' — 섭취량에 따라 더 심해질 수 있다고만 하고 수치는 없다.
F-095-004,S-095,香港漁農自然護理署 (AFCD),toxicity_plant,cat,진달래·철쭉류(아잘레아),,,,,,,,,,CALL_NOW,"신경·심근 독성, 중증 시 사망",구강 자극|구토|설사,,,,「杜鵑花 Azalea」 절,2026-08-01,,ohb,원문 표기: 杜鵑花 Azalea (중국어 번체). 원문 '只需數片花葉，即可嚴重損害' — 꽃잎·잎 '몇 장'만으로도 심각하다고 하나 '數片'은 수치가 아니어서 dose 를 비웠다. 학명 없음 — S-008 F-008-050 은 Rhododendron spp.
F-095-005,S-095,香港漁農自然護理署 (AFCD),toxicity_plant,cat,국화,,,역치 없음,,,,,,,,,,,,,「菊花 Chrysanthemum / Mums」 절,2026-08-01,,ohb,"⚠️ 검수 확정(2026-08-01) — **원문 복붙 오류로 판단.** AFCD 원문 25-26행의 국화 서술이 16-17행 백합 서술과 **글자 하나 안 틀리고 동일**하다(""對貓來說是第一劇毒…昏迷甚至死亡""). 주변 항목(富貴竹·萬年青)은 각각 다른 서술을 갖는다. 같은 기관 개 자료(F-096-002)는 위장관·피부염만 기술하고 ASPCA(F-008-043)도 등급 없이 Toxic 으로만 둔다. 원문을 고치지 않되 **백합급 서술을 문장으로 내보내지 않기 위해** effect·signs 를 비웠다. 국화의 독성 자체는 ASPCA F-008-043 이 뒷받침한다. 원문 표기: 菊花 (중국어)"
F-095-006,S-095,香港漁農自然護理署 (AFCD),toxicity_plant,cat,디펜바키아,Dieffenbachia,,,,,,,,,CALL_NOW,"중독, 중증 시 혼수·사망",구역질|구토|복통|설사,,,,「萬年青 Dieffenbachia」 절,2026-08-01,,ohb,원문 표기: 萬年青 Dieffenbachia (중국어 번체). ⚠️한자명 주의 — 한국어 '만년청'은 Rohdea japonica 로 다른 식물이다. 원문이 영문으로 속명 Dieffenbachia 를 병기해 이를 앵커로 삼았다(S-008 F-008-017 과 동일 표기). 또한 원문은 '含有神經毒素'(신경독소 함유)라 적었으나 디펜바키아의 주 독성분은 불용성 수산칼슘이다 — 원문대로 옮기되 성분 기술은 채우지 않았다. 검수 필요.
F-095-007,S-095,香港漁農自然護理署 (AFCD),toxicity_plant,cat,튤립,,,,,,,,,,CALL_NOW,소화기 자극,침울|설사|구토|구역질,,,,「鬱金香 Tulip」 절,2026-08-01,,ohb,원문 표기: 鬱金香 Tulip (중국어 번체). 학명 없음.
F-095-008,S-095,香港漁農自然護理署 (AFCD),toxicity_plant,cat,알로에,,외피,,,,,,,,CALL_NOW,만성 중독(외피의 에모딘),설사|구토|유연(침흘림)|발열,,,,「蘆薈 Aloe」 절,2026-08-01,,ohb,"원문 표기: 蘆薈 Aloe (중국어 번체). 원문 '外皮的大黃素' — 외피의 대황소(에모딘, emodin) 를 원인으로 지목. 학명 없음(S-008 F-008-015 는 Aloe vera)."
F-095-009,S-095,香港漁農自然護理署 (AFCD),toxicity_plant,cat,히아신스,,전체|비늘줄기(구근),,,,,,,,CALL_NOW,위장관 자극,위경련|구토|설사,,,,「風信子 Hyacinth」 절,2026-08-01,,ohb,원문 표기: 風信子 Hyacinth (중국어 번체). 원문 '整個風信子…特別是鱗莖' — 전체가 유독하되 특히 비늘줄기.
F-095-010,S-095,香港漁農自然護理署 (AFCD),toxicity_plant,cat,수국,,,,,,,,,,CALL_NOW,위장관 자극(독성 상대적으로 낮음),위통|구토,,,,「繡球花 Hydrangea」 절,2026-08-01,,ohb,원문 표기: 繡球花 Hydrangea (중국어 번체). 원문 '毒性相對較低'(독성이 상대적으로 낮다) — 같은 기관의 개 자료(S-096)는 같은 식물에서 시안배당체를 지목해 서술 강도가 다르다. 검수 시 대조 필요.
F-095-011,S-095,香港漁農自然護理署 (AFCD),toxicity_plant,cat,아이비(헤데라),,,,,,,,,,CALL_NOW,구강·소화기 자극,구강 불편감|구토|설사|복통,,,,「常春藤 Ivy」 절,2026-08-01,,ohb,원문 표기: 常春藤 Ivy (중국어 번체). 원문 '不同品種的毒性以及風險亦不相同' — 품종에 따라 독성이 다르다고 명시하므로 특정 종으로 좁히지 않았다(S-008 F-008-023 은 Hedera helix).
F-095-012,S-095,香港漁農自然護理署 (AFCD),toxicity_plant,cat,포인세티아,,유액(흰 수액),,,,,,,,CALL_NOW,피부 알레르기·위장관 자극(경미),유연(침흘림)|구토|설사|복통,,,,「聖誕花 Poinsettia」 절,2026-08-01,,ohb,원문 표기: 聖誕花 Poinsettia (중국어 번체). 원문 '輕微毒性'(경미한 독성). 학명 없음(S-008 F-008-037 은 Euphorbia pulcherrima).
F-096-001,S-096,香港漁農自然護理署 (AFCD),toxicity_plant,dog,튤립,,구근,,,,,,,,CALL_NOW,중증 중독(독성이 구근에 집중),과다 유연(침흘림)|구토|설사|침울|전신 경련|심박 이상,,,,「鬱金香 Tulip」 절,2026-08-01,,ohb,원문 표기: 鬱金香 Tulip (중국어 번체). ★이 자료 전체 공통 메모(대표 행): ① triage_level=CALL_NOW 는 머리말의 행동 지시 '請立刻聯絡你的獸醫尋求意見或進行治療'(즉시 수의사에게 연락해 상담·치료) 에서 왔다 — 개별 항목 지시가 아니며 전 행에 동일 적용했다. ② 용량·발현 시각 기술이 전혀 없어 dose·onset 은 전 행 비웠다. ③ 급여 가부 자료가 아니므로 feeding_level 은 전 행 비웠다. ④ S-095(고양이)와 겹치는 식물이 9종이지만 종이 다르므로 지침 규칙 4에 따라 행을 나눴다 — 실제로 증상 서술도 서로 다르다(예: 수국·알로에).
F-096-002,S-096,香港漁農自然護理署 (AFCD),toxicity_plant,dog,국화,,,,,,,,,,CALL_NOW,위장관 자극·피부염,구토|설사|유연(침흘림)|피부염,,,,「菊花 Chrysanthemum / Mums」 절,2026-08-01,,ohb,원문 표기: 菊花 Chrysanthemum / Mums (중국어 번체). 같은 기관 고양이 자료(S-095 F-095-005)는 국화를 '第一劇毒'으로 적었는데 이 개 자료는 위장관 증상·피부염만 말한다 — 두 자료의 서술 강도가 크게 다르다. 검수 시 대조 필요.
F-096-003,S-096,香港漁農自然護理署 (AFCD),toxicity_plant,dog,수선화,,꽃봉오리,,,,,,,,CALL_NOW,"소화기 자극, 다량 섭취 시 신경·순환기 이상",구토|설사|유연(침흘림)|경련|저혈압|떨림|부정맥,,,,「水仙花 Narcissuse」 절,2026-08-01,,ohb,원문 표기: 水仙花 Narcissuse (중국어 번체). 원문 '花苞是毒性最強的部位'(꽃봉오리가 가장 독성이 강한 부위) — 미국 자료(S-100 Cornell)는 구근을 지목해 부위 기술이 다르다. '大量服食'(다량 섭취) 라고만 하고 수치는 없다.
F-096-004,S-096,香港漁農自然護理署 (AFCD),toxicity_plant,dog,알로에,,,,,,,,,,CALL_NOW,위장관 자극·요색 변화,구토|설사|소변 색 변화,,,,「蘆薈 Aloe」 절,2026-08-01,,ohb,원문 표기: 蘆薈 Aloe (중국어 번체). 학명 없음.
F-096-005,S-096,香港漁農自然護理署 (AFCD),toxicity_plant,dog,진달래·철쭉류(아잘레아),,,,,,,,,,CALL_NOW,위장관 자극·심부전,구토|설사|무력감|심부전,,,,「杜鵑 Azalea」 절,2026-08-01,,ohb,원문 표기: 杜鵑 Azalea (중국어 번체). 학명 없음.
F-096-006,S-096,香港漁農自然護理署 (AFCD),toxicity_plant,dog,수국,,,,,,,,,,CALL_NOW,시안배당체에 의한 시안화물 중독·위장관 기능 이상,구토|설사|침울,,,,「繡球花 Hydrangea」 절,2026-08-01,,ohb,원문 표기: 繡球花 Hydrangea (중국어 번체). 원문 '含有天然毒素氰甙'(천연 독소 시안배당체 함유). 고양이 자료(S-095)는 같은 식물을 '독성이 상대적으로 낮다'고 적어 상반된다. 검수 필요.
F-096-007,S-096,香港漁農自然護理署 (AFCD),toxicity_plant,dog,베고니아,,뿌리,,,,,,,,CALL_NOW,가용성 수산칼슘에 의한 중독,유연(침흘림)|삼킴 곤란|구토,,,,「海棠 Begonia」 절,2026-08-01,,ohb,원문 표기: 海棠 Begonia (중국어 번체). ⚠️한자명 주의 — 중국어 '海棠'은 보통 꽃사과(Malus) 를 가리키고 베고니아는 '四季海棠'이다. 원문이 영문으로 Begonia 를 병기했고 서술(가용성 수산칼슘·뿌리에 독소 집중)이 베고니아와 일치해 이를 앵커로 삼았다(S-019 F-019-036 Begonia spp. 와 동일 대상). 원문은 '可溶性草酸鈣'(가용성 수산칼슘) 이라 적었다 — 원문대로 옮겼다.
F-096-008,S-096,香港漁農自然護理署 (AFCD),toxicity_plant,dog,카네이션,,,,,,,,,,CALL_NOW,위장관 자극·피부염,위장관 불편감|피부염,,,,「康乃馨 Carnation」 절,2026-08-01,,ohb,원문 표기: 康乃馨 Carnation (중국어 번체). 학명 없음(S-019 F-019-044 는 Dianthus caryophyllus).
F-096-009,S-096,香港漁農自然護理署 (AFCD),toxicity_plant,dog,포인세티아,,유액(흰 수액),,,,,,,,CALL_NOW,장관 자극(경미한 독성),구역질|구토|유연(침흘림)|설사,,,,「聖誕花 Poinsettia」 절,2026-08-01,,ohb,원문 표기: 聖誕花 Poinsettia (중국어 번체). 원문 '像清潔劑般刺激'(세제처럼 자극적) — 비유 표현이라 옮기지 않았다.
F-096-010,S-096,香港漁農自然護理署 (AFCD),toxicity_plant,dog,아이비(헤데라),,,,,,,,,,CALL_NOW,구강·장관 자극,복통|설사|구토|과다 유연(침흘림),,,,「常春藤 Ivy」 절,2026-08-01,,ohb,원문 표기: 常春藤 Ivy (중국어 번체). 원문 '並非全部有毒，但具危險性'(전부가 유독한 것은 아니나 위험하다) — 종을 좁히지 않았다.
F-096-011,S-096,香港漁農自然護理署 (AFCD),toxicity_plant,dog,백합,,,,,,,,,,CALL_NOW,위장관 불편감,구토|설사|식욕부진|유연(침흘림),,,,「百合花 Lily」 절,2026-08-01,,ohb,"원문 표기: 百合花 Lily (중국어 번체). ★중요 — 같은 기관의 고양이 자료(S-095 F-095-002)는 백합을 '第一劇毒'(심장·폐·신장 손상, 사망 가능)으로 적는 반면 개 자료인 여기서는 '腸胃不適'(위장관 불편감) 수준으로만 적는다. 종간 감수성 차이(고양이 신독성)를 뒷받침하는 대조 행이다 — S-098 F-098-009 와 함께 볼 것."
F-096-012,S-096,香港漁農自然護理署 (AFCD),toxicity_plant,dog,개운죽(럭키뱀부),Dracaena sanderiana,,,,,,,,,CALL_NOW,경도~중등도 중독,유연(침흘림)|구토|기력 저하,,,,「富貴竹 Lucky Bamboo」 절,2026-08-01,,ohb,원문 표기: 富貴竹 Lucky Bamboo (중국어 번체). 원문에 학명 Dracaena sanderiana 병기 — 학명을 앵커로 한국어명을 정했다. 원문 '毒性通常被認為輕度至中度'(경도~중등도로 본다).
F-097-001,S-097,環境省自然環境局 総務課 動物愛護管理室,toxicity_food,mammal,생 어패류·갑각류(오징어·문어·마른오징어·게·새우),,,,,,,,,CAUTION,,"소화 불량, 목 막힘",설사|구토,,,,「1-5 避けたい食材、注意が必要な食材」 절 — 注意が必要なもの、与えすぎないほうが良いもの — 「イカ、タコなどの魚介類やカニ、エビなどの甲殻類」,2026-08-01,,ohb,"원문 표기: イカ、タコなどの魚介類やカニ、エビなどの甲殻類 (일본어). ★이 자료 전체 공통 메모(대표 행): ① feeding_level=CAUTION 은 절 제목 '注意が必要なもの、与えすぎないほうが良いもの'(주의가 필요한 것, 너무 많이 주지 않는 편이 좋은 것) 에서 왔다 — 항목별 지시가 아니라 절 수준 등급이다. ② 원문에 행동 지시(수의사 연락 등)가 없어 triage_level 은 전 행 비웠다. ③ 수치가 전혀 없어 dose·threshold_type 은 전 행 비웠다. ④ 배정표 species 는 mammal 이고 원문 대상도 犬・猫 이나, 항목이 '猫には'처럼 한쪽만 말하면 좁혔다. 이 행은 소화 불량 기술로 犬・猫 공통이라 mammal 이다 — 비타민B1 관련 기술은 猫 한정이라 별도 행(F-097-002)으로 나눴다. ⑤ 원문은 '加熱調理して与えれば問題はありません'(가열 조리하면 문제없다) 라고 덧붙인다."
F-097-002,S-097,環境省自然環境局 総務課 動物愛護管理室,toxicity_food,cat,생 어패류·갑각류(비타민 B1 분해효소),,,,,,,,,CAUTION,,비타민 B1 결핍,뒷다리 마비,,,,「1-5 避けたい食材、注意が必要な食材」 절 — 注意が必要なもの、与えすぎないほうが良いもの — 「イカ、タコなどの魚介類やカニ、エビなどの甲殻類」,2026-08-01,,ohb,원문 '生のイカや貝などの魚介類や、カニ、エビなどの甲殻類はビタミンB1を分解する酵素を持っているため、猫に与えると体内のビタミンB1が欠乏して後脚の麻痺をおこします' — 猫 한정 기술이라 species 를 cat 으로 좁혔다. 가열 조리 시 문제없다고 원문이 덧붙인다.
F-097-003,S-097,環境省自然環境局 総務課 動物愛護管理室,toxicity_food,mammal,시금치,,,,,,,,,CAUTION,,수산칼슘 요석증,,,,,「1-5 避けたい食材、注意が必要な食材」 절 — 注意が必要なもの、与えすぎないほうが良いもの — 「ホウレン草」,2026-08-01,,ohb,원문 표기: ホウレン草 (일본어). 원문 'シュウ酸が多く含まれている'(수산 다량 함유). '茹でてアク抜きをする'(데쳐서 떫은맛을 빼면) 수산량을 줄일 수 있다고 덧붙인다. 증상 기술은 없다.
F-097-004,S-097,環境省自然環境局 総務課 動物愛護管理室,toxicity_food,mammal,생콩·견과류,,,,,,,,,CAUTION,,소화 불량,설사|구토,,,,「1-5 避けたい食材、注意が必要な食材」 절 — 注意が必要なもの、与えすぎないほうが良いもの — 「生の豆やナッツ類」,2026-08-01,,ohb,원문 표기: 生の豆やナッツ類 (일본어). 원문은 두부·낫토 등 가공식품은 소화 문제가 없으나 마그네슘이 많아 결석이 생기기 쉽다는 '설(說)'이 있다고만 적는다 — 단정이 아니어서 별도 행으로 만들지 않았다.
F-097-005,S-097,環境省自然環境局 総務課 動物愛護管理室,toxicity_food,dog,초콜릿(테오브로민),,,,,,,,,,,테오브로민 중독,구토|설사|발열|경련 발작,,,,「1-5 避けたい食材、注意が必要な食材」 절 — 注意が必要なもの、与えすぎないほうが良いもの — 「チョコレート」,2026-08-01,,ohb,원문 표기: チョコレート (일본어). ⚠️팀장 확인 요망 — 원문은 초콜릿을 '注意が必要なもの、与えすぎないほうが良いもの'(주의·과다 급여 금지) 절 **안에** 두었지만 항목 본문에는 급여 가부 지시가 없다. 절 제목만 근거로 CAUTION 을 붙이면 S-034(개 초콜릿 NEVER)와 병합 시 등급이 충돌하고 실제 위험도보다 낮게 나간다 — 그래서 이 행만 feeding_level 을 비웠다. 판단 필요. 수치는 원문에 없다.
F-097-006,S-097,環境省自然環境局 総務課 動物愛護管理室,toxicity_food,cat,초콜릿(테오브로민),,,,,,,,,,,테오브로민 중독,구토|설사|발열|경련 발작,,,,「1-5 避けたい食材、注意が必要な食材」 절 — 注意が必要なもの、与えすぎないほうが良いもの — 「チョコレート」,2026-08-01,,ohb,원문 '犬ほどではありませんが猫でも同様の症状をおこすことがあります'(개만큼은 아니지만 고양이도 같은 증상) — 종별 기술이 나뉘어 지침 규칙 4에 따라 개(F-097-005)와 행을 나눴다. feeding_level 은 F-097-005 와 같은 이유로 비웠다.
F-097-007,S-097,環境省自然環境局 総務課 動物愛護管理室,toxicity_food,mammal,커피·녹차·홍차(카페인),,,,,,,,,CAUTION,,카페인 중독,설사|구토|체온 이상|다뇨|요실금|간질 발작,,,,「1-5 避けたい食材、注意が必要な食材」 절 — 注意が必要なもの、与えすぎないほうが良いもの — 「コーヒーや緑茶、紅茶など」,2026-08-01,,ohb,원문 표기: コーヒーや緑茶、紅茶など (일본어). 원문 '犬や猫は' — 개·고양이 공통이라 mammal.
F-097-008,S-097,環境省自然環境局 総務課 動物愛護管理室,toxicity_food,mammal,날달걀(아비딘),,,,,,,,,CAUTION,,아비딘에 의한 피부염·성장 불량,피부염|성장 불량,,,,「1-5 避けたい食材、注意が必要な食材」 절 — 注意が必要なもの、与えすぎないほうが良いもの — 「生卵」,2026-08-01,,ohb,원문 표기: 生卵 (일본어). '加熱調理して与えれば問題はありません'(가열 조리하면 문제없다).
F-097-009,S-097,環境省自然環境局 総務課 動物愛護管理室,toxicity_food,mammal,설탕,,,,,,,,,CAUTION,,비타민 B1 결핍증·칼슘 부족,,,,,「1-5 避けたい食材、注意が必要な食材」 절 — 注意が必要なもの、与えすぎないほうが良いもの — 「砂糖」,2026-08-01,,ohb,원문 표기: 砂糖 (일본어). 원문 '糖質吸収などのため、ビタミンB1やカルシウムが余分に使われ' — 당질 흡수에 비타민B1·칼슘이 여분으로 쓰인다는 기전 설명. 증상은 결핍증 자체로만 기술돼 signs 를 비웠다.
F-097-010,S-097,環境省自然環境局 総務課 動物愛護管理室,toxicity_food,mammal,마른멸치·김,,,,,,,,,CAUTION,,마그네슘 과잉에 의한 요로 질환,,,,,「1-5 避けたい食材、注意が必要な食材」 절 — 注意が必要なもの、与えすぎないほうが良いもの — 「にぼし、海苔」,2026-08-01,,ohb,원문 표기: にぼし、海苔 (일본어). 원문 '犬や猫には、マグネシウムの過剰が要因となり尿路疾患'.
F-097-011,S-097,環境省自然環境局 総務課 動物愛護管理室,toxicity_food,cat,쌀밥,,,,,,,,,CAUTION,,비타민·미네랄 부족에 의한 성장 불량·비만,성장 불량|비만,,,,「1-5 避けたい食材、注意が必要な食材」 절 — 注意が必要なもの、与えすぎないほうが良いもの — 「米飯」,2026-08-01,,ohb,원문 표기: 米飯 (일본어). 원문 '猫には、成長不良、肥満の症状を引き起こす' — 猫 한정 기술이라 cat 으로 좁혔다.
F-097-012,S-097,環境省自然環境局 総務課 動物愛護管理室,toxicity_food,cat,간(레버),,,,,,,,,CAUTION,,"비타민 A·D 과잉, 장기 급여 시 칼슘 부족·뼈 발육 이상",식욕부진|관절염|보행 장애|뼈 발육 이상,,,,「1-5 避けたい食材、注意が必要な食材」 절 — 注意が必要なもの、与えすぎないほうが良いもの — 「レバー」,2026-08-01,,ohb,원문 표기: レバー (일본어). 원문 '猫には、ビタミンA、Dの過剰が要因' — 猫 한정 기술이라 cat 으로 좁혔다. '長期間与え続けると'(장기간 계속 급여하면) 라고만 하고 기간·양의 수치는 없다.
F-097-013,S-097,環境省自然環境局 総務課 動物愛護管理室,toxicity_food,mammal,생선(생식 — 송어·대구·청어·넙치·잉어 등),,,,,,,,,CAUTION,,비타민 B1 분해효소에 의한 비타민 B1 결핍증,급성 마비,,,,「1-5 避けたい食材、注意が必要な食材」 절 — 注意が必要なもの、与えすぎないほうが良いもの — 「生魚（マス、タラ、ニシン、ヒラメ、コイなど）」,2026-08-01,,ohb,"원문 표기: 生魚（マス、タラ、ニシン、ヒラメ、コイなど）(일본어). 어종은 가타카나 표기를 학명 없이 옮겼다 — マス=송어, タラ=대구, ニシン=청어, ヒラメ=넙치, コイ=잉어. 널리 통용되는 대응이나 학명 앵커는 없다. '適切に加熱調理してやれば問題は起こりません'(적절히 가열 조리하면 문제없다)."
F-097-014,S-097,環境省自然環境局 総務課 動物愛護管理室,toxicity_food,mammal,우유(모유 대용),,,,,,,,자견·자묘,CAUTION,,에너지·단백질 부족에 의한 성장 장애,,,,,「その他の注意事項」 절 — 「牛乳」,2026-08-01,,ohb,원문 표기: 牛乳 (일본어). 원문 '子犬や子猫に母乳の代わりに牛乳を与えると、エネルギー（カロリー）やたん白質が不足して、健全に成長できない場合があります' → life_stage=자견·자묘. 원문은 '子犬や子猫には専用のミルクを与えましょう'(전용 밀크를 주라) 로 권고하나 이는 급여 권고이지 수의 행동 지시가 아니어서 triage_level 은 비웠다. feeding_level 은 이 항목이 절 제목 CAUTION 밖(その他の注意事項)에 있으나 '주의가 필요하다'는 본문 취지에 따라 CAUTION 으로 두었다 — 검수 필요.
F-097-015,S-097,環境省自然環境局 総務課 動物愛護管理室,toxicity_food,mammal,사람용 미네랄워터,,,,,,,,,CAUTION,,마그네슘 등 미네랄 과잉 우려,,,,,「その他の注意事項」 절 — 「人間用のミネラルウォーター」,2026-08-01,,ohb,원문 표기: 人間用のミネラルウォーター (일본어). 원문 '注意が必要です'(주의가 필요하다) 로만 적고 구체 증상·수치는 없다.
F-097-016,S-097,環境省自然環境局 総務課 動物愛護管理室,toxicity_food,mammal,사람용 반찬·햄·소시지(염분),,,,,,,,,CAUTION,,염분 과잉 섭취로 심장·신장 부담,,,,,「味覚の違い（参考）」 절,2026-08-01,,ohb,원문 표기: 惣菜やハム、ソーセージなど (일본어). 원문 '犬・猫は人間以上に塩分の摂りすぎに注意'. 같은 절에 '犬は甘みのある食べ物が大好きなため、与えすぎると肥満の原因'(개는 단 것을 좋아해 과다 급여 시 비만) 도 있으나 물질이 특정되지 않아 별도 행으로 만들지 않았다.
F-097-017,S-097,環境省自然環境局 総務課 動物愛護管理室,toxicity_plant,mammal,디펜바키아,,,,,,,,,,,중독,,,,,「5-3 こんなことにも気をつけましょう：観葉植物による中毒」 절,2026-08-01,,ohb,원문 표기: ディヘンバキア（サトイモ科）(일본어). 원문 가타카나가 'ディヘンバキア'로 통상 표기'ディフェンバキア'와 다르나 과명 サトイモ科(천남성과)와 함께 보면 Dieffenbachia 로 특정된다 — 원문에 학명은 없다. ★이 절 공통 메모(대표 행): 원문은 8종을 '犬や猫に潜在的な危険性を持つ' 목록으로만 제시하고 성분·증상·용량·부위 기술이 전혀 없다 — effect 를 '중독'으로만 두고 signs·dose 를 비운 것은 원문에 없기 때문이다. 학명은 8행 전부 원문에 없어 비웠다.
F-097-018,S-097,環境省自然環境局 総務課 動物愛護管理室,toxicity_plant,mammal,셀로움,,,,,,,,,,,중독,,,,,「5-3 こんなことにも気をつけましょう：観葉植物による中毒」 절,2026-08-01,,ohb,원문 표기: セローム（サトイモ科）(일본어). ⚠️학명 없음 — セローム 은 일본 화훼 유통명으로 통상 Philodendron selloum(현 Thaumatophyllum bipinnatifidum) 을 가리키나 원문에 학명이 없어 확정할 수 없다. 지침대로 추측 번역 대신 원문 가타카나의 음을 그대로 옮겨 '셀로움'으로 두고 학명은 비웠다. 검수 필요.
F-097-019,S-097,環境省自然環境局 総務課 動物愛護管理室,toxicity_plant,mammal,아이비(서양송악),,,,,,,,,,,중독,,,,,「5-3 こんなことにも気をつけましょう：観葉植物による中毒」 절,2026-08-01,,ohb,원문 표기: アイビー（セイヨウキヅタ、ウコギ科）(일본어). セイヨウキヅタ 는 통상 Hedera helix 를 가리키나 원문에 학명이 없어 scientific_name 을 비웠다. 과명은 ウコギ科(두릅나무과). S-008 F-008-023 / S-019 F-019-022 의 Hedera helix 와 같은 대상으로 보이나 학명 앵커가 없어 단정하지 않는다.
F-097-020,S-097,環境省自然環境局 総務課 動物愛護管理室,toxicity_plant,mammal,주목,,,,,,,,,,,중독,,,,,「5-3 こんなことにも気をつけましょう：観葉植物による中毒」 절,2026-08-01,,ohb,원문 표기: イチイ（イチイ科）(일본어). イチイ 는 통상 Taxus cuspidata(주목) 를 가리키나 원문에 학명이 없다. S-019 F-019-052(Taxus sp.)·F-019-053(Taxus baccata) 과 같은 속으로 보인다.
F-097-021,S-097,環境省自然環境局 総務課 動物愛護管理室,toxicity_plant,mammal,클레마티스(으아리류),,,,,,,,,,,중독,,,,,「5-3 こんなことにも気をつけましょう：観葉植物による中毒」 절,2026-08-01,,ohb,원문 표기: クレマチス（テッセン、キンポウゲ科）(일본어). 원문이 병기한 テッセン(鉄線) 은 좁게는 Clematis florida 를 가리키지만 원문에 학명이 없어 속 수준으로만 두었다. 과명 キンポウゲ科(미나리아재비과).
F-097-022,S-097,環境省自然環境局 総務課 動物愛護管理室,toxicity_plant,mammal,은방울꽃,,,,,,,,,,,중독,,,,,「5-3 こんなことにも気をつけましょう：観葉植物による中毒」 절,2026-08-01,,ohb,원문 표기: スズラン（ユリ科）(일본어). スズラン 은 은방울꽃(통상 Convallaria) 으로 대응이 확실하나 원문에 학명이 없어 scientific_name 은 비웠다. S-008 F-008-009 / S-019 F-019-008 (Convallaria majalis) 과 S-100 F-100-002(lily of the valley) 와 같은 대상이다.
F-097-023,S-097,環境省自然環境局 総務課 動物愛護管理室,toxicity_plant,mammal,크로커스,,,,,,,,,,,중독,,,,,「5-3 こんなことにも気をつけましょう：観葉植物による中毒」 절,2026-08-01,,ohb,"원문 표기: クロッカス（アヤメ科）(일본어). ★주의 — 원문이 과명을 アヤメ科(붓꽃과)로 명시하므로 진짜 크로커스(Crocus 속)이며, S-008 F-008-056 '콜키쿰(가을크로커스, Colchicum autumnale)' 과는 **다른 식물**이다(콜키쿰은 콜키쿰과). 병합 시 혼동 주의."
F-097-024,S-097,環境省自然環境局 総務課 動物愛護管理室,toxicity_plant,mammal,시클라멘,,,,,,,,,,,중독,,,,,「5-3 こんなことにも気をつけましょう：観葉植物による中毒」 절,2026-08-01,,ohb,원문 표기: シクラメン（サクラソウ科）(일본어). 과명 サクラソウ科(앵초과). 가타카나 외래어라 대응이 확실하다. S-008 F-008-039 / S-019 F-019-039 (Cyclamen spp.) 와 같은 대상.
F-098-001,S-098,"Toxins (MDPI), 2023, 15(7):442",toxicity_plant,cat,양파,Allium cepa / A. cepa var. aggregatum,,임상징후 발현,5,g/kg,,,,,,산화적 적혈구 손상에 의한 하인츠소체 용혈성 빈혈,혈색소뇨|침울|식욕부진|무력감|운동실조|떨림|점막 창백|심박수 증가|호흡수 증가|구토|설사|황달|복통|호기·체취의 강한 양파 냄새,,,,"Summary Table: Toxic Plants, Toxins, Species, and Toxic Doses + 「Detail: Allium spp.」 절",2026-08-01,"Nagy AL et al., Toxins 2023, 15(7):442",ohb,"원문 표 머리글이 'Toxic dose' 이고 본문이 'Cats: 5 g/kg onion' 이라 threshold_type=임상징후 발현. 단위는 원문 그대로 g/kg 이다(mg/kg 아님). 고양이가 개보다 감수성이 높은 이유를 원문이 제시한다 — 고양이 헤모글로빈의 티올기 8개 vs 개 4개, 간 글루쿠론산 포합 능력이 낮음. 생·상한 것·분말·가열 모두 유독하며 효과가 누적된다고 원문이 명시. 국내 식재료로 흔하다."
F-098-002,S-098,"Toxins (MDPI), 2023, 15(7):442",toxicity_plant,dog,양파,Allium cepa / A. cepa var. aggregatum,,임상징후 발현,15-30,g/kg,,,,,,산화적 적혈구 손상에 의한 하인츠소체 용혈성 빈혈,혈색소뇨|침울|식욕부진|무력감|운동실조|떨림|점막 창백|심박수 증가|호흡수 증가|구토|설사|황달|복통|호기·체취의 강한 양파 냄새,,,,"Summary Table: Toxic Plants, Toxins, Species, and Toxic Doses + 「Detail: Allium spp.」 절",2026-08-01,"Nagy AL et al., Toxins 2023, 15(7):442",ohb,원문 'Dogs: 15-30 g/kg' — 고양이(5 g/kg)와 임계치가 달라 지침 규칙 4에 따라 행을 나눴다. 적혈구 글루타티온·칼륨이 유전적으로 높은 일부 품종은 더 감수성이 높다고 원문이 덧붙인다.
F-098-003,S-098,"Toxins (MDPI), 2023, 15(7):442",toxicity_plant,mammal,마늘,Allium sativa,,임상징후 발현,5,g/kg,,,,,,산화적 적혈구 손상에 의한 하인츠소체 용혈성 빈혈,혈색소뇨|침울|식욕부진|무력감|운동실조|떨림|점막 창백|심박수 증가|호흡수 증가|구토|설사|황달|복통|호기·체취의 강한 양파 냄새,,,,"Summary Table: Toxic Plants, Toxins, Species, and Toxic Doses + 「Detail: Allium spp.」 절",2026-08-01,"Nagy AL et al., Toxins 2023, 15(7):442",ohb,"원문 '5 g/kg garlic', species affected 'Dog, cat' — 개·고양이 공통 값이라 한 행(mammal)으로 두었다. 학명은 원문 표기 'Allium sativa' 를 그대로 옮겼다 — 통용 학명은 Allium sativum 이며 원문 오식으로 보이나 지침대로 고치지 않았다. 검수 필요."
F-098-004,S-098,"Toxins (MDPI), 2023, 15(7):442",toxicity_plant,mammal,안스리움,Anthurium spp.,전체,역치 없음,,,,,,,,불용성 수산칼슘에 의한 구강·점막 자극,구강 자극|점막 부종|유연(침흘림)|구역질|구토|삼킴 곤란|얼굴을 앞발로 긁음|머리 흔들기,,,,"Summary Table: Toxic Plants, Toxins, Species, and Toxic Doses + 「Detail: Anthurium spp.」 절",2026-08-01,"Nagy AL et al., Toxins 2023, 15(7):442",ohb,"원문 'Irritant regardless of amount chewed' — 양과 무관하게 자극성이라 threshold_type=역치 없음, dose 는 없다. 원문 'All parts toxic, mild-moderate toxicity'. 국내 관엽식물로 흔히 유통된다(S-008 F-008-028 Anthurium scherzeranum 과 같은 속)."
F-098-005,S-098,"Toxins (MDPI), 2023, 15(7):442",toxicity_plant,dog,아룸 이탈리쿰,Arum italicum,,역치 없음,,,,,,,,사포닌(arin)·코니인 유사 알칼로이드·수산칼슘 침상결정·시안배당체에 의한 자극과 중독,,,,,"Summary Table: Toxic Plants, Toxins, Species, and Toxic Doses + 「Detail: Arum italicum」 절",2026-08-01,"Nagy AL et al., Toxins 2023, 15(7):442",ohb,⚠️국내 분포 확인 필요 — 유럽(지중해권) 자생종이며 원문도 이탈리아 증례(2021년 개 2건)로 보고한다. 국내 자생·유통 여부가 확인되지 않아 국내 질의 적합성은 팀장 판단이 필요하다. 한국어 통용명이 없어 학명 음을 그대로 옮겼다(영문 통용명 Italian lords-and-ladies). 원문 'Irritant regardless of amount' → 역치 없음. 'Reportedly unpalatable to most mammals; limited toxicity data' — 독성 자료가 제한적이라고 원문이 명시. 증상 기술은 없어 signs 를 비웠다.
F-098-006,S-098,"Toxins (MDPI), 2023, 15(7):442",toxicity_plant,dog,소철(사고팜),Cycas revoluta,씨앗,임상징후 발현,2,seeds,,,,,,아족시글리코사이드(cycasin·neocycasin) 등에 의한 간 손상·간부전,체온 이상|식욕부진|기력 저하|과다 유연(침흘림)|구토|토혈|역류|복통|설사|변비|흑색변|떨림|무력감|발작|혼수|황달|점상출혈,4-24시간,,,"Summary Table: Toxic Plants, Toxins, Species, and Toxic Doses + 「Detail: Cycas revoluta」 절",2026-08-01,"Nagy AL et al., Toxins 2023, 15(7):442",ohb,원문 'As few as 2 seeds can cause signs in dogs' → threshold_type=임상징후 발현. ⚠️단위 주의 — 체중당 값이 아니라 **씨앗 개수**다(원문 표기 seeds 그대로). 검사기가 드문 단위로 WARN 을 낼 수 있으나 환산하지 않았다. 원문 'mortality up to 67% in dogs' — 치사율이지 치사량이 아니어서 dose 에 넣지 않았다. 고양이는 드물게(rare) 영향받는다고만 해 cat 행은 만들지 않았다. 간 손상 지표는 72시간 이내 나타나며 ALT 상승·혈소판감소가 높은 사망률과 연관된다고 원문이 적는다. 국내 관엽·조경으로 유통된다(S-008 F-008-053 / S-019 F-019-001 과 동일 종).
F-098-007,S-098,"Toxins (MDPI), 2023, 15(7):442",toxicity_plant,dog,란타나,Lantana camara,,임상징후 발현,≥1,%,,체중 대비,,,,펜타사이클릭 트리테르페노이드에 의한 간독성 — 폐쇄성 담관염·지방간·담즙 정체,식욕부진|무력감|기력 저하|변비|흑색변|황달|빌리루빈 상승|ALT 상승|GGT 상승|ALP 상승,섭취 후 수 시간,,,"Summary Table: Toxic Plants, Toxins, Species, and Toxic Doses + 「Detail: Lantana camara」 절",2026-08-01,"Nagy AL et al., Toxins 2023, 15(7):442",ohb,"원문 'Varies by cultivar; ≥1% of body weight is toxic' → 'is toxic' 이므로 임상징후 발현. 품종(cultivar)에 따라 다르다고 원문이 단서를 단다. 48-72시간에 흑색변·황달·간효소 상승이 나타나고, 치료하지 않으면 1-3주 내 사망, 치사량 섭취 시 2-4일 내 사망이라고 원문이 적는다 — 다만 'Dogs usually don't ingest a fatal dose'(개가 치사량을 먹는 일은 대개 없다) 도 함께 명시한다. 원문은 개·고양이·말·반추류 모두에 독성이라 하나 표의 species 는 Dog 이라 dog 으로 두었다. 국내에서 화단·실내 원예종으로 유통된다."
F-098-008,S-098,"Toxins (MDPI), 2023, 15(7):442",toxicity_plant,cat,백합,Lilium spp.,잎|꽃,임상징후 발현,1-2,leaves,,,,,,"급성 신부전(신독성), 일부에서 췌장 변성·췌장염",식욕부진|구토|다음|침울|다뇨 후 무뇨|BUN 상승|크레아티닌 상승|인 상승|칼륨 상승|단백뇨|당뇨|요독성 발작,12-72시간,,,"Summary Table: Toxic Plants, Toxins, Species, and Toxic Doses + 「Detail: Lilium spp.」 절",2026-08-01,"Nagy AL et al., Toxins 2023, 15(7):442",ohb,"원문 'One or two leaves or one flower can cause toxicosis in cats' → 임상징후 발현. ⚠️단위 주의 — 체중당이 아니라 **잎 개수**다(원문 표기 leaves 그대로). 꽃은 1송이 기준이라고 원문이 병기한다. 무뇨 상태로 치료하지 않으면 3-7일 내 사망. 원추리(Hemerocallis, 데이릴리)도 고양이에 같은 신독성이라고 원문이 명시한다 — S-008 F-008-006·007 과 대조할 것. 이탈리아 밀라노 PCC 자료에서 가장 자주 보고되는 식물 중 하나."
F-098-009,S-098,"Toxins (MDPI), 2023, 15(7):442",toxicity_plant,dog,백합,Lilium spp.,,,,,,,,,,경도 위장관 증상(신독성 없음),,,,,"Summary Table: Toxic Plants, Toxins, Species, and Toxic Doses + 「Detail: Lilium spp.」 절",2026-08-01,"Nagy AL et al., Toxins 2023, 15(7):442",ohb,★중요 — 원문 'Dogs do NOT develop nephrotoxic signs (only mild GI at large doses)'. 개는 신독성이 없고 다량에서 경도 위장관 증상만 나타난다. 고양이 행(F-098-008)과 반드시 함께 볼 것 — '백합=신부전'을 종 구분 없이 답하면 과잉 경보가 된다. 'large doses' 의 수치는 원문에 없다. S-096 F-096-011(AFCD 개 자료)도 같은 방향으로 기술한다.
F-098-010,S-098,"Toxins (MDPI), 2023, 15(7):442",toxicity_plant,dog,멀구슬나무,Melia azedarach,열매(핵과)|수피,증례 보고 범위,5-6,drupes,,,,,,멜리아톡신(meliatoxin A1·A2·B1·B2) 에 의한 위장관·신경 독성,식욕부진|구토|혈성 설사|산통|운동실조|흥분|발작|침울|부전마비|혼수|호흡부전,1-2시간,,,"Summary Table: Toxic Plants, Toxins, Species, and Toxic Doses + 「Detail: Melia azedarach」 절",2026-08-01,"Nagy AL et al., Toxins 2023, 15(7):442",ohb,"⚠️ 검수 확정 — 원문이 ""Toxic dose not clearly established"" 라고 **명시**한다. ""small dog can die from 5-6 drupes"" 는 증례 서술이다. '치사' 에서 내렸다. 소형견 기준이라는 조건도 붙는다. | 원문 'Toxic dose not clearly established; 5-6 drupes can kill a small dog' — 치사 사례 기준이라 threshold_type=치사로 두었으나 원문 스스로 '명확히 확립되지 않았다'고 단서를 단다. ⚠️단위 주의 — **핵과(drupe) 개수**이며 체중당 값이 아니다. '소형견' 기준이라는 조건도 붙는다. 가을·겨울(열매 성숙기)에 중독이 몰린다고 원문이 적는다. 국내 남부지방에 식재·자생하는 나무다 — 국내 적용 가능성이 있어 팀장 검토 대상."
F-098-011,S-098,"Toxins (MDPI), 2023, 15(7):442",toxicity_plant,mammal,남천(HCN 기준),Nandina domestica,잎|덜 익은 열매,기타,2-2.5,mg/kg,,,,,,시안배당체에서 생성된 시안화수소(HCN)가 시토크롬 산화효소를 차단해 세포 저산소증 유발,암적색·체리색 점막|구토|복통|운동실조|무력감|체온 상승|빈맥|고혈압|호흡부전|발작|쇼크,,,,"Summary Table: Toxic Plants, Toxins, Species, and Toxic Doses + 「Detail: Nandina domestica」 절",2026-08-01,"Nagy AL et al., Toxins 2023, 15(7):442",ohb,"⚠️ 검수 확정(2026-08-01) — 이 수치는 **시안화수소(HCN) 기준 치사량**이지 식물 자체의 체중당 섭취량이 아니다. 원문 ""Lethal HCN dose: 2-2.5 mg/kg body weight (most species)"". 식물 내 HCN 함량을 모르면 섭취량으로 환산할 수 없다. 규칙 테이블 편입을 막기 위해 threshold_type 을 '기타' 로 내렸다. | ⚠️수치 해석 주의 — 원문 'Lethal HCN dose 2-2.5 mg/kg' 은 **식물 자체가 아니라 시안화수소(HCN) 기준** 치사량이며 '대부분의 종(most species)' 값이다. 남천 몇 g 에 해당하는지는 원문에 없다. 문장화 시 'HCN 기준' 을 반드시 붙여야 한다 — 그냥 '남천 2 mg/kg' 으로 나가면 원문에 없는 주장이 된다. 잎은 연중 강한 시안 생성능, 덜 익은 열매는 강하고 익은 열매는 약하다고 원문이 구분한다. 국내 조경수로 흔하다(S-008 F-008-058 / S-019 F-019-058 과 동일 종)."
F-098-012,S-098,"Toxins (MDPI), 2023, 15(7):442",toxicity_plant,cat,남천(베르베린),Nandina domestica,,기타,100,mg/kg,,,,,,베르베린의 항콜린에스테라제 작용,,,,,「Detail: Nandina domestica」 절,2026-08-01,"Nagy AL et al., Toxins 2023, 15(7):442",ohb,"⚠️ 검수 확정 — **8~10일 반복 투여** 실험값이다. 단회 섭취 역치가 아니다. 원문 ""caused death in all cats given 100mg/kg for 8-10 days repeatedly"". | 원문 'contains berberine (anticholinesterase activity) - caused death in all cats given 100mg/kg for 8-10 days repeatedly' → 치사. ⚠️**8-10일 반복 투여** 조건이 붙은 실험적 값이며 단회 섭취 임계치가 아니다. 문장화 시 이 조건을 빠뜨리면 안 된다. 시안배당체 기준 행(F-098-011)과 성분이 달라 행을 나눴다."
F-098-013,S-098,"Toxins (MDPI), 2023, 15(7):442",toxicity_plant,dog,아보카도,Persea americana,과육|잎|씨,,,,,,,,,"페르신에 의한 경도 위장관 증상, 씨에 의한 이물 폐색 위험",식욕부진|구토|설사|복부 팽만,,,,"Summary Table: Toxic Plants, Toxins, Species, and Toxic Doses + 「Detail: Persea americana」 절",2026-08-01,"Nagy AL et al., Toxins 2023, 15(7):442",ohb,"원문 'Toxic dose not established in dogs' — 수치가 없어 dose·threshold_type 을 비웠다. 개·고양이는 심하게 영향받는 일이 드물다(rarely severely affected)고 원문이 적는다 — S-005(Lafeber, 조류 아보카도 NEVER·심근 괴사)와 위험도가 크게 다르므로 종 구분 없이 합치면 안 된다. 다량 섭취 시 췌장염·호흡곤란·심낭수종·사망(드묾) 가능, 개 2례에서 조직병리상 심근 손상 보고. 이탈리아에서 고양이 증례도 1건 보고됐으나 표의 species 는 Dog 이라 dog 으로 두었다."
F-098-014,S-098,"Toxins (MDPI), 2023, 15(7):442",toxicity_plant,dog,"서양월계귀룽나무(체리로렐, HCN 기준)",Prunus laurocerasus,잎,기타,2-2.5,mg/kg,,,,,,시안배당체(prunasin·sambunigrin·amygdalin)에서 생성된 HCN이 시토크롬 C 산화효소를 억제해 세포 저산소증 유발,구토|설사|복통|변비|위장관 폐색|떨림|전율|과흥분|경련|호흡곤란|부정맥|입에서 거품|과다 유연(침흘림),,,,"Summary Table: Toxic Plants, Toxins, Species, and Toxic Doses + 「Detail: Prunus laurocerasus」 절",2026-08-01,"Nagy AL et al., Toxins 2023, 15(7):442",ohb,"⚠️ 검수 확정(2026-08-01) — 이 수치는 **시안화수소(HCN) 기준 치사량**이지 식물 자체의 체중당 섭취량이 아니다. 원문 ""Lethal HCN dose: 2-2.5 mg/kg body weight (most species)"". 식물 내 HCN 함량을 모르면 섭취량으로 환산할 수 없다. 규칙 테이블 편입을 막기 위해 threshold_type 을 '기타' 로 내렸다. | ⚠️수치 해석 주의 — 'lethal HCN 2-2.5 mg/kg' 은 **시안화수소 기준** 치사량이지 잎 무게가 아니다. 원문의 '<450g wilting leaves can be fatal' 은 **염소(goat)** 기준이라 dose 에 넣지 않았다 — 반추위 가수분해 때문에 염소가 가장 취약하다고 원문이 설명한다. 단, 단위 산성 위를 가진 개·고양이에서도 증례가 보고된다고 명시해 dog 행을 만들었다. ⚠️국내 분포 확인 필요 — 유럽 원예 관목이며 국내 유통 여부는 미확인. 한국어명은 학명(Prunus laurocerasus)을 앵커로 옮겼다."
F-098-015,S-098,"Toxins (MDPI), 2023, 15(7):442",toxicity_plant,dog,스파티필럼(피스 릴리),Spathiphyllum spp.,,역치 없음,,,,,,,,불용성 수산칼슘 침상결정에 의한 기계적 구강 자극,입술·혀·구강 점막 부종|작열감|구토|유연(침흘림)|삼킴 곤란|결막염(눈 접촉)|피부 자극(피부 접촉),,,,"Summary Table: Toxic Plants, Toxins, Species, and Toxic Doses + 「Detail: Spathiphyllum spp.」 절",2026-08-01,"Nagy AL et al., Toxins 2023, 15(7):442",ohb,원문 'Irritant regardless of amount' → 역치 없음. 중증에서는 인두·식도·위까지 침범하고 드물게 기도 폐색·사망이 가능하다고 원문이 적는다. 이름에 'lily' 가 들어가지만 진성 백합이 아니다 — 고양이 신독성과 혼동하지 말 것. 국내 관엽으로 흔하다(S-008 F-008-008 / S-019 F-019-007 과 동일 속).
F-098-016,S-098,"Toxins (MDPI), 2023, 15(7):442",toxicity_plant,mammal,칼라(카라·칼라 릴리),Zantedeschia aethiopica,,역치 없음,,,,,,,,수산칼슘 침상결정과 단백질 분해효소(히스타민 유리)에 의한 자극 — 신독성은 없다,구강 발적·부종|과다 유연(침흘림)|식욕부진|기력 저하|구토|설사|복통|피부염(피부 접촉),2시간 이내,,,"Summary Table: Toxic Plants, Toxins, Species, and Toxic Doses + 「Detail: Zantedeschia aethiopica」 절",2026-08-01,"Nagy AL et al., Toxins 2023, 15(7):442",ohb,"★중요 — 원문 'NOT nephrotoxic (unlike true lilies)'. 이름 때문에 진성 백합(Lilium)과 묶여 고양이 급성 신부전으로 오답이 나기 쉬운 항목이다. 다만 원문은 이 식물의 고양이 감수성에 대해 'literature has conflicting claims'(문헌 간 주장이 엇갈린다) 고 덧붙인다 — 단정하지 말 것. 표의 species 는 'Dog, cat (any species possible)' 이라 mammal 로 두었다. S-008 F-008-010 / S-019 F-019-009 와 동일 종."
F-100-001,S-100,Cornell University College of Veterinary Medicine,toxicity_plant,dog,수선화,,꽃|잎|구근,,,,,,,,,"위장관 자극, 중증 시 심장 부정맥·호흡기 이상",복통|구토|설사|심장 부정맥|호흡기 이상,,,,「Garden issues — Yard plants to avoid」 절 — 「Daffodils」,2026-08-01,,ohb,"★이 자료 전체 공통 메모(대표 행): ① 스냅샷이 1,444B 로 짧고(배정표 품질 '부분') 5종만 다뤄 6행만 나왔다. ② 학명이 전혀 없어 scientific_name 을 전 행 비웠다. ③ 용량·발현 시각 기술이 없어 dose·onset 도 전 행 비웠다. ④ 원문 말미에 24/7 응급 핫라인(Pet Poison Helpline 855-764-7661, ASPCA APCC 888-426-4435)이 있으나 '전화하라' 같은 행동 지시 문장이 없고 미국 번호라 triage_level 을 비우고 행도 만들지 않았다 — 팀장 판단 필요. ★이 항목 원문 'Bulbs planted with bone meal will attract dogs'(골분과 함께 심은 구근은 개를 유인한다) — 노출 경로 정보라 signs 가 아니라 note 에 남긴다. AFCD 개 자료(S-096 F-096-003)는 가장 독성이 강한 부위를 '꽃봉오리'로, 이 자료는 구근을 포함한 세 부위로 적어 부위 기술이 다르다."
F-100-002,S-100,Cornell University College of Veterinary Medicine,toxicity_plant,dog,은방울꽃,,,,,,,,,,,심장 독성,심장 부정맥|서맥|발작,,,,「Garden issues — Yard plants to avoid」 절 — 「Lily of the valley」,2026-08-01,,ohb,"원문에 학명 없음 — S-008 F-008-009 / S-019 F-019-008 의 Convallaria majalis, S-097 F-097-022(スズラン)와 같은 대상으로 보인다. 이름에 'lily' 가 들어가지만 진성 백합이 아니다."
F-100-003,S-100,Cornell University College of Veterinary Medicine,toxicity_plant,dog,튤립,,구근,,,,,,,,,"위장관 자극, 다량 섭취 시 심박수 증가",유연(침흘림)|구토|심박수 증가,,,,「Garden issues — Yard plants to avoid」 절 — 「Tulips and hyacinths」,2026-08-01,,ohb,"원문은 튤립과 히아신스를 한 항목으로 묶었으나 서로 다른 식물이라 두 행으로 나눴다(F-100-003·F-100-004) — 값은 동일하다. 원문 'The bulbs are toxic' · 'If dogs eat too many, they may show an increase in heart rate' — '너무 많이' 의 수치는 없다."
F-100-004,S-100,Cornell University College of Veterinary Medicine,toxicity_plant,dog,히아신스,,구근,,,,,,,,,"위장관 자극, 다량 섭취 시 심박수 증가",유연(침흘림)|구토|심박수 증가,,,,「Garden issues — Yard plants to avoid」 절 — 「Tulips and hyacinths」,2026-08-01,,ohb,"원문이 튤립과 묶어 서술한 항목을 종별로 나눈 행이다(F-100-003 참조). S-008 F-008-041 / S-019 F-019-041 의 Hyacinthus orientalis, S-095 F-095-009(風信子)와 같은 대상."
F-100-005,S-100,Cornell University College of Veterinary Medicine,toxicity_plant,dog,협죽도,,잎|꽃|가지,,,,,,,,,"심박수 감소, 치명적일 수 있음",심박수 감소,,,,「Garden issues — Yard plants to avoid」 절 — 「Oleander」,2026-08-01,,ohb,"원문 'may suffer from a decreased heart rate, which can be fatal' — 치명적일 수 있다고 하나 치사량 수치는 없다. 학명 없음(S-008 F-008-051 / S-019 F-019-051 은 Nerium oleander)."
F-100-006,S-100,Cornell University College of Veterinary Medicine,toxicity_plant,dog,진달래·철쭉류(아잘레아),,잎,,,,,,,,,위장관 증상에서 시작해 치료하지 않으면 혼수·사망,위장관 증상|혼수,,,,「Garden issues — Yard plants to avoid」 절 — 「Azaleas」,2026-08-01,,ohb,원문 'These can be fatal if your dog even chews on leaves' — 잎을 씹기만 해도 치명적일 수 있다고 하나 수치는 없다. '초기 위장관 증상을 인지하라(Be aware of initial gastrointestinal signs)' 는 관찰 권고에 가깝지만 수의 진료를 지시하는 문장이 아니어서 triage_level 을 비웠다 — MONITOR 를 붙이려면 escalation_conditions 가 필요한데 원문에 악화 조건 기술이 없다. AFCD 자료(S-095 F-095-004 · S-096 F-096-005)와 같은 대상.
